28/03/2020 10:31:27 -  ERRO -XML_ODS_NET Command1_Click- ERRO - Exchange -  Object reference not set to an instance of an object.
Enviado aos emails: br.sao.sistemas@bdpint.com
28/03/2020 10:36:55 -  ERRO -XML_ODS_NET Command1_Click- ERRO - Exchange -  Object reference not set to an instance of an object.
Enviado aos emails: br.sao.sistemas@bdpint.com
28/03/2020 10:46:24 - Inserir Historico IMCSR202003156BR
28/03/2020 10:46:25 - Insert with success IMCSR202003156BR
28/03/2020 10:47:20 - Inserir Historico EMOXT202001084BR
28/03/2020 10:47:20 - Insert with success EMOXT202001084BR
28/03/2020 10:47:25 - Inserir Historico IMCTV202001009BR
28/03/2020 10:47:26 - Insert with success IMCTV202001009BR
28/03/2020 10:47:26 - Inserir Historico IMSWB201912123BR
28/03/2020 10:47:26 - Insert with success IMSWB201912123BR
28/03/2020 10:47:26 - Inserir Historico IACTV202002011BR
28/03/2020 10:47:27 - Insert with success IACTV202002011BR
28/03/2020 10:47:27 - Inserir Historico IMIFB202001023BR
28/03/2020 10:47:27 - Insert with success IMIFB202001023BR
28/03/2020 10:47:27 - Inserir Historico IAOXT202003005BR
28/03/2020 10:47:28 - Insert with success IAOXT202003005BR
28/03/2020 10:47:28 - Inserir Historico EOOXT202003004BR
28/03/2020 10:47:28 - Insert with success EOOXT202003004BR
28/03/2020 10:47:29 - Inserir Historico IMSOL202003110BR
28/03/2020 10:47:29 - Insert with success IMSOL202003110BR
28/03/2020 10:47:29 - Inserir Historico IMSWB202002006BR
28/03/2020 10:47:29 - Insert with success IMSWB202002006BR
28/03/2020 10:47:29 - Inserir Historico IMIFB202001056BR
28/03/2020 10:47:30 - Insert with success IMIFB202001056BR
28/03/2020 10:47:30 - Inserir Historico IACSR202003014BR
28/03/2020 10:47:30 - Insert with success IACSR202003014BR
28/03/2020 10:47:31 - Inserir Historico EMCSR201912084BR
28/03/2020 10:47:31 - Insert with success EMCSR201912084BR
28/03/2020 10:47:31 - Inserir Historico IMSWB202002107BR
28/03/2020 10:47:31 - Insert with success IMSWB202002107BR
28/03/2020 10:47:32 - Inserir Historico IAOXT202003002BR
28/03/2020 10:47:32 - Insert with success IAOXT202003002BR
28/03/2020 10:47:32 - Inserir Historico IAOXT201904004BR
28/03/2020 10:47:33 - Insert with success IAOXT201904004BR
28/03/2020 10:47:33 - Inserir Historico EMCSR202001081BR
28/03/2020 10:47:33 - Insert with success EMCSR202001081BR
28/03/2020 10:47:33 - Inserir Historico EMCSR202003007BR
28/03/2020 10:47:34 - Insert with success EMCSR202003007BR
28/03/2020 10:47:34 - Inserir Historico IMEXO202001037BR
28/03/2020 10:47:34 - Insert with success IMEXO202001037BR
28/03/2020 10:47:34 - Inserir Historico IMSLA202003021BR
28/03/2020 10:47:35 - Insert with success IMSLA202003021BR
28/03/2020 10:47:35 - Inserir Historico IACTV202003001BR
28/03/2020 10:47:35 - Insert with success IACTV202003001BR
28/03/2020 10:47:36 - Inserir Historico IMATL202003021BR
28/03/2020 10:47:36 - Insert with success IMATL202003021BR
28/03/2020 10:47:36 - Inserir Historico IMATL202003019BR
28/03/2020 10:47:37 - Insert with success IMATL202003019BR
28/03/2020 10:47:37 - Inserir Historico IMATL202003018BR
28/03/2020 10:47:37 - Insert with success IMATL202003018BR
28/03/2020 10:47:38 - Inserir Historico IMATL202003017BR
28/03/2020 10:47:38 - Insert with success IMATL202003017BR
28/03/2020 10:47:38 - Inserir Historico IMATL202002063BR
28/03/2020 10:47:38 - Insert with success IMATL202002063BR
28/03/2020 10:47:38 - Inserir Historico IMATL202003049BR
28/03/2020 10:47:39 - Insert with success IMATL202003049BR
28/03/2020 10:47:39 - Inserir Historico IMATL202003050BR
28/03/2020 10:47:39 - Insert with success IMATL202003050BR
28/03/2020 10:47:40 - Inserir Historico IMATL202003056BR
28/03/2020 10:47:40 - Insert with success IMATL202003056BR
28/03/2020 10:47:40 - Inserir Historico EMCSR202001004BR
28/03/2020 10:47:41 - Insert with success EMCSR202001004BR
28/03/2020 10:47:41 - Inserir Historico IMATL202003058BR
28/03/2020 10:47:41 - Insert with success IMATL202003058BR
28/03/2020 10:47:41 - Inserir Historico IMATL202003059BR
28/03/2020 10:47:42 - Insert with success IMATL202003059BR
28/03/2020 10:47:42 - Inserir Historico IMSUN202002011BR
28/03/2020 10:47:42 - Insert with success IMSUN202002011BR
28/03/2020 10:47:42 - Inserir Historico IMEVO202003007BR
28/03/2020 10:47:42 - Insert with success IMEVO202003007BR
28/03/2020 10:47:43 - Inserir Historico IMEVO202003008BR
28/03/2020 10:47:43 - Insert with success IMEVO202003008BR
28/03/2020 10:47:43 - Inserir Historico IMEVO202003004BR
28/03/2020 10:47:43 - Insert with success IMEVO202003004BR
28/03/2020 10:47:43 - Inserir Historico IMEVO202003005BR
28/03/2020 10:47:44 - Insert with success IMEVO202003005BR
28/03/2020 10:47:44 - Inserir Historico IMEVO202003006BR
28/03/2020 10:47:44 - Insert with success IMEVO202003006BR
28/03/2020 10:47:45 - Inserir Historico IMATL202003048BR
28/03/2020 10:47:45 - Insert with success IMATL202003048BR
28/03/2020 10:47:45 - Inserir Historico IMATL202003007BR
28/03/2020 10:47:45 - Insert with success IMATL202003007BR
28/03/2020 10:47:46 - Inserir Historico IMATL202003005BR
28/03/2020 10:47:46 - Insert with success IMATL202003005BR
28/03/2020 10:47:46 - Inserir Historico IMATL202003038BR
28/03/2020 10:47:46 - Insert with success IMATL202003038BR
28/03/2020 10:47:47 - Inserir Historico IMATL202003039BR
28/03/2020 10:47:47 - Insert with success IMATL202003039BR
28/03/2020 10:47:47 - Inserir Historico IMSOL202003111BR
28/03/2020 10:47:47 - Insert with success IMSOL202003111BR
28/03/2020 10:47:48 - Inserir Historico IMATL202003046BR
28/03/2020 10:47:48 - Insert with success IMATL202003046BR
28/03/2020 10:47:48 - Inserir Historico EMCSR202003008BR
28/03/2020 10:47:48 - Insert with success EMCSR202003008BR
28/03/2020 10:47:49 - Inserir Historico IMLYB202002010BR
28/03/2020 10:47:49 - Insert with success IMLYB202002010BR
28/03/2020 10:47:49 - Inserir Historico IMSWB202002007BR
28/03/2020 10:47:49 - Insert with success IMSWB202002007BR
28/03/2020 10:47:50 - Inserir Historico EMCSR202001072BR
28/03/2020 10:47:50 - Insert with success EMCSR202001072BR
28/03/2020 10:47:50 - Inserir Historico IAOXT202001002BR
28/03/2020 10:47:50 - Insert with success IAOXT202001002BR
28/03/2020 10:47:51 - Inserir Historico EMCSR202002035BR
28/03/2020 10:47:51 - Insert with success EMCSR202002035BR
28/03/2020 10:47:51 - Inserir Historico EMCSR202002036BR
28/03/2020 10:47:51 - Insert with success EMCSR202002036BR
28/03/2020 10:47:52 - Inserir Historico IMSOL202001013BR
28/03/2020 10:47:52 - Insert with success IMSOL202001013BR
28/03/2020 10:47:52 - Inserir Historico EMCSR201910061BR
28/03/2020 10:47:52 - Insert with success EMCSR201910061BR
28/03/2020 10:47:52 - Inserir Historico EMCSR201911085BR
28/03/2020 10:47:53 - Insert with success EMCSR201911085BR
28/03/2020 10:47:53 - Inserir Historico EMCSR202001028BR
28/03/2020 10:47:53 - Insert with success EMCSR202001028BR
28/03/2020 10:47:53 - Inserir Historico EMCSR202001025BR
28/03/2020 10:47:53 - Insert with success EMCSR202001025BR
28/03/2020 10:47:54 - Inserir Historico EMBCB202001002BR
28/03/2020 10:47:54 - Insert with success EMBCB202001002BR
28/03/2020 10:47:54 - Inserir Historico EMCSR201911086BR
28/03/2020 10:47:54 - Insert with success EMCSR201911086BR
28/03/2020 10:47:54 - Inserir Historico EMCSR202001014BR
28/03/2020 10:47:55 - Insert with success EMCSR202001014BR
28/03/2020 10:47:55 - Inserir Historico EOOXT202002006BR
28/03/2020 10:47:55 - Insert with success EOOXT202002006BR
28/03/2020 10:47:55 - Inserir Historico EMCSR202001043BR
28/03/2020 10:47:56 - Insert with success EMCSR202001043BR
28/03/2020 10:47:56 - Inserir Historico EMCSR202001034BR
28/03/2020 10:47:56 - Insert with success EMCSR202001034BR
28/03/2020 10:47:56 - Inserir Historico EMCSR201912094BR
28/03/2020 10:47:57 - Insert with success EMCSR201912094BR
28/03/2020 10:47:57 - Inserir Historico EMCSR201911075BR
28/03/2020 10:47:57 - Insert with success EMCSR201911075BR
28/03/2020 10:47:57 - Inserir Historico EMCSR201907123BR
28/03/2020 10:47:58 - Insert with success EMCSR201907123BR
28/03/2020 10:47:58 - Inserir Historico IMSWB202003085BR
28/03/2020 10:47:58 - Insert with success IMSWB202003085BR
28/03/2020 10:47:59 - Inserir Historico EMCSR202001032BR
28/03/2020 10:47:59 - Insert with success EMCSR202001032BR
28/03/2020 10:47:59 - Inserir Historico IMEXO202002025BR
28/03/2020 10:48:00 - Insert with success IMEXO202002025BR
28/03/2020 10:48:00 - Inserir Historico IMCSR202003077BR
28/03/2020 10:48:00 - Insert with success IMCSR202003077BR
28/03/2020 10:48:01 - Inserir Historico IMCSR202003046BR
28/03/2020 10:48:01 - Insert with success IMCSR202003046BR
28/03/2020 10:48:01 - Inserir Historico EMCSR202001096BR
28/03/2020 10:48:02 - Insert with success EMCSR202001096BR
28/03/2020 10:48:02 - Inserir Historico IMCSR202003097BR
28/03/2020 10:48:02 - Insert with success IMCSR202003097BR
28/03/2020 10:48:02 - Inserir Historico IMCSR202003143BR
28/03/2020 10:48:03 - Insert with success IMCSR202003143BR
28/03/2020 10:48:03 - Inserir Historico IMCSR202003093BR
28/03/2020 10:48:04 - Insert with success IMCSR202003093BR
28/03/2020 10:48:04 - Inserir Historico IMCSR202002441BR
28/03/2020 10:48:04 - Insert with success IMCSR202002441BR
28/03/2020 10:48:05 - Inserir Historico IMCSR202003094BR
28/03/2020 10:48:05 - Insert with success IMCSR202003094BR
28/03/2020 10:48:05 - Inserir Historico IMCSR202003047BR
28/03/2020 10:48:05 - Insert with success IMCSR202003047BR
28/03/2020 10:48:05 - Inserir Historico IAOXT202002003BR
28/03/2020 10:48:06 - Insert with success IAOXT202002003BR
28/03/2020 10:48:06 - Inserir Historico IMCSR202003058BR
28/03/2020 10:48:06 - Insert with success IMCSR202003058BR
28/03/2020 10:48:06 - Inserir Historico EMCSR202001009BR
28/03/2020 10:48:07 - Insert with success EMCSR202001009BR
28/03/2020 10:48:07 - Inserir Historico IMCSR202001657BR
28/03/2020 10:48:07 - Insert with success IMCSR202001657BR
28/03/2020 10:48:07 - Inserir Historico EMCSR202002014BR
28/03/2020 10:48:08 - Insert with success EMCSR202002014BR
28/03/2020 10:48:08 - Inserir Historico IMCSR202003075BR
28/03/2020 10:48:08 - Insert with success IMCSR202003075BR
28/03/2020 10:48:08 - Inserir Historico IMCSR202003072BR
28/03/2020 10:48:08 - Insert with success IMCSR202003072BR
28/03/2020 10:48:09 - Inserir Historico EMCSR202001121BR
28/03/2020 10:48:09 - Insert with success EMCSR202001121BR
28/03/2020 10:48:09 - Inserir Historico IMIFB202001020BR
28/03/2020 10:48:09 - Insert with success IMIFB202001020BR
28/03/2020 10:48:10 - Inserir Historico EAATL202002004BR
28/03/2020 10:48:10 - Insert with success EAATL202002004BR
28/03/2020 10:48:10 - Inserir Historico IMCSR202003116BR
28/03/2020 10:48:10 - Insert with success IMCSR202003116BR
28/03/2020 10:48:11 - Inserir Historico EMOXT202002173BR
28/03/2020 10:48:11 - Insert with success EMOXT202002173BR
28/03/2020 10:48:11 - Inserir Historico IMIFB202001010BR
28/03/2020 10:48:12 - Insert with success IMIFB202001010BR
28/03/2020 10:48:12 - Inserir Historico IMSOL202003112BR
28/03/2020 10:48:12 - Insert with success IMSOL202003112BR
28/03/2020 10:48:13 - Inserir Historico IMCSR202001041BR
28/03/2020 10:48:13 - Insert with success IMCSR202001041BR
28/03/2020 10:48:13 - Inserir Historico IMEXO202003010BR
28/03/2020 10:48:14 - Insert with success IMEXO202003010BR
28/03/2020 10:48:14 - Inserir Historico EMATL202003026BR
28/03/2020 10:48:15 - Insert with success EMATL202003026BR
28/03/2020 10:48:15 - Inserir Historico IMIFB202001011BR
28/03/2020 10:48:15 - Insert with success IMIFB202001011BR
28/03/2020 10:48:15 - Inserir Historico IMEXO202002029BR
28/03/2020 10:48:16 - Insert with success IMEXO202002029BR
28/03/2020 10:48:16 - Inserir Historico IMCSR201905201BR
28/03/2020 10:48:16 - Insert with success IMCSR201905201BR
28/03/2020 10:48:16 - Inserir Historico EMOXT202002169BR
28/03/2020 10:48:17 - Insert with success EMOXT202002169BR
28/03/2020 10:48:17 - Inserir Historico EMOXT202003082BR
28/03/2020 10:48:17 - Insert with success EMOXT202003082BR
28/03/2020 10:48:17 - Inserir Historico EMOXT202002170BR
28/03/2020 10:48:17 - Insert with success EMOXT202002170BR
28/03/2020 10:48:17 - Inserir Historico EMOXT202002111BR
28/03/2020 10:48:18 - Insert with success EMOXT202002111BR
28/03/2020 10:48:18 - Inserir Historico IMCSR202002445BR
28/03/2020 10:48:18 - Insert with success IMCSR202002445BR
28/03/2020 10:48:18 - Inserir Historico IMCSR202002442BR
28/03/2020 10:48:19 - Insert with success IMCSR202002442BR
28/03/2020 10:48:19 - Inserir Historico IMCSR202003102BR
28/03/2020 10:48:19 - Insert with success IMCSR202003102BR
28/03/2020 10:48:19 - Inserir Historico IMCSR202001537BR
28/03/2020 10:48:20 - Insert with success IMCSR202001537BR
28/03/2020 10:48:20 - Inserir Historico IMCSR202003081BR
28/03/2020 10:48:20 - Insert with success IMCSR202003081BR
28/03/2020 10:48:21 - Inserir Historico IMCSR202003095BR
28/03/2020 10:48:21 - Insert with success IMCSR202003095BR
28/03/2020 10:48:21 - Inserir Historico IMCSR202003080BR
28/03/2020 10:48:21 - Insert with success IMCSR202003080BR
28/03/2020 10:48:21 - Inserir Historico IMCSR202003057BR
28/03/2020 10:48:22 - Insert with success IMCSR202003057BR
28/03/2020 10:48:22 - Inserir Historico IMLYB202002011BR
28/03/2020 10:48:22 - Insert with success IMLYB202002011BR
28/03/2020 10:48:22 - Inserir Historico IMSWB202003077BR
28/03/2020 10:48:23 - Insert with success IMSWB202003077BR
28/03/2020 10:48:23 - Inserir Historico EMCSR202003089BR
28/03/2020 10:48:23 - Insert with success EMCSR202003089BR
28/03/2020 10:48:23 - Inserir Historico IASWB202003013BR
28/03/2020 10:48:24 - Insert with success IASWB202003013BR
28/03/2020 10:48:24 - Inserir Historico IMLYB202002004BR
28/03/2020 10:48:24 - Insert with success IMLYB202002004BR
28/03/2020 10:48:25 - Inserir Historico EMCSR202002110BR
28/03/2020 10:48:25 - Insert with success EMCSR202002110BR
28/03/2020 10:48:25 - Inserir Historico IMSOL202003113BR
28/03/2020 10:48:26 - Insert with success IMSOL202003113BR
28/03/2020 10:48:26 - Inserir Historico IMSLA202003020BR
28/03/2020 10:48:26 - Insert with success IMSLA202003020BR
28/03/2020 10:48:26 - Inserir Historico IMEXO202003022BR
28/03/2020 10:48:27 - Insert with success IMEXO202003022BR
28/03/2020 10:48:27 - Inserir Historico IMSWB202002001BR
28/03/2020 10:48:27 - Insert with success IMSWB202002001BR
28/03/2020 10:48:27 - Inserir Historico IMCSR202003166BR
28/03/2020 10:48:28 - Insert with success IMCSR202003166BR
28/03/2020 10:48:28 - Inserir Historico IACSR202003011BR
28/03/2020 10:48:28 - Insert with success IACSR202003011BR
28/03/2020 10:48:28 - Inserir Historico IMCSR202002147BR
28/03/2020 10:48:29 - Insert with success IMCSR202002147BR
28/03/2020 10:48:29 - Inserir Historico IMSWB202001081BR
28/03/2020 10:48:29 - Insert with success IMSWB202001081BR
28/03/2020 10:48:29 - Inserir Historico IACSR202003010BR
28/03/2020 10:48:30 - Insert with success IACSR202003010BR
28/03/2020 10:48:30 - Inserir Historico IMCTV202002020BR
28/03/2020 10:48:30 - Insert with success IMCTV202002020BR
28/03/2020 10:48:30 - Inserir Historico IMSWB202002036BR
28/03/2020 10:48:31 - Insert with success IMSWB202002036BR
28/03/2020 10:48:31 - Inserir Historico EMOXT202003084BR
28/03/2020 10:48:31 - Insert with success EMOXT202003084BR
28/03/2020 10:48:31 - Inserir Historico IMCTV202002023BR
28/03/2020 10:48:32 - Insert with success IMCTV202002023BR
28/03/2020 10:48:32 - Inserir Historico IMEXO202003028BR
28/03/2020 10:48:32 - Insert with success IMEXO202003028BR
28/03/2020 10:48:32 - Inserir Historico IMATL202003016BR
28/03/2020 10:48:33 - Insert with success IMATL202003016BR
28/03/2020 10:48:33 - Inserir Historico IMSWB202001112BR
28/03/2020 10:48:33 - Insert with success IMSWB202001112BR
28/03/2020 10:48:33 - Inserir Historico IMEXO202003029BR
28/03/2020 10:48:34 - Insert with success IMEXO202003029BR
28/03/2020 10:48:34 - Inserir Historico IAOXT202002002BR
28/03/2020 10:48:34 - Insert with success IAOXT202002002BR
28/03/2020 10:48:34 - Inserir Historico IMSWB202002004BR
28/03/2020 10:48:35 - Insert with success IMSWB202002004BR
28/03/2020 10:48:35 - Inserir Historico IMCTV202002021BR
28/03/2020 10:48:35 - Insert with success IMCTV202002021BR
28/03/2020 10:48:35 - Inserir Historico IMCTV202002022BR
28/03/2020 10:48:36 - Insert with success IMCTV202002022BR
28/03/2020 10:48:36 - Inserir Historico IMSPC201912022BR
28/03/2020 10:48:36 - Insert with success IMSPC201912022BR
28/03/2020 10:48:37 - Inserir Historico IMATL202003032BR
28/03/2020 10:48:38 - Insert with success IMATL202003032BR
28/03/2020 10:48:38 - Inserir Historico IMCTV202002038BR
28/03/2020 10:48:38 - Insert with success IMCTV202002038BR
28/03/2020 10:48:38 - Inserir Historico IMCSR202003160BR
28/03/2020 10:48:38 - Insert with success IMCSR202003160BR
28/03/2020 10:48:38 - Inserir Historico IAOXT202003006BR
28/03/2020 10:48:39 - Insert with success IAOXT202003006BR
28/03/2020 10:48:39 - Inserir Historico IMCSR202003113BR
28/03/2020 10:48:39 - Insert with success IMCSR202003113BR
28/03/2020 10:48:39 - Inserir Historico IMCSR202003054BR
28/03/2020 10:48:40 - Insert with success IMCSR202003054BR
28/03/2020 10:48:40 - Inserir Historico IMCSR202002439BR
28/03/2020 10:48:41 - Insert with success IMCSR202002439BR
28/03/2020 10:48:41 - Inserir Historico IMCSR202003100BR
28/03/2020 10:48:41 - Insert with success IMCSR202003100BR
28/03/2020 10:48:41 - Inserir Historico IMCTV202002044BR
28/03/2020 10:48:42 - Insert with success IMCTV202002044BR
28/03/2020 10:48:42 - Inserir Historico IMSWB202002075BR
28/03/2020 10:48:42 - Insert with success IMSWB202002075BR
28/03/2020 10:48:42 - Inserir Historico IMCSR202003197BR
28/03/2020 10:48:42 - Insert with success IMCSR202003197BR
28/03/2020 10:48:42 - Inserir Historico IMSWB202002057BR
28/03/2020 10:48:43 - Insert with success IMSWB202002057BR
28/03/2020 10:48:43 - Inserir Historico IMSWB202002130BR
28/03/2020 10:48:43 - Insert with success IMSWB202002130BR
28/03/2020 10:48:43 - Inserir Historico IMCSR202003051BR
28/03/2020 10:48:44 - Insert with success IMCSR202003051BR
28/03/2020 10:48:44 - Inserir Historico IMSUN202003004BR
28/03/2020 10:48:44 - Insert with success IMSUN202003004BR
28/03/2020 10:48:44 - Inserir Historico IMCSR202003367BR
28/03/2020 10:48:45 - Insert with success IMCSR202003367BR
28/03/2020 10:48:45 - Inserir Historico IMSWB202003048BR
28/03/2020 10:48:45 - Insert with success IMSWB202003048BR
28/03/2020 10:48:45 - Inserir Historico IMCSR202003301BR
28/03/2020 10:48:46 - Insert with success IMCSR202003301BR
28/03/2020 10:48:46 - Inserir Historico IMSOL202002135BR
28/03/2020 10:48:46 - Insert with success IMSOL202002135BR
28/03/2020 10:48:46 - Inserir Historico IMCBT202003015BR
28/03/2020 10:48:47 - Insert with success IMCBT202003015BR
28/03/2020 10:48:47 - Inserir Historico IMCSR202002329BR
28/03/2020 10:48:47 - Insert with success IMCSR202002329BR
28/03/2020 10:48:47 - Inserir Historico IMCSR201911011BR
28/03/2020 10:48:48 - Insert with success IMCSR201911011BR
28/03/2020 10:48:48 - Inserir Historico IMCSR201912072BR
28/03/2020 10:48:48 - Insert with success IMCSR201912072BR
28/03/2020 10:48:48 - Inserir Historico IMCSR201912077BR
28/03/2020 10:48:49 - Insert with success IMCSR201912077BR
28/03/2020 10:48:49 - Inserir Historico IMCSR202001037BR
28/03/2020 10:48:49 - Insert with success IMCSR202001037BR
28/03/2020 10:48:49 - Inserir Historico IMCSR202001040BR
28/03/2020 10:48:50 - Insert with success IMCSR202001040BR
28/03/2020 10:48:50 - Inserir Historico IMCSR202002296BR
28/03/2020 10:48:50 - Insert with success IMCSR202002296BR
28/03/2020 10:48:50 - Inserir Historico EMOCV201810001BR
28/03/2020 10:48:51 - Insert with success EMOCV201810001BR
28/03/2020 10:48:51 - Inserir Historico EMOXT202002219BR
28/03/2020 10:48:51 - Insert with success EMOXT202002219BR
28/03/2020 10:48:51 - Inserir Historico IMATL202003014BR
28/03/2020 10:48:52 - Insert with success IMATL202003014BR
28/03/2020 10:48:52 - Inserir Historico IMSWB202003090BR
28/03/2020 10:48:52 - Insert with success IMSWB202003090BR
28/03/2020 10:48:52 - Inserir Historico IMCSR202003165BR
28/03/2020 10:48:53 - Insert with success IMCSR202003165BR
28/03/2020 10:48:53 - Inserir Historico IMATL202003090BR
28/03/2020 10:48:53 - Insert with success IMATL202003090BR
28/03/2020 10:48:53 - Inserir Historico IMSWB202003089BR
28/03/2020 10:48:53 - Insert with success IMSWB202003089BR
28/03/2020 10:48:54 - Inserir Historico EMCSR202001087BR
28/03/2020 10:48:54 - Insert with success EMCSR202001087BR
28/03/2020 10:48:54 - Inserir Historico IMSWB202003084BR
28/03/2020 10:48:55 - Insert with success IMSWB202003084BR
28/03/2020 10:48:55 - Inserir Historico EMATL202003016BR
28/03/2020 10:48:55 - Insert with success EMATL202003016BR
28/03/2020 10:48:55 - Inserir Historico IMSWB202003068BR
28/03/2020 10:48:56 - Insert with success IMSWB202003068BR
28/03/2020 10:48:56 - Inserir Historico IMCSR202002430BR
28/03/2020 10:48:56 - Insert with success IMCSR202002430BR
28/03/2020 10:48:56 - Inserir Historico EMCSR202002077BR
28/03/2020 10:48:57 - Insert with success EMCSR202002077BR
28/03/2020 10:48:57 - Inserir Historico EMCSR202002029BR
28/03/2020 10:48:57 - Insert with success EMCSR202002029BR
28/03/2020 10:48:57 - Inserir Historico IMSOL202001105BR
28/03/2020 10:48:58 - Insert with success IMSOL202001105BR
28/03/2020 10:48:58 - Inserir Historico EMATL202002011BR
28/03/2020 10:48:58 - Insert with success EMATL202002011BR
28/03/2020 10:48:58 - Inserir Historico IMCSR202003099BR
28/03/2020 10:48:59 - Insert with success IMCSR202003099BR
28/03/2020 10:48:59 - Inserir Historico IMSWB202002071BR
28/03/2020 10:48:59 - Insert with success IMSWB202002071BR
28/03/2020 10:49:00 - Inserir Historico EMCSR202002091BR
28/03/2020 10:49:00 - Insert with success EMCSR202002091BR
28/03/2020 10:49:00 - Inserir Historico EMATL202002013BR
28/03/2020 10:49:00 - Insert with success EMATL202002013BR
28/03/2020 10:49:00 - Inserir Historico IMCSR201901654BR
28/03/2020 10:49:01 - Insert with success IMCSR201901654BR
28/03/2020 10:49:01 - Inserir Historico IMSWB202003029BR
28/03/2020 10:49:01 - Insert with success IMSWB202003029BR
28/03/2020 10:49:01 - Inserir Historico EMOXT202001213BR
28/03/2020 10:49:02 - Insert with success EMOXT202001213BR
28/03/2020 10:49:02 - Inserir Historico IMCSR201904205BR
28/03/2020 10:49:02 - Insert with success IMCSR201904205BR
28/03/2020 10:49:02 - Inserir Historico IMCSR202001471BR
28/03/2020 10:49:03 - Insert with success IMCSR202001471BR
28/03/2020 10:49:03 - Inserir Historico IMCSR201904195BR
28/03/2020 10:49:03 - Insert with success IMCSR201904195BR
28/03/2020 10:49:03 - Inserir Historico IMCSR201904210BR
28/03/2020 10:49:04 - Insert with success IMCSR201904210BR
28/03/2020 10:49:04 - Inserir Historico IMCSR201904211BR
28/03/2020 10:49:04 - Insert with success IMCSR201904211BR
28/03/2020 10:49:04 - Inserir Historico EAATL202003004BR
28/03/2020 10:49:05 - Insert with success EAATL202003004BR
28/03/2020 10:49:05 - Inserir Historico IMCSR201904217BR
28/03/2020 10:49:05 - Insert with success IMCSR201904217BR
28/03/2020 10:49:05 - Inserir Historico IMCSR201904218BR
28/03/2020 10:49:05 - Insert with success IMCSR201904218BR
28/03/2020 10:49:06 - Inserir Historico IMATL202003091BR
28/03/2020 10:49:06 - Insert with success IMATL202003091BR
28/03/2020 10:49:06 - Inserir Historico IMCSR201904202BR
28/03/2020 10:49:07 - Insert with success IMCSR201904202BR
28/03/2020 10:49:07 - Inserir Historico IMCSR201904207BR
28/03/2020 10:49:07 - Insert with success IMCSR201904207BR
28/03/2020 10:49:08 - Inserir Historico EORHO202003019BR
28/03/2020 10:49:08 - Insert with success EORHO202003019BR
28/03/2020 10:49:08 - Inserir Historico IMCSR201904203BR
28/03/2020 10:49:09 - Insert with success IMCSR201904203BR
28/03/2020 10:49:09 - Inserir Historico IMCSR201904216BR
28/03/2020 10:49:09 - Insert with success IMCSR201904216BR
28/03/2020 10:49:09 - Inserir Historico IMOCV202001015BR
28/03/2020 10:49:09 - Insert with success IMOCV202001015BR
28/03/2020 10:49:09 - Inserir Historico IMSWB202002070BR
28/03/2020 10:49:10 - Insert with success IMSWB202002070BR
28/03/2020 10:49:10 - Inserir Historico EMCSR202003090BR
28/03/2020 10:49:10 - Insert with success EMCSR202003090BR
28/03/2020 10:49:10 - Inserir Historico IMCSR202003069BR
28/03/2020 10:49:11 - Insert with success IMCSR202003069BR
28/03/2020 10:49:11 - Inserir Historico IMCSR201904219BR
28/03/2020 10:49:11 - Insert with success IMCSR201904219BR
28/03/2020 10:49:12 - Inserir Historico EMATL202003017BR
28/03/2020 10:49:12 - Insert with success EMATL202003017BR
28/03/2020 10:49:12 - Inserir Historico EMSOL202003010BR
28/03/2020 10:49:12 - Insert with success EMSOL202003010BR
28/03/2020 10:49:13 - Inserir Historico IMCSR201904201BR
28/03/2020 10:49:13 - Insert with success IMCSR201904201BR
28/03/2020 10:49:13 - Inserir Historico IMCSR202001047BR
28/03/2020 10:49:14 - Insert with success IMCSR202001047BR
28/03/2020 10:49:14 - Inserir Historico IMCSR201904222BR
28/03/2020 10:49:14 - Insert with success IMCSR201904222BR
28/03/2020 10:49:14 - Inserir Historico IMCSR201904213BR
28/03/2020 10:49:15 - Insert with success IMCSR201904213BR
28/03/2020 10:49:15 - Inserir Historico IMCSR201904209BR
28/03/2020 10:49:16 - Insert with success IMCSR201904209BR
28/03/2020 10:49:16 - Inserir Historico IMCSR201904214BR
28/03/2020 10:49:16 - Insert with success IMCSR201904214BR
28/03/2020 10:49:17 - Inserir Historico IMCSR201904224BR
28/03/2020 10:49:17 - Insert with success IMCSR201904224BR
28/03/2020 10:49:17 - Inserir Historico IMCSR201904226BR
28/03/2020 10:49:17 - Insert with success IMCSR201904226BR
28/03/2020 10:49:17 - Inserir Historico IMCSR201904227BR
28/03/2020 10:49:18 - Insert with success IMCSR201904227BR
28/03/2020 10:49:18 - Inserir Historico EMCSR202003091BR
28/03/2020 10:49:18 - Insert with success EMCSR202003091BR
28/03/2020 10:49:18 - Inserir Historico EMARC202003010BR
28/03/2020 10:49:19 - Insert with success EMARC202003010BR
28/03/2020 10:49:19 - Inserir Historico IMLYB202002002BR
28/03/2020 10:49:19 - Insert with success IMLYB202002002BR
28/03/2020 10:49:19 - Inserir Historico IMCSR201904228BR
28/03/2020 10:49:20 - Insert with success IMCSR201904228BR
28/03/2020 10:49:20 - Inserir Historico IMSWB202001009BR
28/03/2020 10:49:20 - Insert with success IMSWB202001009BR
28/03/2020 10:49:20 - Inserir Historico IMEAS202001024BR
28/03/2020 10:49:21 - Insert with success IMEAS202001024BR
28/03/2020 10:49:21 - Inserir Historico EOOXT202003001BR
28/03/2020 10:49:21 - Insert with success EOOXT202003001BR
28/03/2020 10:49:22 - Inserir Historico EMOXT202002153BR
28/03/2020 10:49:22 - Insert with success EMOXT202002153BR
28/03/2020 10:49:22 - Inserir Historico EMOXT202003026BR
28/03/2020 10:49:22 - Insert with success EMOXT202003026BR
28/03/2020 10:49:23 - Inserir Historico EMOXT202002041BR
28/03/2020 10:49:23 - Insert with success EMOXT202002041BR
28/03/2020 10:49:23 - Inserir Historico EMOXT202001236BR
28/03/2020 10:49:24 - Insert with success EMOXT202001236BR
28/03/2020 10:49:24 - Inserir Historico EMOXT202002129BR
28/03/2020 10:49:24 - Insert with success EMOXT202002129BR
28/03/2020 10:49:24 - Inserir Historico IMCSR201904196BR
28/03/2020 10:49:25 - Insert with success IMCSR201904196BR
28/03/2020 10:49:25 - Inserir Historico IMCSR202002291BR
28/03/2020 10:49:25 - Insert with success IMCSR202002291BR
28/03/2020 10:49:26 - Inserir Historico IMMAU202003003BR
28/03/2020 10:49:26 - Insert with success IMMAU202003003BR
28/03/2020 10:49:26 - Inserir Historico IMCSR201904198BR
28/03/2020 10:49:26 - Insert with success IMCSR201904198BR
28/03/2020 10:49:26 - Inserir Historico EMATL202002027BR
28/03/2020 10:49:27 - Insert with success EMATL202002027BR
28/03/2020 10:49:27 - Inserir Historico IMCSR201903191BR
28/03/2020 10:49:27 - Insert with success IMCSR201903191BR
28/03/2020 10:49:28 - Inserir Historico IMCSR201904223BR
28/03/2020 10:49:28 - Insert with success IMCSR201904223BR
28/03/2020 10:49:28 - Inserir Historico IMCSR201903194BR
28/03/2020 10:49:28 - Insert with success IMCSR201903194BR
28/03/2020 10:49:29 - Inserir Historico IMCSR201903192BR
28/03/2020 10:49:29 - Insert with success IMCSR201903192BR
28/03/2020 10:49:29 - Inserir Historico IMCSR201903193BR
28/03/2020 10:49:29 - Insert with success IMCSR201903193BR
28/03/2020 10:49:29 - Inserir Historico IMOCV202002013BR
28/03/2020 10:49:30 - Insert with success IMOCV202002013BR
28/03/2020 10:49:30 - Inserir Historico IMATL202003092BR
28/03/2020 10:49:30 - Insert with success IMATL202003092BR
28/03/2020 10:49:31 - Inserir Historico IMCSR201903196BR
28/03/2020 10:49:31 - Insert with success IMCSR201903196BR
28/03/2020 10:49:31 - Inserir Historico IMCSR202003198BR
28/03/2020 10:49:31 - Insert with success IMCSR202003198BR
28/03/2020 10:49:32 - Inserir Historico IMCSR201901681BR
28/03/2020 10:49:32 - Insert with success IMCSR201901681BR
28/03/2020 10:49:32 - Inserir Historico IMATL202003013BR
28/03/2020 10:49:33 - Insert with success IMATL202003013BR
28/03/2020 10:49:33 - Inserir Historico EMOXT202003006BR
28/03/2020 10:49:33 - Insert with success EMOXT202003006BR
28/03/2020 10:49:34 - Inserir Historico EMOXT202003019BR
28/03/2020 10:49:34 - Insert with success EMOXT202003019BR
28/03/2020 10:49:34 - Inserir Historico IMCSR201908234BR
28/03/2020 10:49:35 - Insert with success IMCSR201908234BR
28/03/2020 10:49:35 - Inserir Historico EMOXT202002235BR
28/03/2020 10:49:36 - Insert with success EMOXT202002235BR
28/03/2020 10:49:36 - Inserir Historico IMLYB202002008BR
28/03/2020 10:49:36 - Insert with success IMLYB202002008BR
28/03/2020 10:49:37 - Inserir Historico IMCSR201908242BR
28/03/2020 10:49:37 - Insert with success IMCSR201908242BR
28/03/2020 10:49:37 - Inserir Historico IMATL202002054BR
28/03/2020 10:49:38 - Insert with success IMATL202002054BR
28/03/2020 10:49:38 - Inserir Historico IMCSR201908238BR
28/03/2020 10:49:38 - Insert with success IMCSR201908238BR
28/03/2020 10:49:38 - Inserir Historico EMOXT202002209BR
28/03/2020 10:49:39 - Insert with success EMOXT202002209BR
28/03/2020 10:49:39 - Inserir Historico EMOXT202002181BR
28/03/2020 10:49:40 - Insert with success EMOXT202002181BR
28/03/2020 10:49:40 - Inserir Historico EMOXT202002214BR
28/03/2020 10:49:40 - Insert with success EMOXT202002214BR
28/03/2020 10:49:40 - Inserir Historico EMOXT202002218BR
28/03/2020 10:49:41 - Insert with success EMOXT202002218BR
28/03/2020 10:49:41 - Inserir Historico EMOXT202002093BR
28/03/2020 10:49:41 - Insert with success EMOXT202002093BR
28/03/2020 10:49:42 - Inserir Historico EMOXT202002179BR
28/03/2020 10:49:42 - Insert with success EMOXT202002179BR
28/03/2020 10:49:42 - Inserir Historico EMOXT202002236BR
28/03/2020 10:49:43 - Insert with success EMOXT202002236BR
28/03/2020 10:49:43 - Inserir Historico EMOXT202003002BR
28/03/2020 10:49:43 - Insert with success EMOXT202003002BR
28/03/2020 10:49:44 - Inserir Historico EMOXT202003003BR
28/03/2020 10:49:44 - Insert with success EMOXT202003003BR
28/03/2020 10:49:44 - Inserir Historico EMOXT202003030BR
28/03/2020 10:49:44 - Insert with success EMOXT202003030BR
28/03/2020 10:49:45 - Inserir Historico EMOXT202002130BR
28/03/2020 10:49:45 - Insert with success EMOXT202002130BR
28/03/2020 10:49:45 - Inserir Historico EMOXT202002192BR
28/03/2020 10:49:46 - Insert with success EMOXT202002192BR
28/03/2020 10:49:46 - Inserir Historico EMOXT202003038BR
28/03/2020 10:49:47 - Insert with success EMOXT202003038BR
28/03/2020 10:49:47 - Inserir Historico IMSOL202002010BR
28/03/2020 10:49:47 - Insert with success IMSOL202002010BR
28/03/2020 10:49:48 - Inserir Historico IMCSR201908244BR
28/03/2020 10:49:48 - Insert with success IMCSR201908244BR
28/03/2020 10:49:48 - Inserir Historico IMCSR201908236BR
28/03/2020 10:49:48 - Insert with success IMCSR201908236BR
28/03/2020 10:49:48 - Inserir Historico IMCSR202001627BR
28/03/2020 10:49:49 - Insert with success IMCSR202001627BR
28/03/2020 10:49:49 - Inserir Historico IMCSR201908243BR
28/03/2020 10:49:49 - Insert with success IMCSR201908243BR
28/03/2020 10:49:49 - Inserir Historico EMOXT202003081BR
28/03/2020 10:49:50 - Insert with success EMOXT202003081BR
28/03/2020 10:49:50 - Inserir Historico IMCSR202003209BR
28/03/2020 10:49:50 - Insert with success IMCSR202003209BR
28/03/2020 10:49:51 - Inserir Historico IMCSR202001566BR
28/03/2020 10:49:51 - Insert with success IMCSR202001566BR
28/03/2020 10:49:51 - Inserir Historico IOOXT202003016BR
28/03/2020 10:49:51 - Insert with success IOOXT202003016BR
28/03/2020 10:49:52 - Inserir Historico IOOXT202003017BR
28/03/2020 10:49:52 - Insert with success IOOXT202003017BR
28/03/2020 10:49:52 - Inserir Historico IMSLA202003019BR
28/03/2020 10:49:53 - Insert with success IMSLA202003019BR
28/03/2020 10:49:53 - Inserir Historico EMARC202002039BR
28/03/2020 10:49:53 - Insert with success EMARC202002039BR
28/03/2020 10:49:54 - Inserir Historico EOSPC202003001BR
28/03/2020 10:49:54 - Insert with success EOSPC202003001BR
28/03/2020 10:49:54 - Inserir Historico IMCSR201908231BR
28/03/2020 10:49:54 - Insert with success IMCSR201908231BR
28/03/2020 10:49:54 - Inserir Historico IMSWB202001114BR
28/03/2020 10:49:55 - Insert with success IMSWB202001114BR
28/03/2020 10:49:55 - Inserir Historico IMATL202002123BR
28/03/2020 10:49:55 - Insert with success IMATL202002123BR
28/03/2020 10:49:55 - Inserir Historico IMATL202003093BR
28/03/2020 10:49:56 - Insert with success IMATL202003093BR
28/03/2020 10:49:56 - Inserir Historico IASWB202002021BR
28/03/2020 10:49:56 - Insert with success IASWB202002021BR
28/03/2020 10:49:56 - Inserir Historico EOCTV202003001BR
28/03/2020 10:49:57 - Insert with success EOCTV202003001BR
28/03/2020 10:49:57 - Inserir Historico IMMAU202003005BR
28/03/2020 10:49:57 - Insert with success IMMAU202003005BR
28/03/2020 10:49:57 - Inserir Historico IMMAU202003007BR
28/03/2020 10:49:58 - Insert with success IMMAU202003007BR
28/03/2020 10:49:58 - Inserir Historico EOCTV202003002BR
28/03/2020 10:49:58 - Insert with success EOCTV202003002BR
28/03/2020 10:49:58 - Inserir Historico IMSWB202002051BR
28/03/2020 10:49:58 - Insert with success IMSWB202002051BR
28/03/2020 10:49:59 - Inserir Historico EOCSR202003004BR
28/03/2020 10:49:59 - Insert with success EOCSR202003004BR
28/03/2020 10:49:59 - Inserir Historico EOCSR202003006BR
28/03/2020 10:49:59 - Insert with success EOCSR202003006BR
28/03/2020 10:50:00 - Inserir Historico IMCTV202003057BR
28/03/2020 10:50:00 - Insert with success IMCTV202003057BR
28/03/2020 10:50:00 - Inserir Historico IMSOL202002017BR
28/03/2020 10:50:01 - Insert with success IMSOL202002017BR
28/03/2020 10:50:01 - Inserir Historico IMATL202001056BR
28/03/2020 10:50:01 - Insert with success IMATL202001056BR
28/03/2020 10:50:01 - Inserir Historico IMLAN202003002BR
28/03/2020 10:50:02 - Insert with success IMLAN202003002BR
28/03/2020 10:50:02 - Inserir Historico IOSWB202003001BR
28/03/2020 10:50:03 - Insert with success IOSWB202003001BR
28/03/2020 10:50:03 - Inserir Historico EOCSR202003008BR
28/03/2020 10:50:03 - Insert with success EOCSR202003008BR
28/03/2020 10:50:03 - Inserir Historico IMCSR202002340BR
28/03/2020 10:50:03 - Insert with success IMCSR202002340BR
28/03/2020 10:50:03 - Inserir Historico EOSPC202003004BR
28/03/2020 10:50:04 - Insert with success EOSPC202003004BR
28/03/2020 10:50:04 - Inserir Historico IOSWB202003005BR
28/03/2020 10:50:05 - Insert with success IOSWB202003005BR
28/03/2020 10:50:05 - Inserir Historico EMARC202003004BR
28/03/2020 10:50:05 - Insert with success EMARC202003004BR
28/03/2020 10:50:05 - Inserir Historico EOCSR202003007BR
28/03/2020 10:50:06 - Insert with success EOCSR202003007BR
28/03/2020 10:50:06 - Inserir Historico EOCSR202003011BR
28/03/2020 10:50:06 - Insert with success EOCSR202003011BR
28/03/2020 10:50:07 - Inserir Historico IMATL202001075BR
28/03/2020 10:50:07 - Insert with success IMATL202001075BR
28/03/2020 10:50:07 - Inserir Historico IMATL202001073BR
28/03/2020 10:50:08 - Insert with success IMATL202001073BR
28/03/2020 10:50:08 - Inserir Historico EOCSR202003002BR
28/03/2020 10:50:08 - Insert with success EOCSR202003002BR
28/03/2020 10:50:08 - Inserir Historico IMSWB202002021BR
28/03/2020 10:50:09 - Insert with success IMSWB202002021BR
28/03/2020 10:50:09 - Inserir Historico EOCSR202003009BR
28/03/2020 10:50:09 - Insert with success EOCSR202003009BR
28/03/2020 10:50:10 - Inserir Historico EOCSR202003012BR
28/03/2020 10:50:10 - Insert with success EOCSR202003012BR
28/03/2020 10:50:10 - Inserir Historico EOSPC202002001BR
28/03/2020 10:50:11 - Insert with success EOSPC202002001BR
28/03/2020 10:50:11 - Inserir Historico IMATL202001072BR
28/03/2020 10:50:11 - Insert with success IMATL202001072BR
28/03/2020 10:50:11 - Inserir Historico IMDPT201912007BR
28/03/2020 10:50:12 - Insert with success IMDPT201912007BR
28/03/2020 10:50:12 - Inserir Historico EAFMC202003002BR
28/03/2020 10:50:12 - Insert with success EAFMC202003002BR
28/03/2020 10:50:12 - Inserir Historico IMATL202001076BR
28/03/2020 10:50:13 - Insert with success IMATL202001076BR
28/03/2020 10:50:13 - Inserir Historico IMATL201912112BR
28/03/2020 10:50:13 - Insert with success IMATL201912112BR
28/03/2020 10:50:13 - Inserir Historico IMATL202001089BR
28/03/2020 10:50:14 - Insert with success IMATL202001089BR
28/03/2020 10:50:14 - Inserir Historico IMATL202001091BR
28/03/2020 10:50:14 - Insert with success IMATL202001091BR
28/03/2020 10:50:14 - Inserir Historico IMATL202001090BR
28/03/2020 10:50:15 - Insert with success IMATL202001090BR
28/03/2020 10:50:15 - Inserir Historico IMCSR202003196BR
28/03/2020 10:50:15 - Insert with success IMCSR202003196BR
28/03/2020 10:50:15 - Inserir Historico IMMAT202001003BR
28/03/2020 10:50:15 - Insert with success IMMAT202001003BR
28/03/2020 10:50:16 - Inserir Historico IMSLA202003022BR
28/03/2020 10:50:16 - Insert with success IMSLA202003022BR
28/03/2020 10:50:16 - Inserir Historico IMCSR202002339BR
28/03/2020 10:50:17 - Insert with success IMCSR202002339BR
28/03/2020 10:50:17 - Inserir Historico IMCSR202001552BR
28/03/2020 10:50:17 - Insert with success IMCSR202001552BR
28/03/2020 10:50:17 - Inserir Historico IMCSR202001581BR
28/03/2020 10:50:18 - Insert with success IMCSR202001581BR
28/03/2020 10:50:18 - Inserir Historico IMATL202001092BR
28/03/2020 10:50:18 - Insert with success IMATL202001092BR
28/03/2020 10:50:18 - Inserir Historico IMCSR202001639BR
28/03/2020 10:50:18 - Insert with success IMCSR202001639BR
28/03/2020 10:50:19 - Inserir Historico IMSWB202003008BR
28/03/2020 10:50:19 - Insert with success IMSWB202003008BR
28/03/2020 10:50:19 - Inserir Historico IMEXO201911014BR
28/03/2020 10:50:19 - Insert with success IMEXO201911014BR
28/03/2020 10:50:19 - Inserir Historico IMCSR202001638BR
28/03/2020 10:50:20 - Insert with success IMCSR202001638BR
28/03/2020 10:50:20 - Inserir Historico EMARC202003002BR
28/03/2020 10:50:21 - Insert with success EMARC202003002BR
28/03/2020 10:50:21 - Inserir Historico IMFMC202001002BR
28/03/2020 10:50:22 - Insert with success IMFMC202001002BR
28/03/2020 10:50:22 - Inserir Historico IMRHO202001002BR
28/03/2020 10:50:22 - Insert with success IMRHO202001002BR
28/03/2020 10:50:22 - Inserir Historico IMSLA201912021BR
28/03/2020 10:50:23 - Insert with success IMSLA201912021BR
28/03/2020 10:50:23 - Inserir Historico IMSWB202002066BR
28/03/2020 10:50:23 - Insert with success IMSWB202002066BR
28/03/2020 10:50:23 - Inserir Historico IMFMC202001001BR
28/03/2020 10:50:24 - Insert with success IMFMC202001001BR
28/03/2020 10:50:24 - Inserir Historico IMATL202001094BR
28/03/2020 10:50:24 - Insert with success IMATL202001094BR
28/03/2020 10:50:24 - Inserir Historico IMDPT201912008BR
28/03/2020 10:50:24 - Insert with success IMDPT201912008BR
28/03/2020 10:50:25 - Inserir Historico IMATL202001103BR
28/03/2020 10:50:25 - Insert with success IMATL202001103BR
28/03/2020 10:50:25 - Inserir Historico IMFMC202001003BR
28/03/2020 10:50:25 - Insert with success IMFMC202001003BR
28/03/2020 10:50:26 - Inserir Historico IMMAT202001002BR
28/03/2020 10:50:26 - Insert with success IMMAT202001002BR
28/03/2020 10:50:26 - Inserir Historico IMATL202001114BR
28/03/2020 10:50:26 - Insert with success IMATL202001114BR
28/03/2020 10:50:27 - Inserir Historico IMSLA202003023BR
28/03/2020 10:50:27 - Insert with success IMSLA202003023BR
28/03/2020 10:50:27 - Inserir Historico IMATL202001116BR
28/03/2020 10:50:27 - Insert with success IMATL202001116BR
28/03/2020 10:50:27 - Inserir Historico EMCBE202003001BR
28/03/2020 10:50:28 - Insert with success EMCBE202003001BR
28/03/2020 10:50:28 - Inserir Historico IMATL201912111BR
28/03/2020 10:50:28 - Insert with success IMATL201912111BR
28/03/2020 10:50:28 - Inserir Historico EMSAM202003004BR
28/03/2020 10:50:29 - Insert with success EMSAM202003004BR
28/03/2020 10:50:29 - Inserir Historico EMSAM202003005BR
28/03/2020 10:50:29 - Insert with success EMSAM202003005BR
28/03/2020 10:50:30 - Inserir Historico IMATL202001051BR
28/03/2020 10:50:30 - Insert with success IMATL202001051BR
28/03/2020 10:50:30 - Inserir Historico EMSAM202003006BR
28/03/2020 10:50:31 - Insert with success EMSAM202003006BR
28/03/2020 10:50:31 - Inserir Historico EMSAM202003007BR
28/03/2020 10:50:31 - Insert with success EMSAM202003007BR
28/03/2020 10:50:31 - Inserir Historico IMATL202001111BR
28/03/2020 10:50:32 - Insert with success IMATL202001111BR
28/03/2020 10:50:32 - Inserir Historico EMSAM202003008BR
28/03/2020 10:50:32 - Insert with success EMSAM202003008BR
28/03/2020 10:50:32 - Inserir Historico IMEXO202002013BR
28/03/2020 10:50:33 - Insert with success IMEXO202002013BR
28/03/2020 10:50:33 - Inserir Historico IMATL202001053BR
28/03/2020 10:50:33 - Insert with success IMATL202001053BR
28/03/2020 10:50:33 - Inserir Historico IMSLA202003024BR
28/03/2020 10:50:34 - Insert with success IMSLA202003024BR
28/03/2020 10:50:34 - Inserir Historico IMCSR201908451BR
28/03/2020 10:50:34 - Insert with success IMCSR201908451BR
28/03/2020 10:50:34 - Inserir Historico IMCSR201908449BR
28/03/2020 10:50:35 - Insert with success IMCSR201908449BR
28/03/2020 10:50:35 - Inserir Historico IAOXT202003003BR
28/03/2020 10:50:35 - Insert with success IAOXT202003003BR
28/03/2020 10:50:35 - Inserir Historico IMSOL202001020BR
28/03/2020 10:50:36 - Insert with success IMSOL202001020BR
28/03/2020 10:50:36 - Inserir Historico IMCSR202003294BR
28/03/2020 10:50:36 - Insert with success IMCSR202003294BR
28/03/2020 10:50:36 - Inserir Historico IMCSR201908459BR
28/03/2020 10:50:37 - Insert with success IMCSR201908459BR
28/03/2020 10:50:37 - Inserir Historico EMARC201912033BR
28/03/2020 10:50:37 - Insert with success EMARC201912033BR
28/03/2020 10:50:37 - Inserir Historico IMCSR201908452BR
28/03/2020 10:50:38 - Insert with success IMCSR201908452BR
28/03/2020 10:50:38 - Inserir Historico EMCBE202003002BR
28/03/2020 10:50:38 - Insert with success EMCBE202003002BR
28/03/2020 10:50:38 - Inserir Historico EOSPC202003002BR
28/03/2020 10:50:39 - Insert with success EOSPC202003002BR
28/03/2020 10:50:39 - Inserir Historico IMCSR201908450BR
28/03/2020 10:50:39 - Insert with success IMCSR201908450BR
28/03/2020 10:50:39 - Inserir Historico IMCSR201908457BR
28/03/2020 10:50:40 - Insert with success IMCSR201908457BR
28/03/2020 10:50:40 - Inserir Historico IMSWB201912083BR
28/03/2020 10:50:40 - Insert with success IMSWB201912083BR
28/03/2020 10:50:40 - Inserir Historico IMCSR201908458BR
28/03/2020 10:50:41 - Insert with success IMCSR201908458BR
28/03/2020 10:50:41 - Inserir Historico IMCSR201908454BR
28/03/2020 10:50:41 - Insert with success IMCSR201908454BR
28/03/2020 10:50:41 - Inserir Historico IMSWB202001016BR
28/03/2020 10:50:42 - Insert with success IMSWB202001016BR
28/03/2020 10:50:42 - Inserir Historico IMCSR201908455BR
28/03/2020 10:50:42 - Insert with success IMCSR201908455BR
28/03/2020 10:50:42 - Inserir Historico IMSWB202003009BR
28/03/2020 10:50:43 - Insert with success IMSWB202003009BR
28/03/2020 10:50:43 - Inserir Historico IMCSR201908453BR
28/03/2020 10:50:43 - Insert with success IMCSR201908453BR
28/03/2020 10:50:43 - Inserir Historico IMATL202001105BR
28/03/2020 10:50:44 - Insert with success IMATL202001105BR
28/03/2020 10:50:44 - Inserir Historico IMCSR201908456BR
28/03/2020 10:50:44 - Insert with success IMCSR201908456BR
28/03/2020 10:50:44 - Inserir Historico IMATL202001132BR
28/03/2020 10:50:45 - Insert with success IMATL202001132BR
28/03/2020 10:50:45 - Inserir Historico IMEXO202002034BR
28/03/2020 10:50:45 - Insert with success IMEXO202002034BR
28/03/2020 10:50:45 - Inserir Historico IMCSR202003101BR
28/03/2020 10:50:45 - Insert with success IMCSR202003101BR
28/03/2020 10:50:45 - Inserir Historico IMCSR202003053BR
28/03/2020 10:50:46 - Insert with success IMCSR202003053BR
28/03/2020 10:50:46 - Inserir Historico IMCSR202003111BR
28/03/2020 10:50:46 - Insert with success IMCSR202003111BR
28/03/2020 10:50:46 - Inserir Historico IMCSR202003153BR
28/03/2020 10:50:47 - Insert with success IMCSR202003153BR
28/03/2020 10:50:47 - Inserir Historico IMCSR201909274BR
28/03/2020 10:50:47 - Insert with success IMCSR201909274BR
28/03/2020 10:50:47 - Inserir Historico IMCSR202003090BR
28/03/2020 10:50:48 - Insert with success IMCSR202003090BR
28/03/2020 10:50:48 - Inserir Historico IMATL202001088BR
28/03/2020 10:50:48 - Insert with success IMATL202001088BR
28/03/2020 10:50:48 - Inserir Historico IMCSR201909275BR
28/03/2020 10:50:49 - Insert with success IMCSR201909275BR
28/03/2020 10:50:49 - Inserir Historico IMBCB202001011BR
28/03/2020 10:50:49 - Insert with success IMBCB202001011BR
28/03/2020 10:50:49 - Inserir Historico IMCSR201909273BR
28/03/2020 10:50:49 - Insert with success IMCSR201909273BR
28/03/2020 10:50:50 - Inserir Historico IMCSR201909278BR
28/03/2020 10:50:50 - Insert with success IMCSR201909278BR
28/03/2020 10:50:50 - Inserir Historico IMCSR201909279BR
28/03/2020 10:50:50 - Insert with success IMCSR201909279BR
28/03/2020 10:50:50 - Inserir Historico IMCSR201909281BR
28/03/2020 10:50:51 - Insert with success IMCSR201909281BR
28/03/2020 10:50:51 - Inserir Historico IMATL202001129BR
28/03/2020 10:50:52 - Insert with success IMATL202001129BR
28/03/2020 10:50:52 - Inserir Historico IMOXT201912059BR
28/03/2020 10:50:52 - Insert with success IMOXT201912059BR
28/03/2020 10:50:52 - Inserir Historico IMCSR201909280BR
28/03/2020 10:50:52 - Insert with success IMCSR201909280BR
28/03/2020 10:50:52 - Inserir Historico IMCSR201909283BR
28/03/2020 10:50:53 - Insert with success IMCSR201909283BR
28/03/2020 10:50:53 - Inserir Historico IMATL202001133BR
28/03/2020 10:50:53 - Insert with success IMATL202001133BR
28/03/2020 10:50:53 - Inserir Historico IMCSR202003202BR
28/03/2020 10:50:54 - Insert with success IMCSR202003202BR
28/03/2020 10:50:54 - Inserir Historico IMATL202001093BR
28/03/2020 10:50:54 - Insert with success IMATL202001093BR
28/03/2020 10:50:54 - Inserir Historico IMATL202001134BR
28/03/2020 10:50:55 - Insert with success IMATL202001134BR
28/03/2020 10:50:55 - Inserir Historico IMATL202001135BR
28/03/2020 10:50:55 - Insert with success IMATL202001135BR
28/03/2020 10:50:55 - Inserir Historico EMOXT202003131BR
28/03/2020 10:50:56 - Insert with success EMOXT202003131BR
28/03/2020 10:50:56 - Inserir Historico IMCSR201909285BR
28/03/2020 10:50:56 - Insert with success IMCSR201909285BR
28/03/2020 10:50:56 - Inserir Historico IMCSR201909286BR
28/03/2020 10:50:57 - Insert with success IMCSR201909286BR
28/03/2020 10:50:57 - Inserir Historico EMOXT202003132BR
28/03/2020 10:50:57 - Insert with success EMOXT202003132BR
28/03/2020 10:50:57 - Inserir Historico IMCSR201909276BR
28/03/2020 10:50:57 - Insert with success IMCSR201909276BR
28/03/2020 10:50:58 - Inserir Historico IMDPT201910025BR
28/03/2020 10:50:58 - Insert with success IMDPT201910025BR
28/03/2020 10:50:58 - Inserir Historico IMDPT202001001BR
28/03/2020 10:50:58 - Insert with success IMDPT202001001BR
28/03/2020 10:50:58 - Inserir Historico IMDPT202001002BR
28/03/2020 10:50:59 - Insert with success IMDPT202001002BR
28/03/2020 10:50:59 - Inserir Historico IMCSR201909282BR
28/03/2020 10:50:59 - Insert with success IMCSR201909282BR
28/03/2020 10:50:59 - Inserir Historico IACSR202001023BR
28/03/2020 10:51:00 - Insert with success IACSR202001023BR
28/03/2020 10:51:00 - Inserir Historico IMATL202001163BR
28/03/2020 10:51:00 - Insert with success IMATL202001163BR
28/03/2020 10:51:00 - Inserir Historico IMCSR201909277BR
28/03/2020 10:51:00 - Insert with success IMCSR201909277BR
28/03/2020 10:51:01 - Inserir Historico IMATL202002008BR
28/03/2020 10:51:01 - Insert with success IMATL202002008BR
28/03/2020 10:51:01 - Inserir Historico IMCSR201909284BR
28/03/2020 10:51:01 - Insert with success IMCSR201909284BR
28/03/2020 10:51:02 - Inserir Historico IMATL202001156BR
28/03/2020 10:51:02 - Insert with success IMATL202001156BR
28/03/2020 10:51:02 - Inserir Historico IMCSR201909287BR
28/03/2020 10:51:02 - Insert with success IMCSR201909287BR
28/03/2020 10:51:02 - Inserir Historico IMCSR201909288BR
28/03/2020 10:51:03 - Insert with success IMCSR201909288BR
28/03/2020 10:51:03 - Inserir Historico IMCSR202003199BR
28/03/2020 10:51:03 - Insert with success IMCSR202003199BR
28/03/2020 10:51:04 - Inserir Historico IMCSR201909290BR
28/03/2020 10:51:04 - Insert with success IMCSR201909290BR
28/03/2020 10:51:04 - Inserir Historico IMCSR201909289BR
28/03/2020 10:51:05 - Insert with success IMCSR201909289BR
28/03/2020 10:51:05 - Inserir Historico EAMTE202003002BR
28/03/2020 10:51:05 - Insert with success EAMTE202003002BR
28/03/2020 10:51:05 - Inserir Historico IMCSR201911271BR
28/03/2020 10:51:06 - Insert with success IMCSR201911271BR
28/03/2020 10:51:06 - Inserir Historico IMCSR201911275BR
28/03/2020 10:51:06 - Insert with success IMCSR201911275BR
28/03/2020 10:51:06 - Inserir Historico IMATL202001110BR
28/03/2020 10:51:07 - Insert with success IMATL202001110BR
28/03/2020 10:51:07 - Inserir Historico IMCSR202003200BR
28/03/2020 10:51:07 - Insert with success IMCSR202003200BR
28/03/2020 10:51:07 - Inserir Historico IMCSR201904220BR
28/03/2020 10:51:08 - Insert with success IMCSR201904220BR
28/03/2020 10:51:08 - Inserir Historico IMATL202001144BR
28/03/2020 10:51:08 - Insert with success IMATL202001144BR
28/03/2020 10:51:08 - Inserir Historico IMSUN202001004BR
28/03/2020 10:51:08 - Insert with success IMSUN202001004BR
28/03/2020 10:51:08 - Inserir Historico IMSWB202003053BR
28/03/2020 10:51:09 - Insert with success IMSWB202003053BR
28/03/2020 10:51:09 - Inserir Historico EORHO202003033BR
28/03/2020 10:51:09 - Insert with success EORHO202003033BR
28/03/2020 10:51:09 - Inserir Historico IMSUN202002002BR
28/03/2020 10:51:10 - Insert with success IMSUN202002002BR
28/03/2020 10:51:10 - Inserir Historico IMATL202001160BR
28/03/2020 10:51:10 - Insert with success IMATL202001160BR
28/03/2020 10:51:10 - Inserir Historico IMCSR202002293BR
28/03/2020 10:51:11 - Insert with success IMCSR202002293BR
28/03/2020 10:51:11 - Inserir Historico IMUPM202003004BR
28/03/2020 10:51:11 - Insert with success IMUPM202003004BR
28/03/2020 10:51:11 - Inserir Historico IMSWB202001110BR
28/03/2020 10:51:11 - Insert with success IMSWB202001110BR
28/03/2020 10:51:11 - Inserir Historico EORHO202003034BR
28/03/2020 10:51:12 - Insert with success EORHO202003034BR
28/03/2020 10:51:12 - Inserir Historico IMCSR202003154BR
28/03/2020 10:51:12 - Insert with success IMCSR202003154BR
28/03/2020 10:51:12 - Inserir Historico IMCSR202003337BR
28/03/2020 10:51:13 - Insert with success IMCSR202003337BR
28/03/2020 10:51:13 - Inserir Historico IMSWB202001106BR
28/03/2020 10:51:13 - Insert with success IMSWB202001106BR
28/03/2020 10:51:13 - Inserir Historico IMSWB202003042BR
28/03/2020 10:51:13 - Insert with success IMSWB202003042BR
28/03/2020 10:51:14 - Inserir Historico IMSWB202001109BR
28/03/2020 10:51:14 - Insert with success IMSWB202001109BR
28/03/2020 10:51:14 - Inserir Historico EMOXT202002178BR
28/03/2020 10:51:14 - Insert with success EMOXT202002178BR
28/03/2020 10:51:14 - Inserir Historico EMOXT202002213BR
28/03/2020 10:51:15 - Insert with success EMOXT202002213BR
28/03/2020 10:51:15 - Inserir Historico EMOXT202003009BR
28/03/2020 10:51:15 - Insert with success EMOXT202003009BR
28/03/2020 10:51:15 - Inserir Historico EOOXT202002013BR
28/03/2020 10:51:16 - Insert with success EOOXT202002013BR
28/03/2020 10:51:16 - Inserir Historico EOOXT202002014BR
28/03/2020 10:51:16 - Insert with success EOOXT202002014BR
28/03/2020 10:51:16 - Inserir Historico EOOXT202003002BR
28/03/2020 10:51:16 - Insert with success EOOXT202003002BR
28/03/2020 10:51:17 - Inserir Historico EORHO202003035BR
28/03/2020 10:51:17 - Insert with success EORHO202003035BR
28/03/2020 10:51:17 - Inserir Historico IMSLA202001015BR
28/03/2020 10:51:17 - Insert with success IMSLA202001015BR
28/03/2020 10:51:18 - Inserir Historico IMSOL202002042BR
28/03/2020 10:51:18 - Insert with success IMSOL202002042BR
28/03/2020 10:51:18 - Inserir Historico EORHO202003036BR
28/03/2020 10:51:18 - Insert with success EORHO202003036BR
28/03/2020 10:51:18 - Inserir Historico EOOXT202003005BR
28/03/2020 10:51:19 - Insert with success EOOXT202003005BR
28/03/2020 10:51:19 - Inserir Historico EORHO202003037BR
28/03/2020 10:51:19 - Insert with success EORHO202003037BR
28/03/2020 10:51:19 - Inserir Historico IMSOL202001102BR
28/03/2020 10:51:20 - Insert with success IMSOL202001102BR
28/03/2020 10:51:20 - Inserir Historico EMATL202002020BR
28/03/2020 10:51:20 - Insert with success EMATL202002020BR
28/03/2020 10:51:20 - Inserir Historico IOCBT202003008BR
28/03/2020 10:51:20 - Insert with success IOCBT202003008BR
28/03/2020 10:51:21 - Inserir Historico IMOXT202001014BR
28/03/2020 10:51:21 - Insert with success IMOXT202001014BR
28/03/2020 10:51:21 - Inserir Historico IMCSR202002112BR
28/03/2020 10:51:21 - Insert with success IMCSR202002112BR
28/03/2020 10:51:22 - Inserir Historico IMCTV202001027BR
28/03/2020 10:51:22 - Insert with success IMCTV202001027BR
28/03/2020 10:51:22 - Inserir Historico IMCSR202001188BR
28/03/2020 10:51:22 - Insert with success IMCSR202001188BR
28/03/2020 10:51:22 - Inserir Historico IMCTV202001028BR
28/03/2020 10:51:23 - Insert with success IMCTV202001028BR
28/03/2020 10:51:23 - Inserir Historico IMCTV202001029BR
28/03/2020 10:51:23 - Insert with success IMCTV202001029BR
28/03/2020 10:51:24 - Inserir Historico IMCSR202003103BR
28/03/2020 10:51:24 - Insert with success IMCSR202003103BR
28/03/2020 10:51:24 - Inserir Historico IMCSR202002196BR
28/03/2020 10:51:24 - Insert with success IMCSR202002196BR
28/03/2020 10:51:25 - Inserir Historico IMSOL201912048BR
28/03/2020 10:51:25 - Insert with success IMSOL201912048BR
28/03/2020 10:51:25 - Inserir Historico IMATL202002064BR
28/03/2020 10:51:25 - Insert with success IMATL202002064BR
28/03/2020 10:51:25 - Inserir Historico EORHO202003038BR
28/03/2020 10:51:26 - Insert with success EORHO202003038BR
28/03/2020 10:51:26 - Inserir Historico IMSOL202002067BR
28/03/2020 10:51:26 - Insert with success IMSOL202002067BR
28/03/2020 10:51:26 - Inserir Historico IMSOL202002066BR
28/03/2020 10:51:27 - Insert with success IMSOL202002066BR
28/03/2020 10:51:27 - Inserir Historico IMSLA202003014BR
28/03/2020 10:51:27 - Insert with success IMSLA202003014BR
28/03/2020 10:51:27 - Inserir Historico IMSWB202002116BR
28/03/2020 10:51:27 - Insert with success IMSWB202002116BR
28/03/2020 10:51:28 - Inserir Historico IMSWB202002088BR
28/03/2020 10:51:28 - Insert with success IMSWB202002088BR
28/03/2020 10:51:28 - Inserir Historico IMSOL202002070BR
28/03/2020 10:51:28 - Insert with success IMSOL202002070BR
28/03/2020 10:51:28 - Inserir Historico EMSAM202003010BR
28/03/2020 10:51:29 - Insert with success EMSAM202003010BR
28/03/2020 10:51:29 - Inserir Historico IMSWB202002048BR
28/03/2020 10:51:29 - Insert with success IMSWB202002048BR
28/03/2020 10:51:29 - Inserir Historico EMCSR202003058BR
28/03/2020 10:51:30 - Insert with success EMCSR202003058BR
28/03/2020 10:51:30 - Inserir Historico IMSWB202001043BR
28/03/2020 10:51:30 - Insert with success IMSWB202001043BR
28/03/2020 10:51:30 - Inserir Historico EMSAM202003011BR
28/03/2020 10:51:31 - Insert with success EMSAM202003011BR
28/03/2020 10:51:31 - Inserir Historico IMSWB202002118BR
28/03/2020 10:51:31 - Insert with success IMSWB202002118BR
28/03/2020 10:51:31 - Inserir Historico IMSOL202002081BR
28/03/2020 10:51:32 - Insert with success IMSOL202002081BR
28/03/2020 10:51:32 - Inserir Historico IOCBT202003009BR
28/03/2020 10:51:32 - Insert with success IOCBT202003009BR
28/03/2020 10:51:32 - Inserir Historico EMCSR202003070BR
28/03/2020 10:51:32 - Insert with success EMCSR202003070BR
28/03/2020 10:51:33 - Inserir Historico IMSOL202002082BR
28/03/2020 10:51:33 - Insert with success IMSOL202002082BR
28/03/2020 10:51:33 - Inserir Historico EMARC202003008BR
28/03/2020 10:51:33 - Insert with success EMARC202003008BR
28/03/2020 10:51:33 - Inserir Historico IMSWB201910016BR
28/03/2020 10:51:34 - Insert with success IMSWB201910016BR
28/03/2020 10:51:34 - Inserir Historico EMCSR202003066BR
28/03/2020 10:51:34 - Insert with success EMCSR202003066BR
28/03/2020 10:51:34 - Inserir Historico IMATL201909129BR
28/03/2020 10:51:35 - Insert with success IMATL201909129BR
28/03/2020 10:51:35 - Inserir Historico IMSUN201909004BR
28/03/2020 10:51:35 - Insert with success IMSUN201909004BR
28/03/2020 10:51:35 - Inserir Historico IMSWB201911026BR
28/03/2020 10:51:36 - Insert with success IMSWB201911026BR
28/03/2020 10:51:36 - Inserir Historico EMIFB202003001BR
28/03/2020 10:51:36 - Insert with success EMIFB202003001BR
28/03/2020 10:51:36 - Inserir Historico IMCSR202003373BR
28/03/2020 10:51:37 - Insert with success IMCSR202003373BR
28/03/2020 10:51:37 - Inserir Historico EMOXT202002198BR
28/03/2020 10:51:37 - Insert with success EMOXT202002198BR
28/03/2020 10:51:37 - Inserir Historico IMSWB202003024BR
28/03/2020 10:51:37 - Insert with success IMSWB202003024BR
28/03/2020 10:51:38 - Inserir Historico IMSWB202003087BR
28/03/2020 10:51:38 - Insert with success IMSWB202003087BR
28/03/2020 10:51:38 - Inserir Historico IMSWB202003023BR
28/03/2020 10:51:38 - Insert with success IMSWB202003023BR
28/03/2020 10:51:38 - Inserir Historico IMCSR202002288BR
28/03/2020 10:51:39 - Insert with success IMCSR202002288BR
28/03/2020 10:51:39 - Inserir Historico IMCSR202003201BR
28/03/2020 10:51:39 - Insert with success IMCSR202003201BR
28/03/2020 10:51:39 - Inserir Historico IMSWB202003041BR
28/03/2020 10:51:40 - Insert with success IMSWB202003041BR
28/03/2020 10:51:40 - Inserir Historico IMCSR202003309BR
28/03/2020 10:51:40 - Insert with success IMCSR202003309BR
28/03/2020 10:51:40 - Inserir Historico IMCSR202003370BR
28/03/2020 10:51:41 - Insert with success IMCSR202003370BR
28/03/2020 10:51:41 - Inserir Historico IMCSR202003395BR
28/03/2020 10:51:41 - Insert with success IMCSR202003395BR
28/03/2020 10:51:41 - Inserir Historico IAMTE202002026BR
28/03/2020 10:51:42 - Insert with success IAMTE202002026BR
28/03/2020 10:51:42 - Inserir Historico IAMTE202002023BR
28/03/2020 10:51:42 - Insert with success IAMTE202002023BR
28/03/2020 10:51:42 - Inserir Historico IAMTE202002024BR
28/03/2020 10:51:43 - Insert with success IAMTE202002024BR
28/03/2020 10:51:43 - Inserir Historico IAMTE202002019BR
28/03/2020 10:51:43 - Insert with success IAMTE202002019BR
28/03/2020 10:51:43 - Inserir Historico IAMTE202003001BR
28/03/2020 10:51:43 - Insert with success IAMTE202003001BR
28/03/2020 10:51:44 - Inserir Historico IAMTE202002025BR
28/03/2020 10:51:44 - Insert with success IAMTE202002025BR
28/03/2020 10:51:44 - Inserir Historico IMATL202002124BR
28/03/2020 10:51:44 - Insert with success IMATL202002124BR
28/03/2020 10:51:44 - Inserir Historico IMSUN202003001BR
28/03/2020 10:51:45 - Insert with success IMSUN202003001BR
28/03/2020 10:51:45 - Inserir Historico IMATL202003034BR
28/03/2020 10:51:45 - Insert with success IMATL202003034BR
28/03/2020 10:51:45 - Inserir Historico IMATL202003037BR
28/03/2020 10:51:46 - Insert with success IMATL202003037BR
28/03/2020 10:51:46 - Inserir Historico IMATL202003027BR
28/03/2020 10:51:46 - Insert with success IMATL202003027BR
28/03/2020 10:51:46 - Inserir Historico EMOXT202002075BR
28/03/2020 10:51:47 - Insert with success EMOXT202002075BR
28/03/2020 10:51:47 - Inserir Historico EMCSR202003092BR
28/03/2020 10:51:48 - Insert with success EMCSR202003092BR
28/03/2020 10:51:48 - Inserir Historico IMSWB202001034BR
28/03/2020 10:51:48 - Insert with success IMSWB202001034BR
28/03/2020 10:51:48 - Inserir Historico IMCBT202003019BR
28/03/2020 10:51:49 - Insert with success IMCBT202003019BR
28/03/2020 10:51:49 - Inserir Historico IMSOL202001015BR
28/03/2020 10:51:49 - Insert with success IMSOL202001015BR
28/03/2020 10:51:49 - Inserir Historico IMSWB202002083BR
28/03/2020 10:51:50 - Insert with success IMSWB202002083BR
28/03/2020 10:51:50 - Inserir Historico IMSWB202003049BR
28/03/2020 10:51:50 - Insert with success IMSWB202003049BR
28/03/2020 10:51:50 - Inserir Historico IMSOL202001030BR
28/03/2020 10:51:50 - Insert with success IMSOL202001030BR
28/03/2020 10:51:51 - Inserir Historico IMSWB202002078BR
28/03/2020 10:51:51 - Insert with success IMSWB202002078BR
28/03/2020 10:51:51 - Inserir Historico EOOXT202003016BR
28/03/2020 10:51:52 - Insert with success EOOXT202003016BR
28/03/2020 10:51:52 - Inserir Historico IMIFB202001077BR
28/03/2020 10:51:52 - Insert with success IMIFB202001077BR
28/03/2020 10:51:52 - Inserir Historico IMSOL202002028BR
28/03/2020 10:51:53 - Insert with success IMSOL202002028BR
28/03/2020 10:51:53 - Inserir Historico IMCTV202001042BR
28/03/2020 10:51:53 - Insert with success IMCTV202001042BR
28/03/2020 10:51:53 - Inserir Historico IMSWB202002081BR
28/03/2020 10:51:54 - Insert with success IMSWB202002081BR
28/03/2020 10:51:54 - Inserir Historico EOOXT202003017BR
28/03/2020 10:51:54 - Insert with success EOOXT202003017BR
28/03/2020 10:51:54 - Inserir Historico IMSOL202002043BR
28/03/2020 10:51:55 - Insert with success IMSOL202002043BR
28/03/2020 10:51:55 - Inserir Historico EMCSR202003043BR
28/03/2020 10:51:55 - Insert with success EMCSR202003043BR
28/03/2020 10:51:55 - Inserir Historico IMSOL201911034BR
28/03/2020 10:51:56 - Insert with success IMSOL201911034BR
28/03/2020 10:51:56 - Inserir Historico IMSWB202002082BR
28/03/2020 10:51:56 - Insert with success IMSWB202002082BR
28/03/2020 10:51:56 - Inserir Historico EOOXT201909002BR
28/03/2020 10:51:57 - Insert with success EOOXT201909002BR
28/03/2020 10:51:57 - Inserir Historico EMOXT202003133BR
28/03/2020 10:51:57 - Insert with success EMOXT202003133BR
28/03/2020 10:51:57 - Inserir Historico IMSOL202002073BR
28/03/2020 10:51:58 - Insert with success IMSOL202002073BR
28/03/2020 10:51:58 - Inserir Historico IMSWB202001077BR
28/03/2020 10:51:58 - Insert with success IMSWB202001077BR
28/03/2020 10:51:58 - Inserir Historico IMCTV202001026BR
28/03/2020 10:51:59 - Insert with success IMCTV202001026BR
28/03/2020 10:51:59 - Inserir Historico IMSOL202002109BR
28/03/2020 10:51:59 - Insert with success IMSOL202002109BR
28/03/2020 10:51:59 - Inserir Historico IMCTV202003013BR
28/03/2020 10:52:00 - Insert with success IMCTV202003013BR
28/03/2020 10:52:00 - Inserir Historico EMOXT202003134BR
28/03/2020 10:52:01 - Insert with success EMOXT202003134BR
28/03/2020 10:52:01 - Inserir Historico IMSOL202002046BR
28/03/2020 10:52:01 - Insert with success IMSOL202002046BR
28/03/2020 10:52:01 - Inserir Historico IMDPT201911011BR
28/03/2020 10:52:02 - Insert with success IMDPT201911011BR
28/03/2020 10:52:02 - Inserir Historico EMOXT202003135BR
28/03/2020 10:52:02 - Insert with success EMOXT202003135BR
28/03/2020 10:52:02 - Inserir Historico EMCSR202003093BR
28/03/2020 10:52:03 - Insert with success EMCSR202003093BR
28/03/2020 10:52:03 - Inserir Historico EMOXT202003136BR
28/03/2020 10:52:03 - Insert with success EMOXT202003136BR
28/03/2020 10:52:03 - Inserir Historico EMCSR202003094BR
28/03/2020 10:52:04 - Insert with success EMCSR202003094BR
28/03/2020 10:52:04 - Inserir Historico EMCSR202003095BR
28/03/2020 10:52:04 - Insert with success EMCSR202003095BR
28/03/2020 10:52:04 - Inserir Historico IMSOL202002053BR
28/03/2020 10:52:05 - Insert with success IMSOL202002053BR
28/03/2020 10:52:05 - Inserir Historico IMCTV201912010BR
28/03/2020 10:52:05 - Insert with success IMCTV201912010BR
28/03/2020 10:52:05 - Inserir Historico IMOXT202002051BR
28/03/2020 10:52:06 - Insert with success IMOXT202002051BR
28/03/2020 10:52:06 - Inserir Historico IMCSR202001126BR
28/03/2020 10:52:06 - Insert with success IMCSR202001126BR
28/03/2020 10:52:06 - Inserir Historico IMCSR202001470BR
28/03/2020 10:52:07 - Insert with success IMCSR202001470BR
28/03/2020 10:52:07 - Inserir Historico IACTV202002010BR
28/03/2020 10:52:07 - Insert with success IACTV202002010BR
28/03/2020 10:52:07 - Inserir Historico IMSOL202002029BR
28/03/2020 10:52:08 - Insert with success IMSOL202002029BR
28/03/2020 10:52:08 - Inserir Historico EMLAN202001002BR
28/03/2020 10:52:08 - Insert with success EMLAN202001002BR
28/03/2020 10:52:08 - Inserir Historico IOCBT202003006BR
28/03/2020 10:52:09 - Insert with success IOCBT202003006BR
28/03/2020 10:52:09 - Inserir Historico IMSWB202002061BR
28/03/2020 10:52:09 - Insert with success IMSWB202002061BR
28/03/2020 10:52:09 - Inserir Historico IMCTV202002037BR
28/03/2020 10:52:10 - Insert with success IMCTV202002037BR
28/03/2020 10:52:10 - Inserir Historico IMSWB202002062BR
28/03/2020 10:52:10 - Insert with success IMSWB202002062BR
28/03/2020 10:52:10 - Inserir Historico EAATL202002002BR
28/03/2020 10:52:10 - Insert with success EAATL202002002BR
28/03/2020 10:52:11 - Inserir Historico IMCSR201907231BR
28/03/2020 10:52:11 - Insert with success IMCSR201907231BR
28/03/2020 10:52:11 - Inserir Historico IMOCV202002015BR
28/03/2020 10:52:12 - Insert with success IMOCV202002015BR
28/03/2020 10:52:12 - Inserir Historico IMCSR201907233BR
28/03/2020 10:52:12 - Insert with success IMCSR201907233BR
28/03/2020 10:52:12 - Inserir Historico IMCSR201906320BR
28/03/2020 10:52:13 - Insert with success IMCSR201906320BR
28/03/2020 10:52:13 - Inserir Historico EAMTE202003001BR
28/03/2020 10:52:13 - Insert with success EAMTE202003001BR
28/03/2020 10:52:13 - Inserir Historico EMOXT202003086BR
28/03/2020 10:52:13 - Insert with success EMOXT202003086BR
28/03/2020 10:52:13 - Inserir Historico IAOCV201908006BR
28/03/2020 10:52:14 - Insert with success IAOCV201908006BR
28/03/2020 10:52:14 - Inserir Historico IACSR202001003BR
28/03/2020 10:52:14 - Insert with success IACSR202001003BR
28/03/2020 10:52:14 - Inserir Historico IMCSR202003275BR
28/03/2020 10:52:15 - Insert with success IMCSR202003275BR
28/03/2020 10:52:15 - Inserir Historico EACSR202003003BR
28/03/2020 10:52:15 - Insert with success EACSR202003003BR
28/03/2020 10:52:16 - Inserir Historico EMOXT202003072BR
28/03/2020 10:52:16 - Insert with success EMOXT202003072BR
28/03/2020 10:52:16 - Inserir Historico IMSWB202003057BR
28/03/2020 10:52:16 - Insert with success IMSWB202003057BR
28/03/2020 10:52:17 - Inserir Historico EMOXT202003018BR
28/03/2020 10:52:17 - Insert with success EMOXT202003018BR
28/03/2020 10:52:17 - Inserir Historico IMCSR202002315BR
28/03/2020 10:52:17 - Insert with success IMCSR202002315BR
28/03/2020 10:52:17 - Inserir Historico IMSOL202003114BR
28/03/2020 10:52:18 - Insert with success IMSOL202003114BR
28/03/2020 10:52:18 - Inserir Historico EAFMC202003003BR
28/03/2020 10:52:18 - Insert with success EAFMC202003003BR
28/03/2020 10:52:18 - Inserir Historico EMATL201806020BR
28/03/2020 10:52:19 - Insert with success EMATL201806020BR
28/03/2020 10:52:19 - Inserir Historico EMARC202003020BR
28/03/2020 10:52:19 - Insert with success EMARC202003020BR
28/03/2020 10:52:19 - Inserir Historico IMCSR202002316BR
28/03/2020 10:52:20 - Insert with success IMCSR202002316BR
28/03/2020 10:52:20 - Inserir Historico EMOXT202003079BR
28/03/2020 10:52:20 - Insert with success EMOXT202003079BR
28/03/2020 10:52:20 - Inserir Historico EMARC202003012BR
28/03/2020 10:52:21 - Insert with success EMARC202003012BR
28/03/2020 10:52:21 - Inserir Historico EMOXT202001155BR
28/03/2020 10:52:21 - Insert with success EMOXT202001155BR
28/03/2020 10:52:21 - Inserir Historico EMOXT202002146BR
28/03/2020 10:52:22 - Insert with success EMOXT202002146BR
28/03/2020 10:52:22 - Inserir Historico IMATL202002096BR
28/03/2020 10:52:22 - Insert with success IMATL202002096BR
28/03/2020 10:52:22 - Inserir Historico IAATL202003011BR
28/03/2020 10:52:23 - Insert with success IAATL202003011BR
28/03/2020 10:52:23 - Inserir Historico IMSOL202003115BR
28/03/2020 10:52:23 - Insert with success IMSOL202003115BR
28/03/2020 10:52:23 - Inserir Historico IMCSR202002317BR
28/03/2020 10:52:24 - Insert with success IMCSR202002317BR
28/03/2020 10:52:24 - Inserir Historico IMCSR202003425BR
28/03/2020 10:52:24 - Insert with success IMCSR202003425BR
28/03/2020 10:52:24 - Inserir Historico EMOXT202003042BR
28/03/2020 10:52:24 - Insert with success EMOXT202003042BR
28/03/2020 10:52:25 - Inserir Historico IMSWB202002084BR
28/03/2020 10:52:25 - Insert with success IMSWB202002084BR
28/03/2020 10:52:25 - Inserir Historico IMCBT202003004BR
28/03/2020 10:52:25 - Insert with success IMCBT202003004BR
28/03/2020 10:52:25 - Inserir Historico IMMAU202003008BR
28/03/2020 10:52:26 - Insert with success IMMAU202003008BR
28/03/2020 10:52:26 - Inserir Historico IMSPC202003038BR
28/03/2020 10:52:26 - Insert with success IMSPC202003038BR
28/03/2020 10:52:26 - Inserir Historico IMATL202002082BR
28/03/2020 10:52:27 - Insert with success IMATL202002082BR
28/03/2020 10:52:27 - Inserir Historico IMCSR202003089BR
28/03/2020 10:52:27 - Insert with success IMCSR202003089BR
28/03/2020 10:52:27 - Inserir Historico IMSOL202003116BR
28/03/2020 10:52:28 - Insert with success IMSOL202003116BR
28/03/2020 10:52:28 - Inserir Historico EMATL202001032BR
28/03/2020 10:52:28 - Insert with success EMATL202001032BR
28/03/2020 10:52:28 - Inserir Historico IMSPC202003033BR
28/03/2020 10:52:29 - Insert with success IMSPC202003033BR
28/03/2020 10:52:29 - Inserir Historico IMSOL201912065BR
28/03/2020 10:52:29 - Insert with success IMSOL201912065BR
28/03/2020 10:52:29 - Inserir Historico IMSOL202003117BR
28/03/2020 10:52:29 - Insert with success IMSOL202003117BR
28/03/2020 10:52:30 - Inserir Historico IMSPC202003034BR
28/03/2020 10:52:30 - Insert with success IMSPC202003034BR
28/03/2020 10:52:30 - Inserir Historico IMSWB201912031BR
28/03/2020 10:52:30 - Insert with success IMSWB201912031BR
28/03/2020 10:52:31 - Inserir Historico EMARC202003007BR
28/03/2020 10:52:31 - Insert with success EMARC202003007BR
28/03/2020 10:52:31 - Inserir Historico IMSPC202003039BR
28/03/2020 10:52:32 - Insert with success IMSPC202003039BR
28/03/2020 10:52:32 - Inserir Historico IMSPC202003035BR
28/03/2020 10:52:32 - Insert with success IMSPC202003035BR
28/03/2020 10:52:32 - Inserir Historico EMATL202002029BR
28/03/2020 10:52:33 - Insert with success EMATL202002029BR
28/03/2020 10:52:33 - Inserir Historico IMSOL202003118BR
28/03/2020 10:52:33 - Insert with success IMSOL202003118BR
28/03/2020 10:52:33 - Inserir Historico IMATL202003094BR
28/03/2020 10:52:34 - Insert with success IMATL202003094BR
28/03/2020 10:52:34 - Inserir Historico EOEXO202003005BR
28/03/2020 10:52:34 - Insert with success EOEXO202003005BR
28/03/2020 10:52:35 - Inserir Historico IMOXT202001015BR
28/03/2020 10:52:35 - Insert with success IMOXT202001015BR
28/03/2020 10:52:35 - Inserir Historico IMSPC202003040BR
28/03/2020 10:52:36 - Insert with success IMSPC202003040BR
28/03/2020 10:52:36 - Inserir Historico EOEXO202003006BR
28/03/2020 10:52:36 - Insert with success EOEXO202003006BR
28/03/2020 10:52:36 - Inserir Historico IMCTV202001002BR
28/03/2020 10:52:37 - Insert with success IMCTV202001002BR
28/03/2020 10:52:37 - Inserir Historico EMATL202002014BR
28/03/2020 10:52:37 - Insert with success EMATL202002014BR
28/03/2020 10:52:37 - Inserir Historico IMSOL202003119BR
28/03/2020 10:52:38 - Insert with success IMSOL202003119BR
28/03/2020 10:52:38 - Inserir Historico IMCSR202003458BR
28/03/2020 10:52:38 - Insert with success IMCSR202003458BR
28/03/2020 10:52:38 - Inserir Historico IMSOL202003120BR
28/03/2020 10:52:39 - Insert with success IMSOL202003120BR
28/03/2020 10:52:39 - Inserir Historico IMCSR201910334BR
28/03/2020 10:52:39 - Insert with success IMCSR201910334BR
28/03/2020 10:52:39 - Inserir Historico IMCSR202002144BR
28/03/2020 10:52:40 - Insert with success IMCSR202002144BR
28/03/2020 10:52:40 - Inserir Historico IMCSR201910336BR
28/03/2020 10:52:40 - Insert with success IMCSR201910336BR
28/03/2020 10:52:40 - Inserir Historico IMEXO202002030BR
28/03/2020 10:52:41 - Insert with success IMEXO202002030BR
28/03/2020 10:52:41 - Inserir Historico EACSR202001006BR
28/03/2020 10:52:41 - Insert with success EACSR202001006BR
28/03/2020 10:52:41 - Inserir Historico IMCSR201910335BR
28/03/2020 10:52:42 - Insert with success IMCSR201910335BR
28/03/2020 10:52:42 - Inserir Historico IMSOL202003121BR
28/03/2020 10:52:42 - Insert with success IMSOL202003121BR
28/03/2020 10:52:42 - Inserir Historico IMEXO202002020BR
28/03/2020 10:52:43 - Insert with success IMEXO202002020BR
28/03/2020 10:52:43 - Inserir Historico IMCSR201910338BR
28/03/2020 10:52:43 - Insert with success IMCSR201910338BR
28/03/2020 10:52:43 - Inserir Historico IMCSR201910339BR
28/03/2020 10:52:44 - Insert with success IMCSR201910339BR
28/03/2020 10:52:44 - Inserir Historico IMATL202003095BR
28/03/2020 10:52:44 - Insert with success IMATL202003095BR
28/03/2020 10:52:44 - Inserir Historico IMCSR201910341BR
28/03/2020 10:52:45 - Insert with success IMCSR201910341BR
28/03/2020 10:52:45 - Inserir Historico EMOXT202003037BR
28/03/2020 10:52:45 - Insert with success EMOXT202003037BR
28/03/2020 10:52:45 - Inserir Historico EMATL202002016BR
28/03/2020 10:52:46 - Insert with success EMATL202002016BR
28/03/2020 10:52:46 - Inserir Historico IMCSR201910340BR
28/03/2020 10:52:46 - Insert with success IMCSR201910340BR
28/03/2020 10:52:46 - Inserir Historico IMCSR201910342BR
28/03/2020 10:52:46 - Insert with success IMCSR201910342BR
28/03/2020 10:52:46 - Inserir Historico IMSOL202003122BR
28/03/2020 10:52:47 - Insert with success IMSOL202003122BR
28/03/2020 10:52:47 - Inserir Historico IMCSR201910343BR
28/03/2020 10:52:47 - Insert with success IMCSR201910343BR
28/03/2020 10:52:47 - Inserir Historico EMATL202002031BR
28/03/2020 10:52:48 - Insert with success EMATL202002031BR
28/03/2020 10:52:48 - Inserir Historico EMOXT202002073BR
28/03/2020 10:52:48 - Insert with success EMOXT202002073BR
28/03/2020 10:52:48 - Inserir Historico IMSOL202003123BR
28/03/2020 10:52:49 - Insert with success IMSOL202003123BR
28/03/2020 10:52:49 - Inserir Historico IMOXT202002026BR
28/03/2020 10:52:50 - Insert with success IMOXT202002026BR
28/03/2020 10:52:50 - Inserir Historico IMOCV202002012BR
28/03/2020 10:52:50 - Insert with success IMOCV202002012BR
28/03/2020 10:52:51 - Inserir Historico IMSWB201910005BR
28/03/2020 10:52:51 - Insert with success IMSWB201910005BR
28/03/2020 10:52:52 - Inserir Historico IMSOL202003124BR
28/03/2020 10:52:52 - Insert with success IMSOL202003124BR
28/03/2020 10:52:52 - Inserir Historico IMCSR202002109BR
28/03/2020 10:52:53 - Insert with success IMCSR202002109BR
28/03/2020 10:52:53 - Inserir Historico EOSLA202002001BR
28/03/2020 10:52:54 - Insert with success EOSLA202002001BR
28/03/2020 10:52:54 - Inserir Historico IMCSR202002114BR
28/03/2020 10:52:55 - Insert with success IMCSR202002114BR
28/03/2020 10:52:55 - Inserir Historico IOSWB202003006BR
28/03/2020 10:52:55 - Insert with success IOSWB202003006BR
28/03/2020 10:52:55 - Inserir Historico IMCSR202003179BR
28/03/2020 10:52:56 - Insert with success IMCSR202003179BR
28/03/2020 10:52:56 - Inserir Historico EAATL202003005BR
28/03/2020 10:52:56 - Insert with success EAATL202003005BR
28/03/2020 10:52:56 - Inserir Historico IMSOL202003125BR
28/03/2020 10:52:57 - Insert with success IMSOL202003125BR
28/03/2020 10:52:57 - Inserir Historico IMATL202003070BR
28/03/2020 10:52:58 - Insert with success IMATL202003070BR
28/03/2020 10:52:58 - Inserir Historico IASWB202003011BR
28/03/2020 10:52:58 - Insert with success IASWB202003011BR
28/03/2020 10:52:58 - Inserir Historico IMCBT202003021BR
28/03/2020 10:52:59 - Insert with success IMCBT202003021BR
28/03/2020 10:52:59 - Inserir Historico IABSF202003012BR
28/03/2020 10:52:59 - Insert with success IABSF202003012BR
28/03/2020 10:53:00 - Inserir Historico IMSOL202003126BR
28/03/2020 10:53:00 - Insert with success IMSOL202003126BR
28/03/2020 10:53:00 - Inserir Historico EMARC202003009BR
28/03/2020 10:53:01 - Insert with success EMARC202003009BR
28/03/2020 10:53:01 - Inserir Historico IMCSR202003433BR
28/03/2020 10:53:01 - Insert with success IMCSR202003433BR
28/03/2020 10:53:02 - Inserir Historico IMCSR202003434BR
28/03/2020 10:53:02 - Insert with success IMCSR202003434BR
28/03/2020 10:53:02 - Inserir Historico IMCSR202003435BR
28/03/2020 10:53:03 - Insert with success IMCSR202003435BR
28/03/2020 10:53:03 - Inserir Historico IMSOL202003127BR
28/03/2020 10:53:04 - Insert with success IMSOL202003127BR
28/03/2020 10:53:04 - Inserir Historico EMARC202003025BR
28/03/2020 10:53:04 - Insert with success EMARC202003025BR
28/03/2020 10:53:04 - Inserir Historico IMOXT202002005BR
28/03/2020 10:53:05 - Insert with success IMOXT202002005BR
28/03/2020 10:53:05 - Inserir Historico IMOXT202002013BR
28/03/2020 10:53:05 - Insert with success IMOXT202002013BR
28/03/2020 10:53:06 - Inserir Historico IMCSR202001309BR
28/03/2020 10:53:06 - Insert with success IMCSR202001309BR
28/03/2020 10:53:06 - Inserir Historico EOSOL202003010BR
28/03/2020 10:53:07 - Insert with success EOSOL202003010BR
28/03/2020 10:53:07 - Inserir Historico IMSOL202003128BR
28/03/2020 10:53:07 - Insert with success IMSOL202003128BR
28/03/2020 10:53:07 - Inserir Historico IMOXT202001004BR
28/03/2020 10:53:08 - Insert with success IMOXT202001004BR
28/03/2020 10:53:08 - Inserir Historico IMOXT201912023BR
28/03/2020 10:53:08 - Insert with success IMOXT201912023BR
28/03/2020 10:53:08 - Inserir Historico IMCSR202001434BR
28/03/2020 10:53:09 - Insert with success IMCSR202001434BR
28/03/2020 10:53:09 - Inserir Historico IMCSR202001430BR
28/03/2020 10:53:22 - Insert with success IMCSR202001430BR
28/03/2020 10:53:48 - Inserir Historico IMCSR202002391BR
28/03/2020 10:53:49 - Insert with success IMCSR202002391BR
28/03/2020 10:53:58 - Inserir Historico IMCSR202002389BR
28/03/2020 10:53:58 - Insert with success IMCSR202002389BR
28/03/2020 10:55:13 - Inserir Historico IMCSR202002418BR
28/03/2020 10:55:13 - Insert with success IMCSR202002418BR
28/03/2020 10:55:13 - Inserir Historico IMCSR202001432BR
28/03/2020 10:55:13 - Insert with success IMCSR202001432BR
28/03/2020 10:55:14 - Inserir Historico IMCSR202001593BR
28/03/2020 10:55:14 - Insert with success IMCSR202001593BR
28/03/2020 10:55:14 - Inserir Historico IMCSR202003042BR
28/03/2020 10:55:15 - Insert with success IMCSR202003042BR
28/03/2020 10:55:15 - Inserir Historico IMCSR202002040BR
28/03/2020 10:55:15 - Insert with success IMCSR202002040BR
28/03/2020 10:55:15 - Inserir Historico IMCSR202001195BR
28/03/2020 10:55:16 - Insert with success IMCSR202001195BR
28/03/2020 10:55:16 - Inserir Historico IMCSR202002306BR
28/03/2020 10:55:16 - Insert with success IMCSR202002306BR
28/03/2020 10:55:16 - Inserir Historico IMCSR202002347BR
28/03/2020 10:55:17 - Insert with success IMCSR202002347BR
28/03/2020 10:55:17 - Inserir Historico IMCSR202002349BR
28/03/2020 10:55:18 - Insert with success IMCSR202002349BR
28/03/2020 10:55:18 - Inserir Historico IMCSR202002425BR
28/03/2020 10:55:18 - Insert with success IMCSR202002425BR
28/03/2020 10:55:18 - Inserir Historico IMCSR202002451BR
28/03/2020 10:55:19 - Insert with success IMCSR202002451BR
28/03/2020 10:55:19 - Inserir Historico IMCSR202002454BR
28/03/2020 10:55:19 - Insert with success IMCSR202002454BR
28/03/2020 10:55:19 - Inserir Historico IMCSR202002392BR
28/03/2020 10:55:20 - Insert with success IMCSR202002392BR
28/03/2020 10:55:20 - Inserir Historico IMCSR202002257BR
28/03/2020 10:55:20 - Insert with success IMCSR202002257BR
28/03/2020 10:55:20 - Inserir Historico IMCSR202002126BR
28/03/2020 10:55:21 - Insert with success IMCSR202002126BR
28/03/2020 10:55:21 - Inserir Historico IMCSR202001428BR
28/03/2020 10:55:21 - Insert with success IMCSR202001428BR
28/03/2020 10:55:21 - Inserir Historico IMCSR202002125BR
28/03/2020 10:55:22 - Insert with success IMCSR202002125BR
28/03/2020 10:55:22 - Inserir Historico IMCSR202002123BR
28/03/2020 10:55:23 - Insert with success IMCSR202002123BR
28/03/2020 10:55:23 - Inserir Historico IMCSR202002300BR
28/03/2020 10:55:23 - Insert with success IMCSR202002300BR
28/03/2020 10:55:23 - Inserir Historico IMSOL202003129BR
28/03/2020 10:55:23 - Insert with success IMSOL202003129BR
28/03/2020 10:55:24 - Inserir Historico IMOXT201912022BR
28/03/2020 10:55:24 - Insert with success IMOXT201912022BR
28/03/2020 10:55:24 - Inserir Historico EMOXT202003137BR
28/03/2020 10:55:25 - Insert with success EMOXT202003137BR
28/03/2020 10:55:25 - Inserir Historico IAMTE202003013BR
28/03/2020 10:55:25 - Insert with success IAMTE202003013BR
28/03/2020 10:55:26 - Inserir Historico EMOXT202003138BR
28/03/2020 10:55:26 - Insert with success EMOXT202003138BR
28/03/2020 10:55:26 - Inserir Historico EMSGB202003001BR
28/03/2020 10:55:27 - Insert with success EMSGB202003001BR
28/03/2020 10:55:27 - Inserir Historico IMSOL202003130BR
28/03/2020 10:55:27 - Insert with success IMSOL202003130BR
28/03/2020 10:55:28 - Inserir Historico IMCSR202002087BR
28/03/2020 10:55:28 - Insert with success IMCSR202002087BR
28/03/2020 10:55:28 - Inserir Historico IMSOL202001039BR
28/03/2020 10:55:29 - Insert with success IMSOL202001039BR
28/03/2020 10:55:29 - Inserir Historico EMOXT202003139BR
28/03/2020 10:55:30 - Insert with success EMOXT202003139BR
28/03/2020 10:55:30 - Inserir Historico EMCSR202003096BR
28/03/2020 10:55:30 - Insert with success EMCSR202003096BR
28/03/2020 10:55:31 - Inserir Historico IMLAN202003001BR
28/03/2020 10:55:31 - Insert with success IMLAN202003001BR
28/03/2020 10:55:31 - Inserir Historico IMATL202003065BR
28/03/2020 10:55:31 - Insert with success IMATL202003065BR
28/03/2020 10:55:32 - Inserir Historico EMARC202003026BR
28/03/2020 10:55:32 - Insert with success EMARC202003026BR
28/03/2020 10:55:32 - Inserir Historico IMATL202003066BR
28/03/2020 10:55:33 - Insert with success IMATL202003066BR
28/03/2020 10:55:33 - Inserir Historico IMSOL202001098BR
28/03/2020 10:55:33 - Insert with success IMSOL202001098BR
28/03/2020 10:55:33 - Inserir Historico EMOXT202003140BR
28/03/2020 10:55:34 - Insert with success EMOXT202003140BR
28/03/2020 10:55:34 - Inserir Historico IMSOL202003131BR
28/03/2020 10:55:34 - Insert with success IMSOL202003131BR
28/03/2020 10:55:34 - Inserir Historico IMSWB201911089BR
28/03/2020 10:55:35 - Insert with success IMSWB201911089BR
28/03/2020 10:55:35 - Inserir Historico IMATL202003062BR
28/03/2020 10:55:36 - Insert with success IMATL202003062BR
28/03/2020 10:55:36 - Inserir Historico IMSOL202003132BR
28/03/2020 10:55:36 - Insert with success IMSOL202003132BR
28/03/2020 10:55:36 - Inserir Historico IMSWB202002095BR
28/03/2020 10:55:37 - Insert with success IMSWB202002095BR
28/03/2020 10:55:37 - Inserir Historico IMSOL202002068BR
28/03/2020 10:55:38 - Insert with success IMSOL202002068BR
28/03/2020 10:55:38 - Inserir Historico IMATL202003063BR
28/03/2020 10:55:39 - Insert with success IMATL202003063BR
28/03/2020 10:55:39 - Inserir Historico EMCSR202002101BR
28/03/2020 10:55:40 - Insert with success EMCSR202002101BR
28/03/2020 10:55:40 - Inserir Historico IMSOL202002069BR
28/03/2020 10:55:40 - Insert with success IMSOL202002069BR
28/03/2020 10:55:40 - Inserir Historico IMSWB202002096BR
28/03/2020 10:55:41 - Insert with success IMSWB202002096BR
28/03/2020 10:55:41 - Inserir Historico EMSLA202003003BR
28/03/2020 10:55:41 - Insert with success EMSLA202003003BR
28/03/2020 10:55:42 - Inserir Historico IMCSR202003459BR
28/03/2020 10:55:42 - Insert with success IMCSR202003459BR
28/03/2020 10:55:42 - Inserir Historico IMSWB202003093BR
28/03/2020 10:55:42 - Insert with success IMSWB202003093BR
28/03/2020 10:55:43 - Inserir Historico IMSOL202003075BR
28/03/2020 10:55:43 - Insert with success IMSOL202003075BR
28/03/2020 10:55:43 - Inserir Historico IMCSR202001594BR
28/03/2020 10:55:44 - Insert with success IMCSR202001594BR
28/03/2020 10:55:44 - Inserir Historico EMCSR202003097BR
28/03/2020 10:55:44 - Insert with success EMCSR202003097BR
28/03/2020 10:55:44 - Inserir Historico IMSWB202001090BR
28/03/2020 10:55:45 - Insert with success IMSWB202001090BR
28/03/2020 10:55:45 - Inserir Historico IMSOL202003074BR
28/03/2020 10:55:45 - Insert with success IMSOL202003074BR
28/03/2020 10:55:45 - Inserir Historico IOCTV202003002BR
28/03/2020 10:55:46 - Insert with success IOCTV202003002BR
28/03/2020 10:55:46 - Inserir Historico IOCTV202003003BR
28/03/2020 10:55:46 - Insert with success IOCTV202003003BR
28/03/2020 10:55:46 - Inserir Historico EMOXT201912178BR
28/03/2020 10:55:46 - Insert with success EMOXT201912178BR
28/03/2020 10:55:47 - Inserir Historico EMOXT202001033BR
28/03/2020 10:55:47 - Insert with success EMOXT202001033BR
28/03/2020 10:55:47 - Inserir Historico EMOXT202001177BR
28/03/2020 10:55:47 - Insert with success EMOXT202001177BR
28/03/2020 10:55:48 - Inserir Historico EMOXT202002013BR
28/03/2020 10:55:48 - Insert with success EMOXT202002013BR
28/03/2020 10:55:48 - Inserir Historico EMOXT202002004BR
28/03/2020 10:55:48 - Insert with success EMOXT202002004BR
28/03/2020 10:55:48 - Inserir Historico EMOXT202001248BR
28/03/2020 10:55:49 - Insert with success EMOXT202001248BR
28/03/2020 10:55:49 - Inserir Historico EMOXT202002055BR
28/03/2020 10:55:49 - Insert with success EMOXT202002055BR
28/03/2020 10:55:49 - Inserir Historico EMOXT202002034BR
28/03/2020 10:55:50 - Insert with success EMOXT202002034BR
28/03/2020 10:55:50 - Inserir Historico EMOXT202002056BR
28/03/2020 10:55:50 - Insert with success EMOXT202002056BR
28/03/2020 10:55:50 - Inserir Historico EMOXT202002082BR
28/03/2020 10:55:51 - Insert with success EMOXT202002082BR
28/03/2020 10:55:51 - Inserir Historico EMOXT202002098BR
28/03/2020 10:55:51 - Insert with success EMOXT202002098BR
28/03/2020 10:55:51 - Inserir Historico EMOXT202002083BR
28/03/2020 10:55:52 - Insert with success EMOXT202002083BR
28/03/2020 10:55:52 - Inserir Historico EMOXT202002084BR
28/03/2020 10:55:52 - Insert with success EMOXT202002084BR
28/03/2020 10:55:52 - Inserir Historico EMOXT202002116BR
28/03/2020 10:55:53 - Insert with success EMOXT202002116BR
28/03/2020 10:55:53 - Inserir Historico EMOXT202002110BR
28/03/2020 10:55:53 - Insert with success EMOXT202002110BR
28/03/2020 10:55:53 - Inserir Historico EMOXT202002099BR
28/03/2020 10:55:54 - Insert with success EMOXT202002099BR
28/03/2020 10:55:54 - Inserir Historico EMOXT202002096BR
28/03/2020 10:55:54 - Insert with success EMOXT202002096BR
28/03/2020 10:55:54 - Inserir Historico EMOXT202002102BR
28/03/2020 10:55:55 - Insert with success EMOXT202002102BR
28/03/2020 10:55:55 - Inserir Historico EMOXT202002100BR
28/03/2020 10:55:55 - Insert with success EMOXT202002100BR
28/03/2020 10:55:55 - Inserir Historico EMOXT202002112BR
28/03/2020 10:55:56 - Insert with success EMOXT202002112BR
28/03/2020 10:55:56 - Inserir Historico EMOXT202002113BR
28/03/2020 10:55:57 - Insert with success EMOXT202002113BR
28/03/2020 10:55:57 - Inserir Historico EMOXT202002208BR
28/03/2020 10:55:57 - Insert with success EMOXT202002208BR
28/03/2020 10:55:57 - Inserir Historico EMOXT202002226BR
28/03/2020 10:55:58 - Insert with success EMOXT202002226BR
28/03/2020 10:55:58 - Inserir Historico EMOXT202002114BR
28/03/2020 10:55:58 - Insert with success EMOXT202002114BR
28/03/2020 10:55:58 - Inserir Historico EMOXT202002121BR
28/03/2020 10:55:59 - Insert with success EMOXT202002121BR
28/03/2020 10:55:59 - Inserir Historico EMOXT202002109BR
28/03/2020 10:55:59 - Insert with success EMOXT202002109BR
28/03/2020 10:55:59 - Inserir Historico EMCSR202001036BR
28/03/2020 10:56:00 - Insert with success EMCSR202001036BR
28/03/2020 10:56:00 - Inserir Historico IMSOL202003073BR
28/03/2020 10:56:00 - Insert with success IMSOL202003073BR
28/03/2020 10:56:00 - Inserir Historico IMSOL202003072BR
28/03/2020 10:56:01 - Insert with success IMSOL202003072BR
28/03/2020 10:56:01 - Inserir Historico IMLYB202002001BR
28/03/2020 10:56:01 - Insert with success IMLYB202002001BR
28/03/2020 10:56:02 - Inserir Historico EOSOL202003011BR
28/03/2020 10:56:02 - Insert with success EOSOL202003011BR
28/03/2020 10:56:02 - Inserir Historico IMLYB202003002BR
28/03/2020 10:56:02 - Insert with success IMLYB202003002BR
28/03/2020 10:56:02 - Inserir Historico EMCSR202003098BR
28/03/2020 10:56:03 - Insert with success EMCSR202003098BR
28/03/2020 10:56:03 - Inserir Historico IMLYB202002021BR
28/03/2020 10:56:03 - Insert with success IMLYB202002021BR
28/03/2020 10:56:03 - Inserir Historico IMCBT202003038BR
28/03/2020 10:56:04 - Insert with success IMCBT202003038BR
28/03/2020 10:56:04 - Inserir Historico IMATL202003061BR
28/03/2020 10:56:04 - Insert with success IMATL202003061BR
28/03/2020 10:56:04 - Inserir Historico IMATL202003060BR
28/03/2020 10:56:04 - Insert with success IMATL202003060BR
28/03/2020 10:56:04 - Inserir Historico EMCSR202003099BR
28/03/2020 10:56:05 - Insert with success EMCSR202003099BR
28/03/2020 10:56:05 - Inserir Historico EMARC202003001BR
28/03/2020 10:56:05 - Insert with success EMARC202003001BR
28/03/2020 10:56:06 - Inserir Historico IMSWB202002134BR
28/03/2020 10:56:06 - Insert with success IMSWB202002134BR
28/03/2020 10:56:06 - Inserir Historico IAOXT201909002BR
28/03/2020 10:56:06 - Insert with success IAOXT201909002BR
28/03/2020 10:56:06 - Inserir Historico EMCSR202003100BR
28/03/2020 10:56:07 - Insert with success EMCSR202003100BR
28/03/2020 10:56:07 - Inserir Historico IMCBT202003006BR
28/03/2020 10:56:07 - Insert with success IMCBT202003006BR
28/03/2020 10:56:07 - Inserir Historico EMATL202002009BR
28/03/2020 10:56:08 - Insert with success EMATL202002009BR
28/03/2020 10:56:08 - Inserir Historico IMSWB202002002BR
28/03/2020 10:56:08 - Insert with success IMSWB202002002BR
28/03/2020 10:56:08 - Inserir Historico EMCSR202001100BR
28/03/2020 10:56:09 - Insert with success EMCSR202001100BR
28/03/2020 10:56:09 - Inserir Historico EMCSR201912081BR
28/03/2020 10:56:09 - Insert with success EMCSR201912081BR
28/03/2020 10:56:09 - Inserir Historico EMCSR202002032BR
28/03/2020 10:56:10 - Insert with success EMCSR202002032BR
28/03/2020 10:56:10 - Inserir Historico EMCSR201912003BR
28/03/2020 10:56:10 - Insert with success EMCSR201912003BR
28/03/2020 10:56:10 - Inserir Historico EMCSR202002078BR
28/03/2020 10:56:11 - Insert with success EMCSR202002078BR
28/03/2020 10:56:11 - Inserir Historico EMCSR202002084BR
28/03/2020 10:56:11 - Insert with success EMCSR202002084BR
28/03/2020 10:56:11 - Inserir Historico EMCSR202002043BR
28/03/2020 10:56:11 - Insert with success EMCSR202002043BR
28/03/2020 10:56:11 - Inserir Historico EMCSR202002085BR
28/03/2020 10:56:12 - Insert with success EMCSR202002085BR
28/03/2020 10:56:12 - Inserir Historico EMCSR202002086BR
28/03/2020 10:56:12 - Insert with success EMCSR202002086BR
28/03/2020 10:56:12 - Inserir Historico EMCSR202002039BR
28/03/2020 10:56:13 - Insert with success EMCSR202002039BR
28/03/2020 10:56:13 - Inserir Historico EMCSR202002063BR
28/03/2020 10:56:13 - Insert with success EMCSR202002063BR
28/03/2020 10:56:14 - Inserir Historico EMCSR202002038BR
28/03/2020 10:56:14 - Insert with success EMCSR202002038BR
28/03/2020 10:56:14 - Inserir Historico EMCSR202002093BR
28/03/2020 10:56:15 - Insert with success EMCSR202002093BR
28/03/2020 10:56:15 - Inserir Historico EMCSR202002020BR
28/03/2020 10:56:15 - Insert with success EMCSR202002020BR
28/03/2020 10:56:15 - Inserir Historico EMCSR202002015BR
28/03/2020 10:56:16 - Insert with success EMCSR202002015BR
28/03/2020 10:56:16 - Inserir Historico EMCSR202002034BR
28/03/2020 10:56:16 - Insert with success EMCSR202002034BR
28/03/2020 10:56:16 - Inserir Historico EMCSR202002053BR
28/03/2020 10:56:17 - Insert with success EMCSR202002053BR
28/03/2020 10:56:17 - Inserir Historico EMCSR202002021BR
28/03/2020 10:56:17 - Insert with success EMCSR202002021BR
28/03/2020 10:56:17 - Inserir Historico EMCSR202002031BR
28/03/2020 10:56:18 - Insert with success EMCSR202002031BR
28/03/2020 10:56:18 - Inserir Historico EMCSR202001060BR
28/03/2020 10:56:18 - Insert with success EMCSR202001060BR
28/03/2020 10:56:18 - Inserir Historico EMCSR202002010BR
28/03/2020 10:56:19 - Insert with success EMCSR202002010BR
28/03/2020 10:56:19 - Inserir Historico EMCSR202002066BR
28/03/2020 10:56:19 - Insert with success EMCSR202002066BR
28/03/2020 10:56:19 - Inserir Historico EMCSR202002057BR
28/03/2020 10:56:20 - Insert with success EMCSR202002057BR
28/03/2020 10:56:20 - Inserir Historico EMCSR202002011BR
28/03/2020 10:56:20 - Insert with success EMCSR202002011BR
28/03/2020 10:56:20 - Inserir Historico EMCSR202002007BR
28/03/2020 10:56:20 - Insert with success EMCSR202002007BR
28/03/2020 10:56:21 - Inserir Historico EMCSR202002072BR
28/03/2020 10:56:21 - Insert with success EMCSR202002072BR
28/03/2020 10:56:21 - Inserir Historico EMSOL202003001BR
28/03/2020 10:56:22 - Insert with success EMSOL202003001BR
28/03/2020 10:56:22 - Inserir Historico EAEXO202003001BR
28/03/2020 10:56:22 - Insert with success EAEXO202003001BR
28/03/2020 10:56:22 - Inserir Historico EMCSR202003101BR
28/03/2020 10:56:23 - Insert with success EMCSR202003101BR
28/03/2020 10:56:23 - Inserir Historico IMSWB202003073BR
28/03/2020 10:56:23 - Insert with success IMSWB202003073BR
28/03/2020 10:56:23 - Inserir Historico IMSOL202003133BR
28/03/2020 10:56:24 - Insert with success IMSOL202003133BR
28/03/2020 10:56:24 - Inserir Historico IMSWB202003074BR
28/03/2020 10:56:24 - Insert with success IMSWB202003074BR
28/03/2020 10:56:24 - Inserir Historico EMATL202003027BR
28/03/2020 10:56:25 - Insert with success EMATL202003027BR
28/03/2020 10:56:25 - Inserir Historico EMCSR202003009BR
28/03/2020 10:56:25 - Insert with success EMCSR202003009BR
28/03/2020 10:56:25 - Inserir Historico IMOXT201912002BR
28/03/2020 10:56:25 - Insert with success IMOXT201912002BR
28/03/2020 10:56:26 - Inserir Historico IMSWB202002104BR
28/03/2020 10:56:26 - Insert with success IMSWB202002104BR
28/03/2020 10:56:26 - Inserir Historico IOCTV202003004BR
28/03/2020 10:56:26 - Insert with success IOCTV202003004BR
28/03/2020 10:56:26 - Inserir Historico IOCTV202003005BR
28/03/2020 10:56:27 - Insert with success IOCTV202003005BR
28/03/2020 10:56:27 - Inserir Historico EOSOL202001019BR
28/03/2020 10:56:27 - Insert with success EOSOL202001019BR
28/03/2020 10:56:27 - Inserir Historico EOSOL202002009BR
28/03/2020 10:56:28 - Insert with success EOSOL202002009BR
28/03/2020 10:56:28 - Inserir Historico EOSOL202002013BR
28/03/2020 10:56:28 - Insert with success EOSOL202002013BR
28/03/2020 10:56:28 - Inserir Historico EOSOL202002015BR
28/03/2020 10:56:29 - Insert with success EOSOL202002015BR
28/03/2020 10:56:29 - Inserir Historico EOSOL202002017BR
28/03/2020 10:56:29 - Insert with success EOSOL202002017BR
28/03/2020 10:56:29 - Inserir Historico EOSOL202002016BR
28/03/2020 10:56:29 - Insert with success EOSOL202002016BR
28/03/2020 10:56:30 - Inserir Historico EOSOL202002019BR
28/03/2020 10:56:30 - Insert with success EOSOL202002019BR
28/03/2020 10:56:30 - Inserir Historico EOSOL202002018BR
28/03/2020 10:56:30 - Insert with success EOSOL202002018BR
28/03/2020 10:56:31 - Inserir Historico EOSOL202002024BR
28/03/2020 10:56:31 - Insert with success EOSOL202002024BR
28/03/2020 10:56:31 - Inserir Historico EOSOL202002030BR
28/03/2020 10:56:32 - Insert with success EOSOL202002030BR
28/03/2020 10:56:32 - Inserir Historico EOSOL202002031BR
28/03/2020 10:56:33 - Insert with success EOSOL202002031BR
28/03/2020 10:56:33 - Inserir Historico EOSOL202002007BR
28/03/2020 10:56:33 - Insert with success EOSOL202002007BR
28/03/2020 10:56:33 - Inserir Historico EOSOL202002021BR
28/03/2020 10:56:33 - Insert with success EOSOL202002021BR
28/03/2020 10:56:34 - Inserir Historico EORHO202002034BR
28/03/2020 10:56:34 - Insert with success EORHO202002034BR
28/03/2020 10:56:34 - Inserir Historico EORHO202001005BR
28/03/2020 10:56:34 - Insert with success EORHO202001005BR
28/03/2020 10:56:35 - Inserir Historico EORHO202002021BR
28/03/2020 10:56:35 - Insert with success EORHO202002021BR
28/03/2020 10:56:35 - Inserir Historico EORHO202002035BR
28/03/2020 10:56:35 - Insert with success EORHO202002035BR
28/03/2020 10:56:36 - Inserir Historico EORHO202002022BR
28/03/2020 10:56:36 - Insert with success EORHO202002022BR
28/03/2020 10:56:36 - Inserir Historico EORHO202003012BR
28/03/2020 10:56:36 - Insert with success EORHO202003012BR
28/03/2020 10:56:36 - Inserir Historico EORHO202003014BR
28/03/2020 10:56:37 - Insert with success EORHO202003014BR
28/03/2020 10:56:37 - Inserir Historico EORHO202002036BR
28/03/2020 10:56:37 - Insert with success EORHO202002036BR
28/03/2020 10:56:37 - Inserir Historico IOSWB202003003BR
28/03/2020 10:56:38 - Insert with success IOSWB202003003BR
28/03/2020 10:56:38 - Inserir Historico IAMTE202001004BR
28/03/2020 10:56:38 - Insert with success IAMTE202001004BR
28/03/2020 10:56:38 - Inserir Historico IAFUN202001001BR
28/03/2020 10:56:39 - Insert with success IAFUN202001001BR
28/03/2020 10:56:39 - Inserir Historico EOSOL202003012BR
28/03/2020 10:56:39 - Insert with success EOSOL202003012BR
28/03/2020 10:56:39 - Inserir Historico EMCSR202003030BR
28/03/2020 10:56:40 - Insert with success EMCSR202003030BR
28/03/2020 10:56:40 - Inserir Historico IMSLA202003001BR
28/03/2020 10:56:40 - Insert with success IMSLA202003001BR
28/03/2020 10:56:40 - Inserir Historico IMEXO202003030BR
28/03/2020 10:56:41 - Insert with success IMEXO202003030BR
28/03/2020 10:56:41 - Inserir Historico IMEAS202003001BR
28/03/2020 10:56:41 - Insert with success IMEAS202003001BR
28/03/2020 10:56:41 - Inserir Historico IMCTV202002043BR
28/03/2020 10:56:42 - Insert with success IMCTV202002043BR
28/03/2020 10:56:42 - Inserir Historico IMCSR202003207BR
28/03/2020 10:56:42 - Insert with success IMCSR202003207BR
28/03/2020 10:56:42 - Inserir Historico IMATL202003025BR
28/03/2020 10:56:43 - Insert with success IMATL202003025BR
28/03/2020 10:56:43 - Inserir Historico IMATL202003026BR
28/03/2020 10:56:43 - Insert with success IMATL202003026BR
28/03/2020 10:56:43 - Inserir Historico IMATL202001142BR
28/03/2020 10:56:44 - Insert with success IMATL202001142BR
28/03/2020 10:56:44 - Inserir Historico IMATL202001162BR
28/03/2020 10:56:44 - Insert with success IMATL202001162BR
28/03/2020 10:56:44 - Inserir Historico IMATL202002056BR
28/03/2020 10:56:45 - Insert with success IMATL202002056BR
28/03/2020 10:56:45 - Inserir Historico IMATL202002065BR
28/03/2020 10:56:45 - Insert with success IMATL202002065BR
28/03/2020 10:56:45 - Inserir Historico IMSOL202001065BR
28/03/2020 10:56:45 - Insert with success IMSOL202001065BR
28/03/2020 10:56:46 - Inserir Historico IMCSR202003460BR
28/03/2020 10:56:46 - Insert with success IMCSR202003460BR
28/03/2020 10:56:46 - Inserir Historico IMSOL202002099BR
28/03/2020 10:56:46 - Insert with success IMSOL202002099BR
28/03/2020 10:56:47 - Inserir Historico IMSOL202002100BR
28/03/2020 10:56:47 - Insert with success IMSOL202002100BR
28/03/2020 10:56:47 - Inserir Historico IMATL202002078BR
28/03/2020 10:56:47 - Insert with success IMATL202002078BR
28/03/2020 10:56:48 - Inserir Historico IMNVS202002001BR
28/03/2020 10:56:48 - Insert with success IMNVS202002001BR
28/03/2020 10:56:48 - Inserir Historico IMATL202002057BR
28/03/2020 10:56:48 - Insert with success IMATL202002057BR
28/03/2020 10:56:49 - Inserir Historico IMSOL202002111BR
28/03/2020 10:56:49 - Insert with success IMSOL202002111BR
28/03/2020 10:56:49 - Inserir Historico IMATL202002060BR
28/03/2020 10:56:49 - Insert with success IMATL202002060BR
28/03/2020 10:56:50 - Inserir Historico IMSOL202002007BR
28/03/2020 10:56:50 - Insert with success IMSOL202002007BR
28/03/2020 10:56:50 - Inserir Historico IASPC202003003BR
28/03/2020 10:56:50 - Insert with success IASPC202003003BR
28/03/2020 10:56:51 - Inserir Historico IMSOL202002021BR
28/03/2020 10:56:51 - Insert with success IMSOL202002021BR
28/03/2020 10:56:51 - Inserir Historico IMSOL202002023BR
28/03/2020 10:56:51 - Insert with success IMSOL202002023BR
28/03/2020 10:56:51 - Inserir Historico IMSOL202002025BR
28/03/2020 10:56:52 - Insert with success IMSOL202002025BR
28/03/2020 10:56:52 - Inserir Historico IMSOL202002020BR
28/03/2020 10:56:52 - Insert with success IMSOL202002020BR
28/03/2020 10:56:53 - Inserir Historico IMSOL202002024BR
28/03/2020 10:56:53 - Insert with success IMSOL202002024BR
28/03/2020 10:56:53 - Inserir Historico IMSOL202002026BR
28/03/2020 10:56:53 - Insert with success IMSOL202002026BR
28/03/2020 10:56:54 - Inserir Historico IMSOL202001075BR
28/03/2020 10:56:54 - Insert with success IMSOL202001075BR
28/03/2020 10:56:54 - Inserir Historico IMSOL202001076BR
28/03/2020 10:56:54 - Insert with success IMSOL202001076BR
28/03/2020 10:56:55 - Inserir Historico EMARC202003027BR
28/03/2020 10:56:55 - Insert with success EMARC202003027BR
28/03/2020 10:56:55 - Inserir Historico IMSOL202002101BR
28/03/2020 10:56:55 - Insert with success IMSOL202002101BR
28/03/2020 10:56:55 - Inserir Historico IMSOL201908034BR
28/03/2020 10:56:56 - Insert with success IMSOL201908034BR
28/03/2020 10:56:56 - Inserir Historico IMATL202002126BR
28/03/2020 10:56:56 - Insert with success IMATL202002126BR
28/03/2020 10:56:56 - Inserir Historico IMATL202003035BR
28/03/2020 10:56:57 - Insert with success IMATL202003035BR
28/03/2020 10:56:57 - Inserir Historico IAATL202003024BR
28/03/2020 10:56:57 - Insert with success IAATL202003024BR
28/03/2020 10:56:57 - Inserir Historico IABSF202003011BR
28/03/2020 10:56:57 - Insert with success IABSF202003011BR
28/03/2020 10:56:58 - Inserir Historico IMATL202002079BR
28/03/2020 10:56:58 - Insert with success IMATL202002079BR
28/03/2020 10:56:58 - Inserir Historico IMATL202002041BR
28/03/2020 10:56:58 - Insert with success IMATL202002041BR
28/03/2020 10:56:58 - Inserir Historico IMSOL202003088BR
28/03/2020 10:56:59 - Insert with success IMSOL202003088BR
28/03/2020 10:56:59 - Inserir Historico IMSOL202002102BR
28/03/2020 10:56:59 - Insert with success IMSOL202002102BR
28/03/2020 10:56:59 - Inserir Historico IMSOL202003087BR
28/03/2020 10:57:00 - Insert with success IMSOL202003087BR
28/03/2020 10:57:00 - Inserir Historico IMCTV202003010BR
28/03/2020 10:57:00 - Insert with success IMCTV202003010BR
28/03/2020 10:57:00 - Inserir Historico IMWFD202003001BR
28/03/2020 10:57:00 - Insert with success IMWFD202003001BR
28/03/2020 10:57:01 - Inserir Historico EMOXT202003041BR
28/03/2020 10:57:01 - Insert with success EMOXT202003041BR
28/03/2020 10:57:01 - Inserir Historico EMOXT202003035BR
28/03/2020 10:57:02 - Insert with success EMOXT202003035BR
28/03/2020 10:57:02 - Inserir Historico EOOXT202003018BR
28/03/2020 10:57:02 - Insert with success EOOXT202003018BR
28/03/2020 10:57:02 - Inserir Historico IMSUN202002006BR
28/03/2020 10:57:02 - Insert with success IMSUN202002006BR
28/03/2020 10:57:03 - Inserir Historico EMCSR202002104BR
28/03/2020 10:57:03 - Insert with success EMCSR202002104BR
28/03/2020 10:57:03 - Inserir Historico EMOXT202002137BR
28/03/2020 10:57:03 - Insert with success EMOXT202002137BR
28/03/2020 10:57:04 - Inserir Historico EMOXT202003022BR
28/03/2020 10:57:04 - Insert with success EMOXT202003022BR
28/03/2020 10:57:04 - Inserir Historico EMOXT202003044BR
28/03/2020 10:57:29 - Insert with success EMOXT202003044BR
28/03/2020 11:01:35 - Inserir Historico EMOXT202003046BR
28/03/2020 11:01:49 - Insert with success EMOXT202003046BR
28/03/2020 11:01:49 - Inserir Historico EMOXT202003047BR
28/03/2020 11:01:49 - Insert with success EMOXT202003047BR
28/03/2020 11:01:49 - Inserir Historico EMOXT202003049BR
28/03/2020 11:01:50 - Insert with success EMOXT202003049BR
28/03/2020 11:01:50 - Inserir Historico EMOXT202003048BR
28/03/2020 11:01:51 - Insert with success EMOXT202003048BR
28/03/2020 11:01:51 - Inserir Historico IMSUN202002008BR
28/03/2020 11:01:51 - Insert with success IMSUN202002008BR
28/03/2020 11:01:52 - Inserir Historico EMCSR202002017BR
28/03/2020 11:01:52 - Insert with success EMCSR202002017BR
28/03/2020 11:01:52 - Inserir Historico EMCSR202002106BR
28/03/2020 11:01:53 - Insert with success EMCSR202002106BR
28/03/2020 11:01:53 - Inserir Historico IMATL202003012BR
28/03/2020 11:01:53 - Insert with success IMATL202003012BR
28/03/2020 11:01:53 - Inserir Historico IMCSR202002136BR
28/03/2020 11:01:54 - Insert with success IMCSR202002136BR
28/03/2020 11:01:54 - Inserir Historico IMSOL202002108BR
28/03/2020 11:01:54 - Insert with success IMSOL202002108BR
28/03/2020 11:01:54 - Inserir Historico IOOXT202003018BR
28/03/2020 11:01:55 - Insert with success IOOXT202003018BR
28/03/2020 11:01:55 - Inserir Historico IMCSR202003461BR
28/03/2020 11:01:56 - Insert with success IMCSR202003461BR
28/03/2020 11:01:56 - Inserir Historico IMATL202003096BR
28/03/2020 11:01:56 - Insert with success IMATL202003096BR
28/03/2020 11:01:57 - Inserir Historico IMATL202003057BR
28/03/2020 11:01:57 - Insert with success IMATL202003057BR
28/03/2020 11:01:57 - Inserir Historico EMCSR202003027BR
28/03/2020 11:01:57 - Insert with success EMCSR202003027BR
28/03/2020 11:01:58 - Inserir Historico EMSLA202003005BR
28/03/2020 11:01:58 - Insert with success EMSLA202003005BR
28/03/2020 11:01:58 - Inserir Historico IMATL202003097BR
28/03/2020 11:01:58 - Insert with success IMATL202003097BR
28/03/2020 11:01:59 - Inserir Historico EMOXT202001211BR
28/03/2020 11:01:59 - Insert with success EMOXT202001211BR
28/03/2020 11:01:59 - Inserir Historico IOOXT202003019BR
28/03/2020 11:02:00 - Insert with success IOOXT202003019BR
28/03/2020 11:02:00 - Inserir Historico EOSOL202003013BR
28/03/2020 11:02:00 - Insert with success EOSOL202003013BR
28/03/2020 11:02:00 - Inserir Historico IOOXT202003020BR
28/03/2020 11:02:01 - Insert with success IOOXT202003020BR
28/03/2020 11:02:01 - Inserir Historico IMSOL202003012BR
28/03/2020 11:02:01 - Insert with success IMSOL202003012BR
28/03/2020 11:02:01 - Inserir Historico EMCSR202003028BR
28/03/2020 11:02:02 - Insert with success EMCSR202003028BR
28/03/2020 11:02:02 - Inserir Historico IMATL202003098BR
28/03/2020 11:02:02 - Insert with success IMATL202003098BR
28/03/2020 11:02:02 - Inserir Historico EMCSR202002109BR
28/03/2020 11:02:03 - Insert with success EMCSR202002109BR
28/03/2020 11:02:03 - Inserir Historico IMSOL202003011BR
28/03/2020 11:02:03 - Insert with success IMSOL202003011BR
28/03/2020 11:02:03 - Inserir Historico IMATL202002059BR
28/03/2020 11:02:03 - Insert with success IMATL202002059BR
28/03/2020 11:02:04 - Inserir Historico IMBCB202003001BR
28/03/2020 11:02:04 - Insert with success IMBCB202003001BR
28/03/2020 11:02:04 - Inserir Historico IMATL202002077BR
28/03/2020 11:02:04 - Insert with success IMATL202002077BR
28/03/2020 11:02:04 - Inserir Historico EOOXT202003019BR
28/03/2020 11:02:05 - Insert with success EOOXT202003019BR
28/03/2020 11:02:05 - Inserir Historico IMEXO202003008BR
28/03/2020 11:02:05 - Insert with success IMEXO202003008BR
28/03/2020 11:02:05 - Inserir Historico IMEXO202003014BR
28/03/2020 11:02:06 - Insert with success IMEXO202003014BR
28/03/2020 11:02:06 - Inserir Historico IOCTV202003006BR
28/03/2020 11:02:07 - Insert with success IOCTV202003006BR
28/03/2020 11:02:07 - Inserir Historico IMATL202003099BR
28/03/2020 11:02:08 - Insert with success IMATL202003099BR
28/03/2020 11:02:08 - Inserir Historico IMCSR202001249BR
28/03/2020 11:02:08 - Insert with success IMCSR202001249BR
28/03/2020 11:02:09 - Inserir Historico IMSOL202003134BR
28/03/2020 11:02:09 - Insert with success IMSOL202003134BR
28/03/2020 11:02:09 - Inserir Historico EACSR202003002BR
28/03/2020 11:02:10 - Insert with success EACSR202003002BR
28/03/2020 11:02:10 - Inserir Historico IMSOL202003077BR
28/03/2020 11:02:10 - Insert with success IMSOL202003077BR
28/03/2020 11:02:11 - Inserir Historico IMATL202003100BR
28/03/2020 11:02:11 - Insert with success IMATL202003100BR
28/03/2020 11:02:11 - Inserir Historico IMUPM202003005BR
28/03/2020 11:02:11 - Insert with success IMUPM202003005BR
28/03/2020 11:02:12 - Inserir Historico IMATL202003101BR
28/03/2020 11:02:12 - Insert with success IMATL202003101BR
28/03/2020 11:02:12 - Inserir Historico EMOXT202003103BR
28/03/2020 11:02:12 - Insert with success EMOXT202003103BR
28/03/2020 11:02:12 - Inserir Historico IMCSR202003462BR
28/03/2020 11:02:13 - Insert with success IMCSR202003462BR
28/03/2020 11:02:13 - Inserir Historico EMBCB202002003BR
28/03/2020 11:02:13 - Insert with success EMBCB202002003BR
28/03/2020 11:02:14 - Inserir Historico IMSOL202003135BR
28/03/2020 11:02:14 - Insert with success IMSOL202003135BR
28/03/2020 11:02:14 - Inserir Historico IMATL202003102BR
28/03/2020 11:02:15 - Insert with success IMATL202003102BR
28/03/2020 11:02:15 - Inserir Historico IMATL202003047BR
28/03/2020 11:02:15 - Insert with success IMATL202003047BR
28/03/2020 11:02:15 - Inserir Historico IMSOL202002098BR
28/03/2020 11:02:16 - Insert with success IMSOL202002098BR
28/03/2020 11:02:16 - Inserir Historico IMBCB202003002BR
28/03/2020 11:02:17 - Insert with success IMBCB202003002BR
28/03/2020 11:02:17 - Inserir Historico IMSOL202003136BR
28/03/2020 11:02:17 - Insert with success IMSOL202003136BR
28/03/2020 11:02:17 - Inserir Historico IMSOL202003137BR
28/03/2020 11:02:18 - Insert with success IMSOL202003137BR
28/03/2020 11:02:18 - Inserir Historico IMSOL202003095BR
28/03/2020 11:02:18 - Insert with success IMSOL202003095BR
28/03/2020 11:02:18 - Inserir Historico IMSUN202003002BR
28/03/2020 11:02:19 - Insert with success IMSUN202003002BR
28/03/2020 11:02:19 - Inserir Historico IMCSR202003396BR
28/03/2020 11:02:19 - Insert with success IMCSR202003396BR
28/03/2020 11:02:19 - Inserir Historico IAMTE202003014BR
28/03/2020 11:02:20 - Insert with success IAMTE202003014BR
28/03/2020 11:02:20 - Inserir Historico EMOXT201912028BR
28/03/2020 11:02:20 - Insert with success EMOXT201912028BR
28/03/2020 11:02:20 - Inserir Historico IMSOL202003138BR
28/03/2020 11:02:21 - Insert with success IMSOL202003138BR
28/03/2020 11:02:21 - Inserir Historico EMOXT201912018BR
28/03/2020 11:02:21 - Insert with success EMOXT201912018BR
28/03/2020 11:02:21 - Inserir Historico EMOXT202002141BR
28/03/2020 11:02:22 - Insert with success EMOXT202002141BR
28/03/2020 11:02:22 - Inserir Historico IAMTE202003015BR
28/03/2020 11:02:22 - Insert with success IAMTE202003015BR
28/03/2020 11:02:22 - Inserir Historico IASWB202003012BR
28/03/2020 11:02:23 - Insert with success IASWB202003012BR
28/03/2020 11:02:23 - Inserir Historico EMOXT202001244BR
28/03/2020 11:02:23 - Insert with success EMOXT202001244BR
28/03/2020 11:02:23 - Inserir Historico IAMTE202003016BR
28/03/2020 11:02:24 - Insert with success IAMTE202003016BR
28/03/2020 11:02:24 - Inserir Historico IMCSR202003310BR
28/03/2020 11:02:24 - Insert with success IMCSR202003310BR
28/03/2020 11:02:24 - Inserir Historico IAMTE202003017BR
28/03/2020 11:02:24 - Insert with success IAMTE202003017BR
28/03/2020 11:02:25 - Inserir Historico IAMTE202003018BR
28/03/2020 11:02:25 - Insert with success IAMTE202003018BR
28/03/2020 11:02:25 - Inserir Historico IOCBT202003010BR
28/03/2020 11:02:25 - Insert with success IOCBT202003010BR
28/03/2020 11:02:25 - Inserir Historico IMSWB202003094BR
28/03/2020 11:02:26 - Insert with success IMSWB202003094BR
28/03/2020 11:02:26 - Inserir Historico IMCSR202003375BR
28/03/2020 11:02:26 - Insert with success IMCSR202003375BR
28/03/2020 11:02:26 - Inserir Historico EMOXT202003108BR
28/03/2020 11:02:27 - Insert with success EMOXT202003108BR
28/03/2020 11:02:27 - Inserir Historico IABSF202003016BR
28/03/2020 11:02:27 - Insert with success IABSF202003016BR
28/03/2020 11:02:27 - Inserir Historico IMSWB202003095BR
28/03/2020 11:02:28 - Insert with success IMSWB202003095BR
28/03/2020 11:02:28 - Inserir Historico EMATL202003028BR
28/03/2020 11:02:28 - Insert with success EMATL202003028BR
28/03/2020 11:02:28 - Inserir Historico IMIFB202001043BR
28/03/2020 11:02:29 - Insert with success IMIFB202001043BR
28/03/2020 11:02:29 - Inserir Historico IABSF202003017BR
28/03/2020 11:02:29 - Insert with success IABSF202003017BR
28/03/2020 11:02:30 - Inserir Historico IMATL202003103BR
28/03/2020 11:02:30 - Insert with success IMATL202003103BR
28/03/2020 11:02:30 - Inserir Historico IMSWB202003096BR
28/03/2020 11:02:30 - Insert with success IMSWB202003096BR
28/03/2020 11:02:30 - Inserir Historico IABSF202003014BR
28/03/2020 11:02:31 - Insert with success IABSF202003014BR
28/03/2020 11:02:31 - Inserir Historico IMBCB202003005BR
28/03/2020 11:02:31 - Insert with success IMBCB202003005BR
28/03/2020 11:02:31 - Inserir Historico IMSWB202003097BR
28/03/2020 11:02:32 - Insert with success IMSWB202003097BR
28/03/2020 11:02:32 - Inserir Historico IAMTE202003019BR
28/03/2020 11:02:32 - Insert with success IAMTE202003019BR
28/03/2020 11:02:32 - Inserir Historico EMCTV202003001BR
28/03/2020 11:02:33 - Insert with success EMCTV202003001BR
28/03/2020 11:02:33 - Inserir Historico IMCTV202003012BR
28/03/2020 11:02:33 - Insert with success IMCTV202003012BR
28/03/2020 11:02:33 - Inserir Historico IMATL202003104BR
28/03/2020 11:02:33 - Insert with success IMATL202003104BR
28/03/2020 11:02:33 - Inserir Historico IMLYB202003001BR
28/03/2020 11:02:34 - Insert with success IMLYB202003001BR
28/03/2020 11:02:34 - Inserir Historico IABSF202003018BR
28/03/2020 11:02:34 - Insert with success IABSF202003018BR
28/03/2020 11:02:35 - Inserir Historico IMSWB202003098BR
28/03/2020 11:02:35 - Insert with success IMSWB202003098BR
28/03/2020 11:02:35 - Inserir Historico IMOXT202002031BR
28/03/2020 11:02:35 - Insert with success IMOXT202002031BR
28/03/2020 11:02:36 - Inserir Historico IMSWB202003099BR
28/03/2020 11:02:36 - Insert with success IMSWB202003099BR
28/03/2020 11:02:36 - Inserir Historico EMOXT202003121BR
28/03/2020 11:02:36 - Insert with success EMOXT202003121BR
28/03/2020 11:02:37 - Inserir Historico EMOXT202001026BR
28/03/2020 11:02:37 - Insert with success EMOXT202001026BR
28/03/2020 11:02:37 - Inserir Historico IABSF202003019BR
28/03/2020 11:02:37 - Insert with success IABSF202003019BR
28/03/2020 11:02:38 - Inserir Historico EMCSR202002107BR
28/03/2020 11:02:38 - Insert with success EMCSR202002107BR
28/03/2020 11:02:38 - Inserir Historico IMCTV202003026BR
28/03/2020 11:02:38 - Insert with success IMCTV202003026BR
28/03/2020 11:02:38 - Inserir Historico IMSWB202001014BR
28/03/2020 11:02:39 - Insert with success IMSWB202001014BR
28/03/2020 11:02:39 - Inserir Historico IACSR202003015BR
28/03/2020 11:02:39 - Insert with success IACSR202003015BR
28/03/2020 11:02:39 - Inserir Historico IABSF202003020BR
28/03/2020 11:02:40 - Insert with success IABSF202003020BR
28/03/2020 11:02:40 - Inserir Historico EMATL202003029BR
28/03/2020 11:02:40 - Insert with success EMATL202003029BR
28/03/2020 11:02:40 - Inserir Historico EMCSR202003102BR
28/03/2020 11:02:40 - Insert with success EMCSR202003102BR
28/03/2020 11:02:40 - Inserir Historico EOSOL202003014BR
28/03/2020 11:02:41 - Insert with success EOSOL202003014BR
28/03/2020 11:02:41 - Inserir Historico IMSUR202003003BR
28/03/2020 11:02:41 - Insert with success IMSUR202003003BR
28/03/2020 11:02:41 - Inserir Historico EMOXT202003141BR
28/03/2020 11:02:42 - Insert with success EMOXT202003141BR
28/03/2020 11:02:42 - Inserir Historico EMCSR202003103BR
28/03/2020 11:02:42 - Insert with success EMCSR202003103BR
28/03/2020 11:02:42 - Inserir Historico EMOXT202003142BR
28/03/2020 11:02:42 - Insert with success EMOXT202003142BR
28/03/2020 11:02:43 - Inserir Historico IMUPM202001002BR
28/03/2020 11:02:43 - Insert with success IMUPM202001002BR
28/03/2020 11:02:43 - Inserir Historico EMOXT202003143BR
28/03/2020 11:02:43 - Insert with success EMOXT202003143BR
28/03/2020 11:02:43 - Inserir Historico EMOXT202003085BR
28/03/2020 11:02:44 - Insert with success EMOXT202003085BR
28/03/2020 11:02:44 - Inserir Historico EMOXT202002030BR
28/03/2020 11:02:44 - Insert with success EMOXT202002030BR
28/03/2020 11:02:44 - Inserir Historico IMATL202002089BR
28/03/2020 11:02:45 - Insert with success IMATL202002089BR
28/03/2020 11:02:45 - Inserir Historico EMSAM202003009BR
28/03/2020 11:02:45 - Insert with success EMSAM202003009BR
28/03/2020 11:02:45 - Inserir Historico IMCBT201912007BR
28/03/2020 11:02:45 - Insert with success IMCBT201912007BR
28/03/2020 11:02:45 - Inserir Historico IMIFB202001028BR
28/03/2020 11:02:46 - Insert with success IMIFB202001028BR
28/03/2020 11:02:46 - Inserir Historico IMIFB202001029BR
28/03/2020 11:02:46 - Insert with success IMIFB202001029BR
28/03/2020 11:02:46 - Inserir Historico IMIFB202001030BR
28/03/2020 11:02:47 - Insert with success IMIFB202001030BR
28/03/2020 11:02:47 - Inserir Historico IMIFB202001038BR
28/03/2020 11:02:47 - Insert with success IMIFB202001038BR
28/03/2020 11:02:47 - Inserir Historico IMIFB202001040BR
28/03/2020 11:02:48 - Insert with success IMIFB202001040BR
28/03/2020 11:02:48 - Inserir Historico IMIFB202001041BR
28/03/2020 11:02:48 - Insert with success IMIFB202001041BR
28/03/2020 11:02:48 - Inserir Historico IMIFB202001042BR
28/03/2020 11:02:49 - Insert with success IMIFB202001042BR
28/03/2020 11:02:49 - Inserir Historico IMIFB202002028BR
28/03/2020 11:02:49 - Insert with success IMIFB202002028BR
28/03/2020 11:02:49 - Inserir Historico IMSWB201912036BR
28/03/2020 11:02:50 - Insert with success IMSWB201912036BR
28/03/2020 11:02:50 - Inserir Historico IMSWB202001006BR
28/03/2020 11:02:50 - Insert with success IMSWB202001006BR
28/03/2020 11:02:50 - Inserir Historico IMSWB201910094BR
28/03/2020 11:02:50 - Insert with success IMSWB201910094BR
28/03/2020 11:02:50 - Inserir Historico EMOXT202003144BR
28/03/2020 11:02:51 - Insert with success EMOXT202003144BR
28/03/2020 11:02:51 - Inserir Historico IABSF202003004BR
28/03/2020 11:02:51 - Insert with success IABSF202003004BR
28/03/2020 11:02:51 - Inserir Historico IMEXO202001042BR
28/03/2020 11:02:51 - Insert with success IMEXO202001042BR
28/03/2020 11:02:52 - Inserir Historico EMOXT202002205BR
28/03/2020 11:02:52 - Insert with success EMOXT202002205BR
28/03/2020 11:02:52 - Inserir Historico EMOXT202003145BR
28/03/2020 11:02:53 - Insert with success EMOXT202003145BR
28/03/2020 11:02:53 - Inserir Historico IMATL202003105BR
28/03/2020 11:02:53 - Insert with success IMATL202003105BR
28/03/2020 11:02:53 - Inserir Historico EORHO202003026BR
28/03/2020 11:02:53 - Insert with success EORHO202003026BR
28/03/2020 11:02:53 - Inserir Historico EMOXT202003146BR
28/03/2020 11:02:54 - Insert with success EMOXT202003146BR
28/03/2020 11:02:54 - Inserir Historico EMOXT202002135BR
28/03/2020 11:02:54 - Insert with success EMOXT202002135BR
28/03/2020 11:02:54 - Inserir Historico EMOXT202003147BR
28/03/2020 11:02:55 - Insert with success EMOXT202003147BR
28/03/2020 11:02:55 - Inserir Historico IASPC201910002BR
28/03/2020 11:02:55 - Insert with success IASPC201910002BR
28/03/2020 11:02:55 - Inserir Historico IMSOL202002094BR
28/03/2020 11:02:55 - Insert with success IMSOL202002094BR
28/03/2020 11:02:56 - Inserir Historico EMCSR202003011BR
28/03/2020 11:02:56 - Insert with success EMCSR202003011BR
28/03/2020 11:02:56 - Inserir Historico IMCSR202003438BR
28/03/2020 11:02:56 - Insert with success IMCSR202003438BR
28/03/2020 11:02:57 - Inserir Historico EMCSR202003012BR
28/03/2020 11:02:57 - Insert with success EMCSR202003012BR
28/03/2020 11:02:57 - Inserir Historico EMCSR202003013BR
28/03/2020 11:02:57 - Insert with success EMCSR202003013BR
28/03/2020 11:02:58 - Inserir Historico EORHO202003009BR
28/03/2020 11:02:58 - Insert with success EORHO202003009BR
28/03/2020 11:02:58 - Inserir Historico IMCSR201912461BR
28/03/2020 11:02:58 - Insert with success IMCSR201912461BR
28/03/2020 11:02:59 - Inserir Historico IMSWB202001080BR
28/03/2020 11:02:59 - Insert with success IMSWB202001080BR
28/03/2020 11:02:59 - Inserir Historico IMATL202003106BR
28/03/2020 11:02:59 - Insert with success IMATL202003106BR
28/03/2020 11:03:00 - Inserir Historico IASWB201811002BR
28/03/2020 11:03:00 - Insert with success IASWB201811002BR
28/03/2020 11:03:00 - Inserir Historico EMOXT202003101BR
28/03/2020 11:03:00 - Insert with success EMOXT202003101BR
28/03/2020 11:03:00 - Inserir Historico IMSOL201912070BR
28/03/2020 11:03:01 - Insert with success IMSOL201912070BR
28/03/2020 11:03:01 - Inserir Historico IMCTV202003011BR
28/03/2020 11:03:01 - Insert with success IMCTV202003011BR
28/03/2020 11:03:02 - Inserir Historico IMSOL202002144BR
28/03/2020 11:03:02 - Insert with success IMSOL202002144BR
28/03/2020 11:03:02 - Inserir Historico EORHO202003031BR
28/03/2020 11:03:02 - Insert with success EORHO202003031BR
28/03/2020 11:03:02 - Inserir Historico EMOXT202003148BR
28/03/2020 11:03:03 - Insert with success EMOXT202003148BR
28/03/2020 11:03:03 - Inserir Historico IMSWB202001020BR
28/03/2020 11:03:03 - Insert with success IMSWB202001020BR
28/03/2020 11:03:03 - Inserir Historico IMSUN202002001BR
28/03/2020 11:03:04 - Insert with success IMSUN202002001BR
28/03/2020 11:03:04 - Inserir Historico IMATL202003107BR
28/03/2020 11:03:04 - Insert with success IMATL202003107BR
28/03/2020 11:03:04 - Inserir Historico EMOXT202003102BR
28/03/2020 11:03:04 - Insert with success EMOXT202003102BR
28/03/2020 11:03:05 - Inserir Historico EMOXT202003149BR
28/03/2020 11:03:05 - Insert with success EMOXT202003149BR
28/03/2020 11:03:05 - Inserir Historico IMATL202003108BR
28/03/2020 11:03:05 - Insert with success IMATL202003108BR
28/03/2020 11:03:06 - Inserir Historico EMOXT202003150BR
28/03/2020 11:03:06 - Insert with success EMOXT202003150BR
28/03/2020 11:03:06 - Inserir Historico EMOXT202003112BR
28/03/2020 11:03:06 - Insert with success EMOXT202003112BR
28/03/2020 11:03:06 - Inserir Historico IMSOL202002044BR
28/03/2020 11:03:07 - Insert with success IMSOL202002044BR
28/03/2020 11:03:07 - Inserir Historico IMSOL202001109BR
28/03/2020 11:03:07 - Insert with success IMSOL202001109BR
28/03/2020 11:03:07 - Inserir Historico EMOXT202003151BR
28/03/2020 11:03:08 - Insert with success EMOXT202003151BR
28/03/2020 11:03:08 - Inserir Historico EORHO202003016BR
28/03/2020 11:03:08 - Insert with success EORHO202003016BR
28/03/2020 11:03:08 - Inserir Historico EMCSR202003077BR
28/03/2020 11:03:09 - Insert with success EMCSR202003077BR
28/03/2020 11:03:09 - Inserir Historico EMOXT202003076BR
28/03/2020 11:03:09 - Insert with success EMOXT202003076BR
28/03/2020 11:03:09 - Inserir Historico IMOXT201912058BR
28/03/2020 11:03:10 - Insert with success IMOXT201912058BR
28/03/2020 11:03:10 - Inserir Historico IMIFB202003021BR
28/03/2020 11:03:10 - Insert with success IMIFB202003021BR
28/03/2020 11:03:10 - Inserir Historico IMIFB201912057BR
28/03/2020 11:03:11 - Insert with success IMIFB201912057BR
28/03/2020 11:03:11 - Inserir Historico EMARC202001030BR
28/03/2020 11:03:11 - Insert with success EMARC202001030BR
28/03/2020 11:03:11 - Inserir Historico EMARC202001031BR
28/03/2020 11:03:12 - Insert with success EMARC202001031BR
28/03/2020 11:03:12 - Inserir Historico EMARC202001032BR
28/03/2020 11:03:13 - Insert with success EMARC202001032BR
28/03/2020 11:03:13 - Inserir Historico IMCTV202003058BR
28/03/2020 11:03:13 - Insert with success IMCTV202003058BR
28/03/2020 11:03:13 - Inserir Historico IMCTV202002005BR
28/03/2020 11:03:14 - Insert with success IMCTV202002005BR
28/03/2020 11:03:14 - Inserir Historico IMSPC202003041BR
28/03/2020 11:03:14 - Insert with success IMSPC202003041BR
28/03/2020 11:03:14 - Inserir Historico IMCTV202001021BR
28/03/2020 11:03:15 - Insert with success IMCTV202001021BR
28/03/2020 11:03:15 - Inserir Historico EMOXT202003067BR
28/03/2020 11:03:16 - Insert with success EMOXT202003067BR
28/03/2020 11:03:16 - Inserir Historico IMMAU202003004BR
28/03/2020 11:03:16 - Insert with success IMMAU202003004BR
28/03/2020 11:03:16 - Inserir Historico IMCSR202003283BR
28/03/2020 11:03:17 - Insert with success IMCSR202003283BR
28/03/2020 11:03:17 - Inserir Historico EMOXT202003116BR
28/03/2020 11:03:17 - Insert with success EMOXT202003116BR
28/03/2020 11:03:17 - Inserir Historico EMOXT202003069BR
28/03/2020 11:03:18 - Insert with success EMOXT202003069BR
28/03/2020 11:03:18 - Inserir Historico EMCSR202003029BR
28/03/2020 11:03:18 - Insert with success EMCSR202003029BR
28/03/2020 11:03:18 - Inserir Historico IMOCV202003014BR
28/03/2020 11:03:19 - Insert with success IMOCV202003014BR
28/03/2020 11:03:19 - Inserir Historico IMATL202003069BR
28/03/2020 11:03:19 - Insert with success IMATL202003069BR
28/03/2020 11:03:19 - Inserir Historico EMCSR202002105BR
28/03/2020 11:03:20 - Insert with success EMCSR202002105BR
28/03/2020 11:03:20 - Inserir Historico IMSOL202001078BR
28/03/2020 11:03:20 - Insert with success IMSOL202001078BR
28/03/2020 11:03:20 - Inserir Historico EMCSR202003044BR
28/03/2020 11:03:21 - Insert with success EMCSR202003044BR
28/03/2020 11:03:21 - Inserir Historico EOOXT202002010BR
28/03/2020 11:03:21 - Insert with success EOOXT202002010BR
28/03/2020 11:03:21 - Inserir Historico IMOCV202002004BR
28/03/2020 11:03:22 - Insert with success IMOCV202002004BR
28/03/2020 11:03:22 - Inserir Historico IMSOL202002141BR
28/03/2020 11:03:22 - Insert with success IMSOL202002141BR
28/03/2020 11:03:23 - Inserir Historico IMSOL202001084BR
28/03/2020 11:03:23 - Insert with success IMSOL202001084BR
28/03/2020 11:03:23 - Inserir Historico IMSOL202001077BR
28/03/2020 11:03:24 - Insert with success IMSOL202001077BR
28/03/2020 11:03:24 - Inserir Historico IMATL202003109BR
28/03/2020 11:03:24 - Insert with success IMATL202003109BR
28/03/2020 11:03:24 - Inserir Historico IMCTV202001022BR
28/03/2020 11:03:25 - Insert with success IMCTV202001022BR
28/03/2020 11:03:25 - Inserir Historico IMSLA202003025BR
28/03/2020 11:03:25 - Insert with success IMSLA202003025BR
28/03/2020 11:03:25 - Inserir Historico IACTV202003003BR
28/03/2020 11:03:26 - Insert with success IACTV202003003BR
28/03/2020 11:03:26 - Inserir Historico IMOXT201912053BR
28/03/2020 11:03:26 - Insert with success IMOXT201912053BR
28/03/2020 11:03:27 - Inserir Historico EMATL202003019BR
28/03/2020 11:03:27 - Insert with success EMATL202003019BR
28/03/2020 11:03:27 - Inserir Historico EOOXT202002009BR
28/03/2020 11:03:28 - Insert with success EOOXT202002009BR
28/03/2020 11:03:28 - Inserir Historico EOOXT202002012BR
28/03/2020 11:03:28 - Insert with success EOOXT202002012BR
28/03/2020 11:03:28 - Inserir Historico IMSLA202003026BR
28/03/2020 11:03:29 - Insert with success IMSLA202003026BR
28/03/2020 11:03:29 - Inserir Historico EMARC202002040BR
28/03/2020 11:03:29 - Insert with success EMARC202002040BR
28/03/2020 11:03:29 - Inserir Historico EMSOL202003003BR
28/03/2020 11:03:30 - Insert with success EMSOL202003003BR
28/03/2020 11:03:30 - Inserir Historico EMSOL202003005BR
28/03/2020 11:03:30 - Insert with success EMSOL202003005BR
28/03/2020 11:03:30 - Inserir Historico EMSOL202003006BR
28/03/2020 11:03:30 - Insert with success EMSOL202003006BR
28/03/2020 11:03:31 - Inserir Historico EMSOL202003009BR
28/03/2020 11:03:31 - Insert with success EMSOL202003009BR
28/03/2020 11:03:31 - Inserir Historico EMSOL202003004BR
28/03/2020 11:03:32 - Insert with success EMSOL202003004BR
28/03/2020 11:03:32 - Inserir Historico EMARC202003006BR
28/03/2020 11:03:32 - Insert with success EMARC202003006BR
28/03/2020 11:03:32 - Inserir Historico EMOXT202001228BR
28/03/2020 11:03:32 - Insert with success EMOXT202001228BR
28/03/2020 11:03:33 - Inserir Historico EMOXT202002195BR
28/03/2020 11:03:33 - Insert with success EMOXT202002195BR
28/03/2020 11:03:33 - Inserir Historico EMOXT202002196BR
28/03/2020 11:03:33 - Insert with success EMOXT202002196BR
28/03/2020 11:03:33 - Inserir Historico EMOXT202002012BR
28/03/2020 11:03:34 - Insert with success EMOXT202002012BR
28/03/2020 11:03:34 - Inserir Historico EMCSR202003039BR
28/03/2020 11:03:34 - Insert with success EMCSR202003039BR
28/03/2020 11:03:35 - Inserir Historico EMCSR202003040BR
28/03/2020 11:03:35 - Insert with success EMCSR202003040BR
28/03/2020 11:03:35 - Inserir Historico EMSOL202002011BR
28/03/2020 11:03:36 - Insert with success EMSOL202002011BR
28/03/2020 11:03:36 - Inserir Historico EMOXT202002138BR
28/03/2020 11:03:37 - Insert with success EMOXT202002138BR
28/03/2020 11:03:37 - Inserir Historico EMOXT202002167BR
28/03/2020 11:03:37 - Insert with success EMOXT202002167BR
28/03/2020 11:03:37 - Inserir Historico EMOXT202002166BR
28/03/2020 11:03:37 - Insert with success EMOXT202002166BR
28/03/2020 11:03:38 - Inserir Historico EMOXT202002149BR
28/03/2020 11:03:38 - Insert with success EMOXT202002149BR
28/03/2020 11:03:38 - Inserir Historico EMOXT202002202BR
28/03/2020 11:03:38 - Insert with success EMOXT202002202BR
28/03/2020 11:03:39 - Inserir Historico EMOXT202002072BR
28/03/2020 11:03:39 - Insert with success EMOXT202002072BR
28/03/2020 11:03:39 - Inserir Historico EMOXT202002155BR
28/03/2020 11:03:40 - Insert with success EMOXT202002155BR
28/03/2020 11:03:40 - Inserir Historico EMOXT202002165BR
28/03/2020 11:03:40 - Insert with success EMOXT202002165BR
28/03/2020 11:03:40 - Inserir Historico EMOXT202002194BR
28/03/2020 11:03:41 - Insert with success EMOXT202002194BR
28/03/2020 11:03:41 - Inserir Historico EMOXT202002232BR
28/03/2020 11:03:41 - Insert with success EMOXT202002232BR
28/03/2020 11:03:41 - Inserir Historico EMOXT202003011BR
28/03/2020 11:03:42 - Insert with success EMOXT202003011BR
28/03/2020 11:03:42 - Inserir Historico EMOXT202003033BR
28/03/2020 11:03:42 - Insert with success EMOXT202003033BR
28/03/2020 11:03:42 - Inserir Historico EMOXT202003054BR
28/03/2020 11:03:43 - Insert with success EMOXT202003054BR
28/03/2020 11:03:43 - Inserir Historico EMOXT202002159BR
28/03/2020 11:03:43 - Insert with success EMOXT202002159BR
28/03/2020 11:03:43 - Inserir Historico EMOXT202002160BR
28/03/2020 11:03:44 - Insert with success EMOXT202002160BR
28/03/2020 11:03:44 - Inserir Historico EMOXT202002177BR
28/03/2020 11:03:44 - Insert with success EMOXT202002177BR
28/03/2020 11:03:44 - Inserir Historico EMOXT202002233BR
28/03/2020 11:03:45 - Insert with success EMOXT202002233BR
28/03/2020 11:03:45 - Inserir Historico EMOXT202003027BR
28/03/2020 11:03:45 - Insert with success EMOXT202003027BR
28/03/2020 11:03:45 - Inserir Historico EMOXT202003029BR
28/03/2020 11:03:46 - Insert with success EMOXT202003029BR
28/03/2020 11:03:46 - Inserir Historico EMOXT202002047BR
28/03/2020 11:03:46 - Insert with success EMOXT202002047BR
28/03/2020 11:03:46 - Inserir Historico EMOXT202003008BR
28/03/2020 11:03:47 - Insert with success EMOXT202003008BR
28/03/2020 11:03:47 - Inserir Historico EMOXT202003012BR
28/03/2020 11:03:47 - Insert with success EMOXT202003012BR
28/03/2020 11:03:47 - Inserir Historico EMOXT202003031BR
28/03/2020 11:03:48 - Insert with success EMOXT202003031BR
28/03/2020 11:03:48 - Inserir Historico IMSLA202003027BR
28/03/2020 11:03:48 - Insert with success IMSLA202003027BR
28/03/2020 11:03:48 - Inserir Historico IMCSR201912379BR
28/03/2020 11:03:49 - Insert with success IMCSR201912379BR
28/03/2020 11:03:49 - Inserir Historico IMATL202003110BR
28/03/2020 11:03:49 - Insert with success IMATL202003110BR
28/03/2020 11:03:49 - Inserir Historico IMOCV202001011BR
28/03/2020 11:03:50 - Insert with success IMOCV202001011BR
28/03/2020 11:03:50 - Inserir Historico EOSOL202002028BR
28/03/2020 11:03:50 - Insert with success EOSOL202002028BR
28/03/2020 11:03:50 - Inserir Historico EOOXT202002016BR
28/03/2020 11:03:51 - Insert with success EOOXT202002016BR
28/03/2020 11:03:51 - Inserir Historico EMSPC202002004BR
28/03/2020 11:03:51 - Insert with success EMSPC202002004BR
28/03/2020 11:03:51 - Inserir Historico IMATL202001118BR
28/03/2020 11:03:51 - Insert with success IMATL202001118BR
28/03/2020 11:03:52 - Inserir Historico EMCSR202003002BR
28/03/2020 11:03:52 - Insert with success EMCSR202003002BR
28/03/2020 11:03:52 - Inserir Historico EMCSR202001122BR
28/03/2020 11:03:53 - Insert with success EMCSR202001122BR
28/03/2020 11:03:53 - Inserir Historico EMCSR202003015BR
28/03/2020 11:03:53 - Insert with success EMCSR202003015BR
28/03/2020 11:03:53 - Inserir Historico EMCSR202003016BR
28/03/2020 11:03:53 - Insert with success EMCSR202003016BR
28/03/2020 11:03:54 - Inserir Historico EMCSR202002070BR
28/03/2020 11:03:54 - Insert with success EMCSR202002070BR
28/03/2020 11:03:54 - Inserir Historico EMCSR202002079BR
28/03/2020 11:03:54 - Insert with success EMCSR202002079BR
28/03/2020 11:03:54 - Inserir Historico EMCSR202002059BR
28/03/2020 11:03:55 - Insert with success EMCSR202002059BR
28/03/2020 11:03:55 - Inserir Historico EMCSR202002016BR
28/03/2020 11:03:55 - Insert with success EMCSR202002016BR
28/03/2020 11:03:55 - Inserir Historico EMCSR202002068BR
28/03/2020 11:03:56 - Insert with success EMCSR202002068BR
28/03/2020 11:03:56 - Inserir Historico EMCSR202002069BR
28/03/2020 11:03:56 - Insert with success EMCSR202002069BR
28/03/2020 11:03:56 - Inserir Historico EMCSR202002071BR
28/03/2020 11:03:57 - Insert with success EMCSR202002071BR
28/03/2020 11:03:57 - Inserir Historico EMCSR202002046BR
28/03/2020 11:03:57 - Insert with success EMCSR202002046BR
28/03/2020 11:03:57 - Inserir Historico EMCSR202002045BR
28/03/2020 11:03:58 - Insert with success EMCSR202002045BR
28/03/2020 11:03:58 - Inserir Historico EMCSR202002044BR
28/03/2020 11:03:58 - Insert with success EMCSR202002044BR
28/03/2020 11:03:59 - Inserir Historico EMSOL202003014BR
28/03/2020 11:03:59 - Insert with success EMSOL202003014BR
28/03/2020 11:03:59 - Inserir Historico IMATL202001120BR
28/03/2020 11:03:59 - Insert with success IMATL202001120BR
28/03/2020 11:03:59 - Inserir Historico IMCBT202003032BR
28/03/2020 11:04:00 - Insert with success IMCBT202003032BR
28/03/2020 11:04:00 - Inserir Historico IMSLA202003028BR
28/03/2020 11:04:00 - Insert with success IMSLA202003028BR
28/03/2020 11:04:01 - Inserir Historico IMVTP202003001BR
28/03/2020 11:04:01 - Insert with success IMVTP202003001BR
28/03/2020 11:04:01 - Inserir Historico IMOXT202001025BR
28/03/2020 11:04:01 - Insert with success IMOXT202001025BR
28/03/2020 11:04:01 - Inserir Historico IMATL202003073BR
28/03/2020 11:04:02 - Insert with success IMATL202003073BR
28/03/2020 11:04:02 - Inserir Historico IMATL202003075BR
28/03/2020 11:04:02 - Insert with success IMATL202003075BR
28/03/2020 11:04:03 - Inserir Historico EMCSR202002049BR
28/03/2020 11:04:03 - Insert with success EMCSR202002049BR
28/03/2020 11:04:03 - Inserir Historico IMRHO202003001BR
28/03/2020 11:04:04 - Insert with success IMRHO202003001BR
28/03/2020 11:04:04 - Inserir Historico EMARC202003003BR
28/03/2020 11:04:04 - Insert with success EMARC202003003BR
28/03/2020 11:04:04 - Inserir Historico EMSLA202003001BR
28/03/2020 11:04:04 - Insert with success EMSLA202003001BR
28/03/2020 11:04:05 - Inserir Historico IMATL202003028BR
28/03/2020 11:04:05 - Insert with success IMATL202003028BR
28/03/2020 11:04:05 - Inserir Historico EMSLA202003002BR
28/03/2020 11:04:05 - Insert with success EMSLA202003002BR
28/03/2020 11:04:06 - Inserir Historico IAATL202003031BR
28/03/2020 11:04:06 - Insert with success IAATL202003031BR
28/03/2020 11:04:06 - Inserir Historico EMSOL202003007BR
28/03/2020 11:04:06 - Insert with success EMSOL202003007BR
28/03/2020 11:04:06 - Inserir Historico IMATL202002107BR
28/03/2020 11:04:07 - Insert with success IMATL202002107BR
28/03/2020 11:04:07 - Inserir Historico IMATL202003001BR
28/03/2020 11:04:07 - Insert with success IMATL202003001BR
28/03/2020 11:04:07 - Inserir Historico EMCTV202003006BR
28/03/2020 11:04:08 - Insert with success EMCTV202003006BR
28/03/2020 11:04:08 - Inserir Historico EMOXT202002071BR
28/03/2020 11:04:08 - Insert with success EMOXT202002071BR
28/03/2020 11:04:08 - Inserir Historico IMCSR202003384BR
28/03/2020 11:04:08 - Insert with success IMCSR202003384BR
28/03/2020 11:04:09 - Inserir Historico IMATL202001117BR
28/03/2020 11:04:09 - Insert with success IMATL202001117BR
28/03/2020 11:04:09 - Inserir Historico IMMAU202003009BR
28/03/2020 11:04:09 - Insert with success IMMAU202003009BR
28/03/2020 11:04:09 - Inserir Historico IMCTV202001032BR
28/03/2020 11:04:10 - Insert with success IMCTV202001032BR
28/03/2020 11:04:10 - Inserir Historico IMCTV202001034BR
28/03/2020 11:04:10 - Insert with success IMCTV202001034BR
28/03/2020 11:04:10 - Inserir Historico IMCSR202003273BR
28/03/2020 11:04:11 - Insert with success IMCSR202003273BR
28/03/2020 11:04:11 - Inserir Historico EMATL202003015BR
28/03/2020 11:04:11 - Insert with success EMATL202003015BR
28/03/2020 11:04:11 - Inserir Historico IMCSR202003463BR
28/03/2020 11:04:12 - Insert with success IMCSR202003463BR
28/03/2020 11:04:12 - Inserir Historico IMSWB202002102BR
28/03/2020 11:04:12 - Insert with success IMSWB202002102BR
28/03/2020 11:04:12 - Inserir Historico EMSOL202003002BR
28/03/2020 11:04:12 - Insert with success EMSOL202003002BR
28/03/2020 11:04:13 - Inserir Historico EMSAM202003012BR
28/03/2020 11:04:13 - Insert with success EMSAM202003012BR
28/03/2020 11:04:13 - Inserir Historico IMLYB202002019BR
28/03/2020 11:04:13 - Insert with success IMLYB202002019BR
28/03/2020 11:04:14 - Inserir Historico IOCTV201911019BR
28/03/2020 11:04:14 - Insert with success IOCTV201911019BR
28/03/2020 11:04:14 - Inserir Historico EMSAM202003013BR
28/03/2020 11:04:15 - Insert with success EMSAM202003013BR
28/03/2020 11:04:15 - Inserir Historico IOCTV201911021BR
28/03/2020 11:04:15 - Insert with success IOCTV201911021BR
28/03/2020 11:04:15 - Inserir Historico IMSWB201912097BR
28/03/2020 11:04:15 - Insert with success IMSWB201912097BR
28/03/2020 11:04:15 - Inserir Historico IOCTV201911022BR
28/03/2020 11:04:16 - Insert with success IOCTV201911022BR
28/03/2020 11:04:16 - Inserir Historico EMSAM202003014BR
28/03/2020 11:04:16 - Insert with success EMSAM202003014BR
28/03/2020 11:04:16 - Inserir Historico IOCTV201911023BR
28/03/2020 11:04:17 - Insert with success IOCTV201911023BR
28/03/2020 11:04:17 - Inserir Historico EMSAM202003015BR
28/03/2020 11:04:17 - Insert with success EMSAM202003015BR
28/03/2020 11:04:17 - Inserir Historico EMATL202001022BR
28/03/2020 11:04:18 - Insert with success EMATL202001022BR
28/03/2020 11:04:18 - Inserir Historico IMCSR202001082BR
28/03/2020 11:04:18 - Insert with success IMCSR202001082BR
28/03/2020 11:04:18 - Inserir Historico IOCTV201911020BR
28/03/2020 11:04:18 - Insert with success IOCTV201911020BR
28/03/2020 11:04:19 - Inserir Historico IAOCV202003007BR
28/03/2020 11:04:19 - Insert with success IAOCV202003007BR
28/03/2020 11:04:19 - Inserir Historico EMCSR202003034BR
28/03/2020 11:04:20 - Insert with success EMCSR202003034BR
28/03/2020 11:04:20 - Inserir Historico IMSOL202001087BR
28/03/2020 11:04:20 - Insert with success IMSOL202001087BR
28/03/2020 11:04:20 - Inserir Historico EMCSR202003017BR
28/03/2020 11:04:21 - Insert with success EMCSR202003017BR
28/03/2020 11:04:21 - Inserir Historico IACSR202003016BR
28/03/2020 11:04:22 - Insert with success IACSR202003016BR
28/03/2020 11:04:22 - Inserir Historico IMSWB202002072BR
28/03/2020 11:04:22 - Insert with success IMSWB202002072BR
28/03/2020 11:04:22 - Inserir Historico EMCSR202003036BR
28/03/2020 11:04:23 - Insert with success EMCSR202003036BR
28/03/2020 11:04:23 - Inserir Historico EMARC202003016BR
28/03/2020 11:04:23 - Insert with success EMARC202003016BR
28/03/2020 11:04:23 - Inserir Historico EMCSR202003035BR
28/03/2020 11:04:24 - Insert with success EMCSR202003035BR
28/03/2020 11:04:24 - Inserir Historico IMSOL202002012BR
28/03/2020 11:04:25 - Insert with success IMSOL202002012BR
28/03/2020 11:04:25 - Inserir Historico IMCSR202003376BR
28/03/2020 11:04:25 - Insert with success IMCSR202003376BR
28/03/2020 11:04:25 - Inserir Historico IMCSR202003377BR
28/03/2020 11:04:26 - Insert with success IMCSR202003377BR
28/03/2020 11:04:26 - Inserir Historico IMIFB202001035BR
28/03/2020 11:04:27 - Insert with success IMIFB202001035BR
28/03/2020 11:04:27 - Inserir Historico IMSOL202002058BR
28/03/2020 11:04:27 - Insert with success IMSOL202002058BR
28/03/2020 11:04:27 - Inserir Historico IMTAM202003012BR
28/03/2020 11:04:28 - Insert with success IMTAM202003012BR
28/03/2020 11:04:28 - Inserir Historico IMSWB202003031BR
28/03/2020 11:04:28 - Insert with success IMSWB202003031BR
28/03/2020 11:04:28 - Inserir Historico IOATN202003003BR
28/03/2020 11:04:29 - Insert with success IOATN202003003BR
28/03/2020 11:04:29 - Inserir Historico IAEXO202003001BR
28/03/2020 11:04:29 - Insert with success IAEXO202003001BR
28/03/2020 11:04:30 - Inserir Historico IAEXO202003002BR
28/03/2020 11:04:30 - Insert with success IAEXO202003002BR
28/03/2020 11:04:30 - Inserir Historico IMCSR202001538BR
28/03/2020 11:04:31 - Insert with success IMCSR202001538BR
28/03/2020 11:04:31 - Inserir Historico IMCSR202002440BR
28/03/2020 11:04:31 - Insert with success IMCSR202002440BR
28/03/2020 11:04:32 - Inserir Historico IMCSR202003298BR
28/03/2020 11:04:32 - Insert with success IMCSR202003298BR
28/03/2020 11:04:32 - Inserir Historico IMCSR202003371BR
28/03/2020 11:04:33 - Insert with success IMCSR202003371BR
28/03/2020 11:04:33 - Inserir Historico IMEXO202001041BR
28/03/2020 11:04:33 - Insert with success IMEXO202001041BR
28/03/2020 11:04:33 - Inserir Historico IMEXO202003005BR
28/03/2020 11:04:34 - Insert with success IMEXO202003005BR
28/03/2020 11:04:34 - Inserir Historico IMSWB202003006BR
28/03/2020 11:04:34 - Insert with success IMSWB202003006BR
28/03/2020 11:04:34 - Inserir Historico IMCSR202003464BR
28/03/2020 11:04:35 - Insert with success IMCSR202003464BR
28/03/2020 11:04:35 - Inserir Historico IMSWB202002129BR
28/03/2020 11:04:35 - Insert with success IMSWB202002129BR
28/03/2020 11:04:35 - Inserir Historico IMCSR202002218BR
28/03/2020 11:04:36 - Insert with success IMCSR202002218BR
28/03/2020 11:04:36 - Inserir Historico IACSR202003017BR
28/03/2020 11:04:36 - Insert with success IACSR202003017BR
28/03/2020 11:04:36 - Inserir Historico IMSWB202003007BR
28/03/2020 11:04:36 - Insert with success IMSWB202003007BR
28/03/2020 11:04:37 - Inserir Historico IMCSR202003465BR
28/03/2020 11:04:37 - Insert with success IMCSR202003465BR
28/03/2020 11:04:37 - Inserir Historico IMCSR202003466BR
28/03/2020 11:04:37 - Insert with success IMCSR202003466BR
28/03/2020 11:04:38 - Inserir Historico IMSOL202001107BR
28/03/2020 11:04:38 - Insert with success IMSOL202001107BR
28/03/2020 11:04:38 - Inserir Historico IMCSR202003467BR
28/03/2020 11:04:39 - Insert with success IMCSR202003467BR
28/03/2020 11:04:39 - Inserir Historico IMCSR202003468BR
28/03/2020 11:04:39 - Insert with success IMCSR202003468BR
28/03/2020 11:04:39 - Inserir Historico IMCTV201912068BR
28/03/2020 11:04:40 - Insert with success IMCTV201912068BR
28/03/2020 11:04:40 - Inserir Historico IMCSR202003469BR
28/03/2020 11:04:40 - Insert with success IMCSR202003469BR
28/03/2020 11:04:40 - Inserir Historico IMCSR202003470BR
28/03/2020 11:04:41 - Insert with success IMCSR202003470BR
28/03/2020 11:04:41 - Inserir Historico IMCSR202003471BR
28/03/2020 11:04:41 - Insert with success IMCSR202003471BR
28/03/2020 11:04:41 - Inserir Historico IMCSR202003472BR
28/03/2020 11:04:42 - Insert with success IMCSR202003472BR
28/03/2020 11:04:42 - Inserir Historico IMCSR202003473BR
28/03/2020 11:04:42 - Insert with success IMCSR202003473BR
28/03/2020 11:04:42 - Inserir Historico IMCSR202003474BR
28/03/2020 11:04:43 - Insert with success IMCSR202003474BR
28/03/2020 11:04:43 - Inserir Historico IMCSR202003475BR
28/03/2020 11:04:43 - Insert with success IMCSR202003475BR
28/03/2020 11:04:43 - Inserir Historico IMCSR202003476BR
28/03/2020 11:04:43 - Insert with success IMCSR202003476BR
28/03/2020 11:04:44 - Inserir Historico IMCSR202003477BR
28/03/2020 11:04:44 - Insert with success IMCSR202003477BR
28/03/2020 11:04:44 - Inserir Historico IMCSR202003478BR
28/03/2020 11:04:44 - Insert with success IMCSR202003478BR
28/03/2020 11:04:45 - Inserir Historico IMSWB202002014BR
28/03/2020 11:04:45 - Insert with success IMSWB202002014BR
28/03/2020 11:04:45 - Inserir Historico IMSWB202001107BR
28/03/2020 11:04:45 - Insert with success IMSWB202001107BR
28/03/2020 11:04:45 - Inserir Historico IMSWB202002074BR
28/03/2020 11:04:46 - Insert with success IMSWB202002074BR
28/03/2020 11:04:46 - Inserir Historico IMCSR202003479BR
28/03/2020 11:04:47 - Insert with success IMCSR202003479BR
28/03/2020 11:04:47 - Inserir Historico IMCSR202003480BR
28/03/2020 11:04:47 - Insert with success IMCSR202003480BR
28/03/2020 11:04:47 - Inserir Historico IMCSR202003481BR
28/03/2020 11:04:48 - Insert with success IMCSR202003481BR
28/03/2020 11:04:48 - Inserir Historico IMCSR202003482BR
28/03/2020 11:04:48 - Insert with success IMCSR202003482BR
28/03/2020 11:04:48 - Inserir Historico IMSWB202002003BR
28/03/2020 11:04:49 - Insert with success IMSWB202002003BR
28/03/2020 11:04:49 - Inserir Historico IMCSR202003483BR
28/03/2020 11:04:49 - Insert with success IMCSR202003483BR
28/03/2020 11:04:49 - Inserir Historico IMCSR202003484BR
28/03/2020 11:04:50 - Insert with success IMCSR202003484BR
28/03/2020 11:04:50 - Inserir Historico IMOXT202003042BR
28/03/2020 11:04:50 - Insert with success IMOXT202003042BR
28/03/2020 11:04:50 - Inserir Historico IMCSR202003485BR
28/03/2020 11:04:51 - Insert with success IMCSR202003485BR
28/03/2020 11:04:51 - Inserir Historico IMSWB202002093BR
28/03/2020 11:04:51 - Insert with success IMSWB202002093BR
28/03/2020 11:04:51 - Inserir Historico IMCSR202003486BR
28/03/2020 11:04:52 - Insert with success IMCSR202003486BR
28/03/2020 11:04:52 - Inserir Historico IMCSR202003487BR
28/03/2020 11:04:52 - Insert with success IMCSR202003487BR
28/03/2020 11:04:52 - Inserir Historico IMSOL201912041BR
28/03/2020 11:04:53 - Insert with success IMSOL201912041BR
28/03/2020 11:04:53 - Inserir Historico IMCSR202003488BR
28/03/2020 11:04:53 - Insert with success IMCSR202003488BR
28/03/2020 11:04:53 - Inserir Historico IMCSR202003489BR
28/03/2020 11:04:54 - Insert with success IMCSR202003489BR
28/03/2020 11:04:54 - Inserir Historico EMCSR202003076BR
28/03/2020 11:04:54 - Insert with success EMCSR202003076BR
28/03/2020 11:04:54 - Inserir Historico IMCSR202003490BR
28/03/2020 11:04:54 - Insert with success IMCSR202003490BR
28/03/2020 11:04:55 - Inserir Historico IMSOL202001004BR
28/03/2020 11:04:55 - Insert with success IMSOL202001004BR
28/03/2020 11:04:55 - Inserir Historico IMCSR202003491BR
28/03/2020 11:04:55 - Insert with success IMCSR202003491BR
28/03/2020 11:04:56 - Inserir Historico IMCSR202003492BR
28/03/2020 11:04:56 - Insert with success IMCSR202003492BR
28/03/2020 11:04:56 - Inserir Historico IMCSR202003493BR
28/03/2020 11:04:57 - Insert with success IMCSR202003493BR
28/03/2020 11:04:57 - Inserir Historico IMCSR202003494BR
28/03/2020 11:04:57 - Insert with success IMCSR202003494BR
28/03/2020 11:04:57 - Inserir Historico IMCSR202003495BR
28/03/2020 11:04:58 - Insert with success IMCSR202003495BR
28/03/2020 11:04:58 - Inserir Historico IMCSR202003496BR
28/03/2020 11:04:59 - Insert with success IMCSR202003496BR
28/03/2020 11:04:59 - Inserir Historico IMCSR202003497BR
28/03/2020 11:04:59 - Insert with success IMCSR202003497BR
28/03/2020 11:04:59 - Inserir Historico IMCSR202003498BR
28/03/2020 11:05:00 - Insert with success IMCSR202003498BR
28/03/2020 11:05:00 - Inserir Historico IMSOL201912033BR
28/03/2020 11:05:00 - Insert with success IMSOL201912033BR
28/03/2020 11:05:00 - Inserir Historico IMATN202003002BR
28/03/2020 11:05:00 - Insert with success IMATN202003002BR
28/03/2020 11:05:01 - Inserir Historico IACSR202003018BR
28/03/2020 11:05:01 - Insert with success IACSR202003018BR
28/03/2020 11:05:01 - Inserir Historico IMOXT202003043BR
28/03/2020 11:05:02 - Insert with success IMOXT202003043BR
28/03/2020 11:05:02 - Inserir Historico IACSR202003019BR
28/03/2020 11:05:02 - Insert with success IACSR202003019BR
28/03/2020 11:05:02 - Inserir Historico EMSLA202003006BR
28/03/2020 11:05:03 - Insert with success EMSLA202003006BR
28/03/2020 11:05:03 - Inserir Historico EMATL202001028BR
28/03/2020 11:05:03 - Insert with success EMATL202001028BR
28/03/2020 11:05:03 - Inserir Historico EACSR202003004BR
28/03/2020 11:05:04 - Insert with success EACSR202003004BR
28/03/2020 11:05:04 - Inserir Historico IASOL201912001BR
28/03/2020 11:05:04 - Insert with success IASOL201912001BR
28/03/2020 11:05:04 - Inserir Historico IMSWB201912072BR
28/03/2020 11:05:05 - Insert with success IMSWB201912072BR
28/03/2020 11:05:05 - Inserir Historico IMCTV202001043BR
28/03/2020 11:05:05 - Insert with success IMCTV202001043BR
28/03/2020 11:05:05 - Inserir Historico IOOXT202003009BR
28/03/2020 11:05:06 - Insert with success IOOXT202003009BR
28/03/2020 11:05:06 - Inserir Historico IMOCV202001012BR
28/03/2020 11:05:06 - Insert with success IMOCV202001012BR
28/03/2020 11:05:06 - Inserir Historico IMCBT201911020BR
28/03/2020 11:05:07 - Insert with success IMCBT201911020BR
28/03/2020 11:05:07 - Inserir Historico IMSPC202003042BR
28/03/2020 11:05:08 - Insert with success IMSPC202003042BR
28/03/2020 11:05:08 - Inserir Historico IMCSR202003291BR
28/03/2020 11:05:08 - Insert with success IMCSR202003291BR
28/03/2020 11:05:08 - Inserir Historico IMCTV202002027BR
28/03/2020 11:05:09 - Insert with success IMCTV202002027BR
28/03/2020 11:05:09 - Inserir Historico IMCTV202001045BR
28/03/2020 11:05:09 - Insert with success IMCTV202001045BR
28/03/2020 11:05:09 - Inserir Historico IMIFB202001073BR
28/03/2020 11:05:10 - Insert with success IMIFB202001073BR
28/03/2020 11:05:10 - Inserir Historico IMIFB202001072BR
28/03/2020 11:05:10 - Insert with success IMIFB202001072BR
28/03/2020 11:05:11 - Inserir Historico IMCTV202003059BR
28/03/2020 11:05:11 - Insert with success IMCTV202003059BR
28/03/2020 11:05:11 - Inserir Historico IMCTV202003060BR
28/03/2020 11:05:12 - Insert with success IMCTV202003060BR
28/03/2020 11:05:12 - Inserir Historico IMCTV202003061BR
28/03/2020 11:05:12 - Insert with success IMCTV202003061BR
28/03/2020 11:05:12 - Inserir Historico IMCTV202003062BR
28/03/2020 11:05:13 - Insert with success IMCTV202003062BR
28/03/2020 11:05:13 - Inserir Historico IMSOL202002130BR
28/03/2020 11:05:13 - Insert with success IMSOL202002130BR
28/03/2020 11:05:13 - Inserir Historico IMCTV202001072BR
28/03/2020 11:05:14 - Insert with success IMCTV202001072BR
28/03/2020 11:05:14 - Inserir Historico EMCSR202003081BR
28/03/2020 11:05:14 - Insert with success EMCSR202003081BR
28/03/2020 11:05:14 - Inserir Historico IMSOL202001106BR
28/03/2020 11:05:15 - Insert with success IMSOL202001106BR
28/03/2020 11:05:15 - Inserir Historico IMCTV202001073BR
28/03/2020 11:05:16 - Insert with success IMCTV202001073BR
28/03/2020 11:05:16 - Inserir Historico IMSOL201912027BR
28/03/2020 11:05:16 - Insert with success IMSOL201912027BR
28/03/2020 11:05:16 - Inserir Historico IMSWB202003038BR
28/03/2020 11:05:17 - Insert with success IMSWB202003038BR
28/03/2020 11:05:17 - Inserir Historico IMSOL202002123BR
28/03/2020 11:05:17 - Insert with success IMSOL202002123BR
28/03/2020 11:05:17 - Inserir Historico IMSOL202001100BR
28/03/2020 11:05:18 - Insert with success IMSOL202001100BR
28/03/2020 11:05:18 - Inserir Historico EMOXT202001247BR
28/03/2020 11:05:19 - Insert with success EMOXT202001247BR
28/03/2020 11:05:19 - Inserir Historico EMOXT202003152BR
28/03/2020 11:05:19 - Insert with success EMOXT202003152BR
28/03/2020 11:05:20 - Inserir Historico EMOXT202002066BR
28/03/2020 11:05:20 - Insert with success EMOXT202002066BR
28/03/2020 11:05:20 - Inserir Historico IMSOL202001096BR
28/03/2020 11:05:20 - Insert with success IMSOL202001096BR
28/03/2020 11:05:21 - Inserir Historico IMSOL202002112BR
28/03/2020 11:05:21 - Insert with success IMSOL202002112BR
28/03/2020 11:05:21 - Inserir Historico IMSWB202003026BR
28/03/2020 11:05:21 - Insert with success IMSWB202003026BR
28/03/2020 11:05:22 - Inserir Historico IMSOL202001094BR
28/03/2020 11:05:22 - Insert with success IMSOL202001094BR
28/03/2020 11:05:22 - Inserir Historico IMSOL202001095BR
28/03/2020 11:05:23 - Insert with success IMSOL202001095BR
28/03/2020 11:05:23 - Inserir Historico IMSWB202003055BR
28/03/2020 11:05:23 - Insert with success IMSWB202003055BR
28/03/2020 11:05:23 - Inserir Historico IMOCV202002006BR
28/03/2020 11:05:24 - Insert with success IMOCV202002006BR
28/03/2020 11:05:24 - Inserir Historico IMSWB202003014BR
28/03/2020 11:05:24 - Insert with success IMSWB202003014BR
28/03/2020 11:05:24 - Inserir Historico IMSWB202003022BR
28/03/2020 11:05:25 - Insert with success IMSWB202003022BR
28/03/2020 11:05:25 - Inserir Historico EMARC202003028BR
28/03/2020 11:05:25 - Insert with success EMARC202003028BR
28/03/2020 11:05:25 - Inserir Historico IMSWB202003037BR
28/03/2020 11:05:26 - Insert with success IMSWB202003037BR
28/03/2020 11:05:26 - Inserir Historico IOCTV201911024BR
28/03/2020 11:05:26 - Insert with success IOCTV201911024BR
28/03/2020 11:05:26 - Inserir Historico EAOXT202003002BR
28/03/2020 11:05:27 - Insert with success EAOXT202003002BR
28/03/2020 11:05:27 - Inserir Historico IMCTV202001046BR
28/03/2020 11:05:27 - Insert with success IMCTV202001046BR
28/03/2020 11:05:27 - Inserir Historico EMARC202003029BR
28/03/2020 11:05:28 - Insert with success EMARC202003029BR
28/03/2020 11:05:28 - Inserir Historico IMCTV202001047BR
28/03/2020 11:05:28 - Insert with success IMCTV202001047BR
28/03/2020 11:05:29 - Inserir Historico IMCTV202001048BR
28/03/2020 11:05:29 - Insert with success IMCTV202001048BR
28/03/2020 11:05:29 - Inserir Historico EMOXT202002180BR
28/03/2020 11:05:29 - Insert with success EMOXT202002180BR
28/03/2020 11:05:29 - Inserir Historico EMATL202003030BR
28/03/2020 11:05:30 - Insert with success EMATL202003030BR
28/03/2020 11:05:30 - Inserir Historico IMCSR202002188BR
28/03/2020 11:05:30 - Insert with success IMCSR202002188BR
28/03/2020 11:05:31 - Inserir Historico EMCSR202003010BR
28/03/2020 11:05:31 - Insert with success EMCSR202003010BR
28/03/2020 11:05:31 - Inserir Historico IAATN202002003BR
28/03/2020 11:05:32 - Insert with success IAATN202002003BR
28/03/2020 11:05:32 - Inserir Historico IMSWB202003010BR
28/03/2020 11:05:32 - Insert with success IMSWB202003010BR
28/03/2020 11:05:32 - Inserir Historico EMUPM202002001BR
28/03/2020 11:05:33 - Insert with success EMUPM202002001BR
28/03/2020 11:05:33 - Inserir Historico EMCSR202003045BR
28/03/2020 11:05:33 - Insert with success EMCSR202003045BR
28/03/2020 11:05:33 - Inserir Historico IMSOL201910111BR
28/03/2020 11:05:34 - Insert with success IMSOL201910111BR
28/03/2020 11:05:34 - Inserir Historico IASWB202002018BR
28/03/2020 11:05:34 - Insert with success IASWB202002018BR
28/03/2020 11:05:34 - Inserir Historico IASOL202003007BR
28/03/2020 11:05:34 - Insert with success IASOL202003007BR
28/03/2020 11:05:35 - Inserir Historico EMCSR202003037BR
28/03/2020 11:05:35 - Insert with success EMCSR202003037BR
28/03/2020 11:05:35 - Inserir Historico EACTV202003001BR
28/03/2020 11:05:35 - Insert with success EACTV202003001BR
28/03/2020 11:05:35 - Inserir Historico EMARC202003030BR
28/03/2020 11:05:36 - Insert with success EMARC202003030BR
28/03/2020 11:05:36 - Inserir Historico IMCSR202003499BR
28/03/2020 11:05:36 - Insert with success IMCSR202003499BR
28/03/2020 11:05:36 - Inserir Historico IMSWB202002085BR
28/03/2020 11:05:37 - Insert with success IMSWB202002085BR
28/03/2020 11:05:37 - Inserir Historico IASWB202003009BR
28/03/2020 11:05:37 - Insert with success IASWB202003009BR
28/03/2020 11:05:37 - Inserir Historico IMOCV202003017BR
28/03/2020 11:05:37 - Insert with success IMOCV202003017BR
28/03/2020 11:05:38 - Inserir Historico IMCSR202001119BR
28/03/2020 11:05:38 - Insert with success IMCSR202001119BR
28/03/2020 11:05:38 - Inserir Historico IMCSR202001120BR
28/03/2020 11:05:38 - Insert with success IMCSR202001120BR
28/03/2020 11:05:39 - Inserir Historico IMCSR202001173BR
28/03/2020 11:05:39 - Insert with success IMCSR202001173BR
28/03/2020 11:05:39 - Inserir Historico IMSWB202003050BR
28/03/2020 11:05:39 - Insert with success IMSWB202003050BR
28/03/2020 11:05:40 - Inserir Historico IMCSR202001420BR
28/03/2020 11:05:40 - Insert with success IMCSR202001420BR
28/03/2020 11:05:40 - Inserir Historico EMCSR202003071BR
28/03/2020 11:05:40 - Insert with success EMCSR202003071BR
28/03/2020 11:05:41 - Inserir Historico EMCSR202003072BR
28/03/2020 11:05:41 - Insert with success EMCSR202003072BR
28/03/2020 11:05:41 - Inserir Historico IMCSR202003345BR
28/03/2020 11:05:41 - Insert with success IMCSR202003345BR
28/03/2020 11:05:41 - Inserir Historico IMCSR202003346BR
28/03/2020 11:05:42 - Insert with success IMCSR202003346BR
28/03/2020 11:05:42 - Inserir Historico EMCSR202003063BR
28/03/2020 11:05:42 - Insert with success EMCSR202003063BR
28/03/2020 11:05:42 - Inserir Historico IMSOL202003139BR
28/03/2020 11:05:42 - Insert with success IMSOL202003139BR
28/03/2020 11:05:43 - Inserir Historico IMCSR202003500BR
28/03/2020 11:05:43 - Insert with success IMCSR202003500BR
28/03/2020 11:05:43 - Inserir Historico IMIFB202002038BR
28/03/2020 11:05:43 - Insert with success IMIFB202002038BR
28/03/2020 11:05:43 - Inserir Historico IMOCV202003018BR
28/03/2020 11:05:44 - Insert with success IMOCV202003018BR
28/03/2020 11:05:44 - Inserir Historico IMCSR202003501BR
28/03/2020 11:05:44 - Insert with success IMCSR202003501BR
28/03/2020 11:05:44 - Inserir Historico IMATL201912151BR
28/03/2020 11:05:45 - Insert with success IMATL201912151BR
28/03/2020 11:05:45 - Inserir Historico EMARC202003018BR
28/03/2020 11:05:45 - Insert with success EMARC202003018BR
28/03/2020 11:05:45 - Inserir Historico IMOCV202003019BR
28/03/2020 11:05:45 - Insert with success IMOCV202003019BR
28/03/2020 11:05:46 - Inserir Historico IMCTV202003025BR
28/03/2020 11:05:46 - Insert with success IMCTV202003025BR
28/03/2020 11:05:46 - Inserir Historico IMCTV202003024BR
28/03/2020 11:05:46 - Insert with success IMCTV202003024BR
28/03/2020 11:05:46 - Inserir Historico IMOCV202003020BR
28/03/2020 11:05:47 - Insert with success IMOCV202003020BR
28/03/2020 11:05:47 - Inserir Historico EMATL202003001BR
28/03/2020 11:05:47 - Insert with success EMATL202003001BR
28/03/2020 11:05:47 - Inserir Historico EMOXT202002131BR
28/03/2020 11:05:48 - Insert with success EMOXT202002131BR
28/03/2020 11:05:48 - Inserir Historico EMOXT202003053BR
28/03/2020 11:05:48 - Insert with success EMOXT202003053BR
28/03/2020 11:05:48 - Inserir Historico IMOXT202003044BR
28/03/2020 11:05:48 - Insert with success IMOXT202003044BR
28/03/2020 11:05:49 - Inserir Historico IMSOL202003002BR
28/03/2020 11:05:49 - Insert with success IMSOL202003002BR
28/03/2020 11:05:49 - Inserir Historico IMOXT202003045BR
28/03/2020 11:05:49 - Insert with success IMOXT202003045BR
28/03/2020 11:05:50 - Inserir Historico IMTAM202003013BR
28/03/2020 11:05:50 - Insert with success IMTAM202003013BR
28/03/2020 11:05:50 - Inserir Historico IMSOL202002122BR
28/03/2020 11:05:51 - Insert with success IMSOL202002122BR
28/03/2020 11:05:51 - Inserir Historico IMCSR202003389BR
28/03/2020 11:05:51 - Insert with success IMCSR202003389BR
28/03/2020 11:05:51 - Inserir Historico IASWB202003001BR
28/03/2020 11:05:51 - Insert with success IASWB202003001BR
28/03/2020 11:05:52 - Inserir Historico IMTAM202003014BR
28/03/2020 11:05:52 - Insert with success IMTAM202003014BR
28/03/2020 11:05:52 - Inserir Historico IMOXT202003046BR
28/03/2020 11:05:53 - Insert with success IMOXT202003046BR
28/03/2020 11:05:53 - Inserir Historico IMOCV202003021BR
28/03/2020 11:05:54 - Insert with success IMOCV202003021BR
28/03/2020 11:05:54 - Inserir Historico EMCSR202003104BR
28/03/2020 11:05:55 - Insert with success EMCSR202003104BR
28/03/2020 11:05:55 - Inserir Historico EAATL202003009BR
28/03/2020 11:05:55 - Insert with success EAATL202003009BR
28/03/2020 11:05:55 - Inserir Historico EMCSR202003105BR
28/03/2020 11:05:56 - Insert with success EMCSR202003105BR
28/03/2020 11:05:56 - Inserir Historico IMOXT202003047BR
28/03/2020 11:05:56 - Insert with success IMOXT202003047BR
28/03/2020 11:05:56 - Inserir Historico EMCSR202003106BR
28/03/2020 11:05:57 - Insert with success EMCSR202003106BR
28/03/2020 11:05:57 - Inserir Historico EMCSR202003107BR
28/03/2020 11:05:57 - Insert with success EMCSR202003107BR
28/03/2020 11:05:57 - Inserir Historico EMCSR202003108BR
28/03/2020 11:05:58 - Insert with success EMCSR202003108BR
28/03/2020 11:05:58 - Inserir Historico IAATL202003037BR
28/03/2020 11:05:58 - Insert with success IAATL202003037BR
28/03/2020 11:05:59 - Inserir Historico EMCSR202003109BR
28/03/2020 11:05:59 - Insert with success EMCSR202003109BR
28/03/2020 11:05:59 - Inserir Historico EMCSR202003110BR
28/03/2020 11:05:59 - Insert with success EMCSR202003110BR
28/03/2020 11:05:59 - Inserir Historico IMTAM202003015BR
28/03/2020 11:06:00 - Insert with success IMTAM202003015BR
28/03/2020 11:06:00 - Inserir Historico EOOXT202001008BR
28/03/2020 11:06:00 - Insert with success EOOXT202001008BR
28/03/2020 11:06:00 - Inserir Historico EOOXT202002004BR
28/03/2020 11:06:01 - Insert with success EOOXT202002004BR
28/03/2020 11:06:01 - Inserir Historico IACSR202003020BR
28/03/2020 11:06:02 - Insert with success IACSR202003020BR
28/03/2020 15:16:36 - Inserir Historico EMARC202003013BR
28/03/2020 15:16:37 - Insert with success EMARC202003013BR
