13/03/2020 9:39:27 AM - Inserir Historico EOARG202002090AR
13/03/2020 9:39:28 AM - Insert with success EOARG202002090AR
13/03/2020 9:39:38 AM - Inserir Historico EOARG202002043AR
13/03/2020 9:39:38 AM - Insert with success EOARG202002043AR
13/03/2020 9:39:49 AM - Inserir Historico EOARG202002185AR
13/03/2020 9:39:49 AM - Insert with success EOARG202002185AR
13/03/2020 9:40:01 AM - Inserir Historico IOROA202001007AR
13/03/2020 9:40:01 AM - Insert with success IOROA202001007AR
13/03/2020 9:40:11 AM - Inserir Historico EOARG202002139AR
13/03/2020 9:40:11 AM - Insert with success EOARG202002139AR
13/03/2020 9:40:23 AM - Inserir Historico IMARG202002022AR
13/03/2020 9:40:24 AM - Insert with success IMARG202002022AR
13/03/2020 9:40:34 AM - Inserir Historico EOARG202001144AR
13/03/2020 9:40:34 AM - Insert with success EOARG202001144AR
13/03/2020 9:40:46 AM - Inserir Historico EOARG202001041AR
13/03/2020 9:40:46 AM - Insert with success EOARG202001041AR
13/03/2020 9:40:57 AM - Inserir Historico EOARG202001036AR
13/03/2020 9:40:57 AM - Insert with success EOARG202001036AR
13/03/2020 9:41:08 AM - Inserir Historico EOARG202002217AR
13/03/2020 9:41:08 AM - Insert with success EOARG202002217AR
13/03/2020 9:41:21 AM - Inserir Historico EMARG202003065AR
13/03/2020 9:41:21 AM - Insert with success EMARG202003065AR
13/03/2020 9:41:33 AM - Inserir Historico IMROA202001044AR
13/03/2020 9:41:34 AM - Insert with success IMROA202001044AR
13/03/2020 9:41:45 AM - Inserir Historico EOARG202002113AR
13/03/2020 9:41:45 AM - Insert with success EOARG202002113AR
13/03/2020 9:41:57 AM - Inserir Historico EOARG202001231AR
13/03/2020 9:41:57 AM - Insert with success EOARG202001231AR
13/03/2020 9:42:11 AM - Inserir Historico EMARG202002147AR
13/03/2020 9:42:11 AM - Insert with success EMARG202002147AR
13/03/2020 9:42:24 AM - Inserir Historico EMARG202002219AR
13/03/2020 9:42:24 AM - Insert with success EMARG202002219AR
13/03/2020 9:42:36 AM - Inserir Historico EOARG202002133AR
13/03/2020 9:42:36 AM - Insert with success EOARG202002133AR
13/03/2020 9:42:46 AM - Inserir Historico EOARG202001234AR
13/03/2020 9:42:46 AM - Insert with success EOARG202001234AR
13/03/2020 9:43:00 AM - Inserir Historico EMARG202002002AR
13/03/2020 9:43:00 AM - Insert with success EMARG202002002AR
13/03/2020 9:43:11 AM - Inserir Historico EOARG202001194AR
13/03/2020 9:43:12 AM - Insert with success EOARG202001194AR
13/03/2020 9:43:23 AM - Inserir Historico EOARG202001031AR
13/03/2020 9:43:23 AM - Insert with success EOARG202001031AR
13/03/2020 9:43:34 AM - Inserir Historico EMARG202001131AR
13/03/2020 9:43:34 AM - Insert with success EMARG202001131AR
13/03/2020 9:43:44 AM - Inserir Historico EOUNI202003012AR
13/03/2020 9:43:44 AM - Insert with success EOUNI202003012AR
13/03/2020 9:43:57 AM - Inserir Historico IMARG202002045AR
13/03/2020 9:43:57 AM - Insert with success IMARG202002045AR
13/03/2020 9:44:07 AM - Inserir Historico EOARG202002097AR
13/03/2020 9:44:07 AM - Insert with success EOARG202002097AR
13/03/2020 9:44:21 AM - Inserir Historico EMARG202002173AR
13/03/2020 9:44:21 AM - Insert with success EMARG202002173AR
13/03/2020 9:44:31 AM - Inserir Historico EOUNI202003010AR
13/03/2020 9:44:31 AM - Insert with success EOUNI202003010AR
13/03/2020 9:44:41 AM - Inserir Historico EOUNI202002021AR
13/03/2020 9:44:41 AM - Insert with success EOUNI202002021AR
13/03/2020 9:44:53 AM - Inserir Historico EMARG202002140AR
13/03/2020 9:44:54 AM - Insert with success EMARG202002140AR
13/03/2020 9:45:05 AM - Inserir Historico EOARG202002153AR
13/03/2020 9:45:05 AM - Insert with success EOARG202002153AR
13/03/2020 9:45:17 AM - Inserir Historico IMROA202001004AR
13/03/2020 9:45:18 AM - Insert with success IMROA202001004AR
13/03/2020 9:45:31 AM - Inserir Historico EMARG202002058AR
13/03/2020 9:45:31 AM - Insert with success EMARG202002058AR
13/03/2020 9:45:44 AM - Inserir Historico IMARG202001079AR
13/03/2020 9:45:44 AM - Insert with success IMARG202001079AR
13/03/2020 9:45:55 AM - Inserir Historico EMARG202001056AR
13/03/2020 9:45:55 AM - Insert with success EMARG202001056AR
13/03/2020 9:46:05 AM - Inserir Historico EOUNI202002034AR
13/03/2020 9:46:05 AM - Insert with success EOUNI202002034AR
13/03/2020 9:46:17 AM - Inserir Historico EMARG202001062AR
13/03/2020 9:46:17 AM - Insert with success EMARG202001062AR
13/03/2020 9:46:29 AM - Inserir Historico IMARG202001077AR
13/03/2020 9:46:29 AM - Insert with success IMARG202001077AR
13/03/2020 9:46:40 AM - Inserir Historico EOARG202003008AR
13/03/2020 9:46:40 AM - Insert with success EOARG202003008AR
13/03/2020 9:46:53 AM - Inserir Historico EMARG202002241AR
13/03/2020 9:46:54 AM - Insert with success EMARG202002241AR
13/03/2020 9:47:05 AM - Inserir Historico EMARG202001234AR
13/03/2020 9:47:05 AM - Insert with success EMARG202001234AR
13/03/2020 9:47:16 AM - Inserir Historico EMARG202001057AR
13/03/2020 9:47:16 AM - Insert with success EMARG202001057AR
13/03/2020 9:47:29 AM - Inserir Historico IMARG202002084AR
13/03/2020 9:47:29 AM - Insert with success IMARG202002084AR
13/03/2020 9:47:40 AM - Inserir Historico EMARG202001102AR
13/03/2020 9:47:40 AM - Insert with success EMARG202001102AR
13/03/2020 9:47:51 AM - Inserir Historico EMARG202001010AR
13/03/2020 9:47:52 AM - Insert with success EMARG202001010AR
13/03/2020 9:48:06 AM - Inserir Historico IMARG202001058AR
13/03/2020 9:48:06 AM - Insert with success IMARG202001058AR
13/03/2020 9:48:16 AM - Inserir Historico EOUNI202003003AR
13/03/2020 9:48:16 AM - Insert with success EOUNI202003003AR
13/03/2020 9:48:29 AM - Inserir Historico EMARG202002298AR
13/03/2020 9:48:29 AM - Insert with success EMARG202002298AR
13/03/2020 9:48:41 AM - Inserir Historico EOARG202001199AR
13/03/2020 9:48:41 AM - Insert with success EOARG202001199AR
13/03/2020 9:48:55 AM - Inserir Historico EMARG202002100AR
13/03/2020 9:48:55 AM - Insert with success EMARG202002100AR
13/03/2020 9:49:08 AM - Inserir Historico IMARG202001143AR
13/03/2020 9:49:08 AM - Insert with success IMARG202001143AR
13/03/2020 9:49:18 AM - Inserir Historico EOARG202002216AR
13/03/2020 9:49:18 AM - Insert with success EOARG202002216AR
13/03/2020 9:49:29 AM - Inserir Historico EMARG202001317AR
13/03/2020 9:49:29 AM - Insert with success EMARG202001317AR
13/03/2020 9:49:40 AM - Inserir Historico EOARG202002224AR
13/03/2020 9:49:40 AM - Insert with success EOARG202002224AR
13/03/2020 9:49:59 AM - Inserir Historico EMARG202001282AR
13/03/2020 9:49:59 AM - Insert with success EMARG202001282AR
13/03/2020 9:50:10 AM - Inserir Historico EMARG202001077AR
13/03/2020 9:50:10 AM - Insert with success EMARG202001077AR
13/03/2020 9:50:22 AM - Inserir Historico IMCHP202001010AR
13/03/2020 9:50:22 AM - Insert with success IMCHP202001010AR
13/03/2020 9:50:37 AM - Inserir Historico IMARG201912094AR
13/03/2020 9:50:37 AM - Insert with success IMARG201912094AR
13/03/2020 9:50:51 AM - Inserir Historico IMROA202002001AR
13/03/2020 9:50:51 AM - Insert with success IMROA202002001AR
13/03/2020 9:51:02 AM - Inserir Historico EOARG202002068AR
13/03/2020 9:51:02 AM - Insert with success EOARG202002068AR
13/03/2020 9:51:15 AM - Inserir Historico EMARG202003025AR
13/03/2020 9:51:15 AM - Insert with success EMARG202003025AR
13/03/2020 9:51:29 AM - Inserir Historico EMARG202002065AR
13/03/2020 9:51:29 AM - Insert with success EMARG202002065AR
13/03/2020 9:51:42 AM - Inserir Historico EMARG202003064AR
13/03/2020 9:51:42 AM - Insert with success EMARG202003064AR
13/03/2020 9:51:55 AM - Inserir Historico IMARG202001100AR
13/03/2020 9:51:55 AM - Insert with success IMARG202001100AR
13/03/2020 9:52:10 AM - Inserir Historico IMARG201911084AR
13/03/2020 9:52:10 AM - Insert with success IMARG201911084AR
13/03/2020 9:52:25 AM - Inserir Historico EMARG202002264AR
13/03/2020 9:52:25 AM - Insert with success EMARG202002264AR
13/03/2020 9:52:38 AM - Inserir Historico IMCHP202001014AR
13/03/2020 9:52:38 AM - Insert with success IMCHP202001014AR
13/03/2020 9:52:49 AM - Inserir Historico EMARG202001219AR
13/03/2020 9:52:49 AM - Insert with success EMARG202001219AR
13/03/2020 9:53:01 AM - Inserir Historico EMARG202002047AR
13/03/2020 9:53:01 AM - Insert with success EMARG202002047AR
13/03/2020 9:53:13 AM - Inserir Historico IMARG202002020AR
13/03/2020 9:53:13 AM - Insert with success IMARG202002020AR
13/03/2020 9:53:24 AM - Inserir Historico EMARG202001079AR
13/03/2020 9:53:24 AM - Insert with success EMARG202001079AR
13/03/2020 9:53:36 AM - Inserir Historico EMARG202002028AR
13/03/2020 9:53:36 AM - Insert with success EMARG202002028AR
13/03/2020 9:53:50 AM - Inserir Historico EMARG202003032AR
13/03/2020 9:53:50 AM - Insert with success EMARG202003032AR
13/03/2020 9:54:03 AM - Inserir Historico IMROA202001010AR
13/03/2020 9:54:03 AM - Insert with success IMROA202001010AR
13/03/2020 9:54:16 AM - Inserir Historico EMARG202002086AR
13/03/2020 9:54:17 AM - Insert with success EMARG202002086AR
13/03/2020 9:54:29 AM - Inserir Historico IMROA202001056AR
13/03/2020 9:54:29 AM - Insert with success IMROA202001056AR
13/03/2020 9:54:39 AM - Inserir Historico EOARG202001104AR
13/03/2020 9:54:40 AM - Insert with success EOARG202001104AR
13/03/2020 9:54:51 AM - Inserir Historico EMARG202001063AR
13/03/2020 9:54:51 AM - Insert with success EMARG202001063AR
13/03/2020 9:55:07 AM - Inserir Historico EMARG202002271AR
13/03/2020 9:55:07 AM - Insert with success EMARG202002271AR
13/03/2020 9:55:18 AM - Inserir Historico EMARG202001222AR
13/03/2020 9:55:18 AM - Insert with success EMARG202001222AR
13/03/2020 9:55:31 AM - Inserir Historico IMROA202001039AR
13/03/2020 9:55:31 AM - Insert with success IMROA202001039AR
13/03/2020 9:55:41 AM - Inserir Historico EOARG202001176AR
13/03/2020 9:55:41 AM - Insert with success EOARG202001176AR
13/03/2020 9:55:53 AM - Inserir Historico EOARG202001131AR
13/03/2020 9:55:53 AM - Insert with success EOARG202001131AR
13/03/2020 9:56:02 AM - Inserir Historico IAARG202002006AR
13/03/2020 9:56:02 AM - Insert with success IAARG202002006AR
13/03/2020 9:56:13 AM - Inserir Historico EMARG202001001AR
13/03/2020 9:56:14 AM - Insert with success EMARG202001001AR
13/03/2020 9:56:25 AM - Inserir Historico EMARG202001082AR
13/03/2020 9:56:25 AM - Insert with success EMARG202001082AR
13/03/2020 9:56:35 AM - Inserir Historico EOARG202001263AR
13/03/2020 9:56:35 AM - Insert with success EOARG202001263AR
13/03/2020 9:56:45 AM - Inserir Historico EOARG202003062AR
13/03/2020 9:56:46 AM - Insert with success EOARG202003062AR
13/03/2020 9:56:56 AM - Inserir Historico EOARG202002049AR
13/03/2020 9:56:56 AM - Insert with success EOARG202002049AR
13/03/2020 9:57:07 AM - Inserir Historico EOARG202001259AR
13/03/2020 9:57:07 AM - Insert with success EOARG202001259AR
13/03/2020 9:57:18 AM - Inserir Historico EMARG202001142AR
13/03/2020 9:57:18 AM - Insert with success EMARG202001142AR
13/03/2020 9:57:29 AM - Inserir Historico EMARG202002181AR
13/03/2020 9:57:29 AM - Insert with success EMARG202002181AR
13/03/2020 9:57:40 AM - Inserir Historico EOARG202001095AR
13/03/2020 9:57:40 AM - Insert with success EOARG202001095AR
13/03/2020 9:57:51 AM - Inserir Historico EMARG202001218AR
13/03/2020 9:57:51 AM - Insert with success EMARG202001218AR
13/03/2020 9:58:05 AM - Inserir Historico EMARG202002146AR
13/03/2020 9:58:05 AM - Insert with success EMARG202002146AR
13/03/2020 9:58:21 AM - Inserir Historico EMARG202003031AR
13/03/2020 9:58:21 AM - Insert with success EMARG202003031AR
13/03/2020 9:58:36 AM - Inserir Historico IMARG202002016AR
13/03/2020 9:58:36 AM - Insert with success IMARG202002016AR
13/03/2020 9:58:47 AM - Inserir Historico IAARG202001003AR
13/03/2020 9:58:47 AM - Insert with success IAARG202001003AR
13/03/2020 9:58:57 AM - Inserir Historico EOARG202001143AR
13/03/2020 9:58:58 AM - Insert with success EOARG202001143AR
13/03/2020 9:59:09 AM - Inserir Historico EMARG202001193AR
13/03/2020 9:59:09 AM - Insert with success EMARG202001193AR
13/03/2020 9:59:20 AM - Inserir Historico EOARG202001071AR
13/03/2020 9:59:20 AM - Insert with success EOARG202001071AR
13/03/2020 9:59:32 AM - Inserir Historico IMCHP202001017AR
13/03/2020 9:59:33 AM - Insert with success IMCHP202001017AR
13/03/2020 9:59:45 AM - Inserir Historico EMARG202001014AR
13/03/2020 9:59:45 AM - Insert with success EMARG202001014AR
13/03/2020 9:59:56 AM - Inserir Historico EMARG202001159AR
13/03/2020 9:59:56 AM - Insert with success EMARG202001159AR
13/03/2020 10:00:08 AM - Inserir Historico EOARG202002100AR
13/03/2020 10:00:09 AM - Insert with success EOARG202002100AR
13/03/2020 10:00:21 AM - Inserir Historico EMARG202001041AR
13/03/2020 10:00:22 AM - Insert with success EMARG202001041AR
13/03/2020 10:00:35 AM - Inserir Historico EOARG202001178AR
13/03/2020 10:00:35 AM - Insert with success EOARG202001178AR
13/03/2020 10:00:55 AM - Inserir Historico EMARG202002257AR
13/03/2020 10:00:55 AM - Insert with success EMARG202002257AR
13/03/2020 10:01:14 AM - Inserir Historico EMARG202002080AR
13/03/2020 10:01:14 AM - Insert with success EMARG202002080AR
13/03/2020 10:01:27 AM - Inserir Historico EOARG202001051AR
13/03/2020 10:01:27 AM - Insert with success EOARG202001051AR
13/03/2020 10:01:46 AM - Inserir Historico EMARG202001320AR
13/03/2020 10:01:47 AM - Insert with success EMARG202001320AR
13/03/2020 10:02:03 AM - Inserir Historico EMARG201912352AR
13/03/2020 10:02:03 AM - Insert with success EMARG201912352AR
13/03/2020 10:02:24 AM - Inserir Historico EOARG202001174AR
13/03/2020 10:02:24 AM - Insert with success EOARG202001174AR
13/03/2020 10:02:37 AM - Inserir Historico EOUNI202002019AR
13/03/2020 10:02:37 AM - Insert with success EOUNI202002019AR
13/03/2020 10:02:52 AM - Inserir Historico EOARG202002005AR
13/03/2020 10:02:52 AM - Insert with success EOARG202002005AR
13/03/2020 10:03:07 AM - Inserir Historico EOARG202001065AR
13/03/2020 10:03:07 AM - Insert with success EOARG202001065AR
13/03/2020 10:03:26 AM - Inserir Historico EMARG202002151AR
13/03/2020 10:03:26 AM - Insert with success EMARG202002151AR
13/03/2020 10:03:51 AM - Inserir Historico IMARG202001030AR
13/03/2020 10:03:51 AM - Insert with success IMARG202001030AR
13/03/2020 10:04:08 AM - Inserir Historico EMARG202001034AR
13/03/2020 10:04:08 AM - Insert with success EMARG202001034AR
13/03/2020 10:04:28 AM - Inserir Historico EMARG202002072AR
13/03/2020 10:04:28 AM - Insert with success EMARG202002072AR
13/03/2020 10:04:45 AM - Inserir Historico IMARG202001151AR
13/03/2020 10:04:45 AM - Insert with success IMARG202001151AR
13/03/2020 10:04:59 AM - Inserir Historico EOARG202002006AR
13/03/2020 10:04:59 AM - Insert with success EOARG202002006AR
13/03/2020 10:05:17 AM - Inserir Historico EMARG202002157AR
13/03/2020 10:05:17 AM - Insert with success EMARG202002157AR
13/03/2020 10:05:31 AM - Inserir Historico EOARG202001145AR
13/03/2020 10:05:31 AM - Insert with success EOARG202001145AR
13/03/2020 10:05:45 AM - Inserir Historico EOARG202001171AR
13/03/2020 10:05:45 AM - Insert with success EOARG202001171AR
13/03/2020 10:06:01 AM - Inserir Historico IMROA202002025AR
13/03/2020 10:06:01 AM - Insert with success IMROA202002025AR
13/03/2020 10:06:18 AM - Inserir Historico IMARG202001078AR
13/03/2020 10:06:18 AM - Insert with success IMARG202001078AR
13/03/2020 10:06:31 AM - Inserir Historico EOARG202002038AR
13/03/2020 10:06:32 AM - Insert with success EOARG202002038AR
13/03/2020 10:06:50 AM - Inserir Historico EMARG202002215AR
13/03/2020 10:06:50 AM - Insert with success EMARG202002215AR
13/03/2020 10:07:05 AM - Inserir Historico EOARG202001032AR
13/03/2020 10:07:06 AM - Insert with success EOARG202001032AR
13/03/2020 10:07:19 AM - Inserir Historico EOUNI202002010AR
13/03/2020 10:07:19 AM - Insert with success EOUNI202002010AR
13/03/2020 10:07:35 AM - Inserir Historico IMROA202001061AR
13/03/2020 10:07:35 AM - Insert with success IMROA202001061AR
13/03/2020 10:07:53 AM - Inserir Historico EMARG202003045AR
13/03/2020 10:07:54 AM - Insert with success EMARG202003045AR
13/03/2020 10:08:15 AM - Inserir Historico EMARG202002188AR
13/03/2020 10:08:15 AM - Insert with success EMARG202002188AR
13/03/2020 10:08:32 AM - Inserir Historico IMCHP202001004AR
13/03/2020 10:08:32 AM - Insert with success IMCHP202001004AR
13/03/2020 10:08:47 AM - Inserir Historico EMARG202001116AR
13/03/2020 10:08:47 AM - Insert with success EMARG202001116AR
13/03/2020 10:09:01 AM - Inserir Historico EMARG202003050AR
13/03/2020 10:09:01 AM - Insert with success EMARG202003050AR
13/03/2020 10:09:12 AM - Inserir Historico EMARG202001085AR
13/03/2020 10:09:12 AM - Insert with success EMARG202001085AR
13/03/2020 10:09:24 AM - Inserir Historico EMARG202002096AR
13/03/2020 10:09:24 AM - Insert with success EMARG202002096AR
13/03/2020 10:09:38 AM - Inserir Historico EMARG202002123AR
13/03/2020 10:09:38 AM - Insert with success EMARG202002123AR
13/03/2020 10:09:52 AM - Inserir Historico EMARG202001322AR
13/03/2020 10:09:52 AM - Insert with success EMARG202001322AR
13/03/2020 10:10:04 AM - Inserir Historico IMARG201911040AR
13/03/2020 10:10:04 AM - Insert with success IMARG201911040AR
13/03/2020 10:10:15 AM - Inserir Historico EOARG202001257AR
13/03/2020 10:10:15 AM - Insert with success EOARG202001257AR
13/03/2020 10:10:26 AM - Inserir Historico EMARG202001319AR
13/03/2020 10:10:26 AM - Insert with success EMARG202001319AR
13/03/2020 10:10:36 AM - Inserir Historico EOUNI202002024AR
13/03/2020 10:10:36 AM - Insert with success EOUNI202002024AR
13/03/2020 10:10:47 AM - Inserir Historico EMARG202001227AR
13/03/2020 10:10:47 AM - Insert with success EMARG202001227AR
13/03/2020 10:10:58 AM - Inserir Historico EOARG202001093AR
13/03/2020 10:10:58 AM - Insert with success EOARG202001093AR
13/03/2020 10:11:10 AM - Inserir Historico IMARG202003009AR
13/03/2020 10:11:11 AM - Insert with success IMARG202003009AR
13/03/2020 10:11:18 AM - Inserir Historico IACHP202001001AR
13/03/2020 10:11:18 AM - Insert with success IACHP202001001AR
13/03/2020 10:11:29 AM - Inserir Historico EMARG202001064AR
13/03/2020 10:11:29 AM - Insert with success EMARG202001064AR
13/03/2020 10:11:41 AM - Inserir Historico EMARG202003028AR
13/03/2020 10:11:41 AM - Insert with success EMARG202003028AR
13/03/2020 10:11:52 AM - Inserir Historico EMARG202001164AR
13/03/2020 10:11:52 AM - Insert with success EMARG202001164AR
13/03/2020 10:12:04 AM - Inserir Historico EMARG202001244AR
13/03/2020 10:12:04 AM - Insert with success EMARG202001244AR
13/03/2020 10:12:16 AM - Inserir Historico EMARG202001156AR
13/03/2020 10:12:16 AM - Insert with success EMARG202001156AR
13/03/2020 10:12:27 AM - Inserir Historico EOARG202002001AR
13/03/2020 10:12:27 AM - Insert with success EOARG202002001AR
13/03/2020 10:12:38 AM - Inserir Historico EOUNI202002011AR
13/03/2020 10:12:38 AM - Insert with success EOUNI202002011AR
13/03/2020 10:12:49 AM - Inserir Historico EMARG202001266AR
13/03/2020 10:12:49 AM - Insert with success EMARG202001266AR
13/03/2020 10:12:59 AM - Inserir Historico EOARG202003045AR
13/03/2020 10:12:59 AM - Insert with success EOARG202003045AR
13/03/2020 10:13:10 AM - Inserir Historico EMARG202002246AR
13/03/2020 10:13:10 AM - Insert with success EMARG202002246AR
13/03/2020 10:13:24 AM - Inserir Historico EMARG202002216AR
13/03/2020 10:13:24 AM - Insert with success EMARG202002216AR
13/03/2020 10:13:36 AM - Inserir Historico EOARG202002021AR
13/03/2020 10:13:36 AM - Insert with success EOARG202002021AR
13/03/2020 10:13:50 AM - Inserir Historico EMARG202002135AR
13/03/2020 10:13:50 AM - Insert with success EMARG202002135AR
13/03/2020 10:14:00 AM - Inserir Historico EOARG202001151AR
13/03/2020 10:14:00 AM - Insert with success EOARG202001151AR
13/03/2020 10:14:13 AM - Inserir Historico IMARG202001045AR
13/03/2020 10:14:13 AM - Insert with success IMARG202001045AR
13/03/2020 10:14:23 AM - Inserir Historico EOUNI202002002AR
13/03/2020 10:14:23 AM - Insert with success EOUNI202002002AR
13/03/2020 10:14:35 AM - Inserir Historico EOARG202002140AR
13/03/2020 10:14:35 AM - Insert with success EOARG202002140AR
13/03/2020 10:14:45 AM - Inserir Historico EOARG202001223AR
13/03/2020 10:14:45 AM - Insert with success EOARG202001223AR
13/03/2020 10:14:56 AM - Inserir Historico EOARG202003031AR
13/03/2020 10:14:56 AM - Insert with success EOARG202003031AR
13/03/2020 10:15:06 AM - Inserir Historico EOARG202002002AR
13/03/2020 10:15:06 AM - Insert with success EOARG202002002AR
13/03/2020 10:15:20 AM - Inserir Historico EMARG202002097AR
13/03/2020 10:15:20 AM - Insert with success EMARG202002097AR
13/03/2020 10:15:32 AM - Inserir Historico IMARG202002050AR
13/03/2020 10:15:32 AM - Insert with success IMARG202002050AR
13/03/2020 10:15:43 AM - Inserir Historico EOROA202002001AR
13/03/2020 10:15:43 AM - Insert with success EOROA202002001AR
13/03/2020 10:15:57 AM - Inserir Historico EMARG202002266AR
13/03/2020 10:15:57 AM - Insert with success EMARG202002266AR
13/03/2020 10:16:04 AM - Inserir Historico IMFLT202002103AR
13/03/2020 10:16:04 AM - Insert with success IMFLT202002103AR
13/03/2020 10:16:17 AM - Inserir Historico IMARG202001067AR
13/03/2020 10:16:17 AM - Insert with success IMARG202001067AR
13/03/2020 10:16:28 AM - Inserir Historico EMARG202002053AR
13/03/2020 10:16:28 AM - Insert with success EMARG202002053AR
13/03/2020 10:16:39 AM - Inserir Historico EMARG202003008AR
13/03/2020 10:16:39 AM - Insert with success EMARG202003008AR
13/03/2020 10:16:51 AM - Inserir Historico IMARG202001117AR
13/03/2020 10:16:52 AM - Insert with success IMARG202001117AR
13/03/2020 10:17:03 AM - Inserir Historico EMARG202001197AR
13/03/2020 10:17:03 AM - Insert with success EMARG202001197AR
13/03/2020 10:17:15 AM - Inserir Historico EOARG202001229AR
13/03/2020 10:17:15 AM - Insert with success EOARG202001229AR
13/03/2020 10:17:29 AM - Inserir Historico EMARG202002247AR
13/03/2020 10:17:29 AM - Insert with success EMARG202002247AR
13/03/2020 10:17:40 AM - Inserir Historico EMARG202002025AR
13/03/2020 10:17:40 AM - Insert with success EMARG202002025AR
13/03/2020 10:17:53 AM - Inserir Historico EMARG202001300AR
13/03/2020 10:17:53 AM - Insert with success EMARG202001300AR
13/03/2020 10:18:04 AM - Inserir Historico EMARG202001233AR
13/03/2020 10:18:04 AM - Insert with success EMARG202001233AR
13/03/2020 10:18:17 AM - Inserir Historico IMARG202001061AR
13/03/2020 10:18:17 AM - Insert with success IMARG202001061AR
13/03/2020 10:18:27 AM - Inserir Historico EOUNI202001040AR
13/03/2020 10:18:27 AM - Insert with success EOUNI202001040AR
13/03/2020 10:18:38 AM - Inserir Historico EOARG202001057AR
13/03/2020 10:18:38 AM - Insert with success EOARG202001057AR
13/03/2020 10:18:49 AM - Inserir Historico EMARG202001245AR
13/03/2020 10:18:49 AM - Insert with success EMARG202001245AR
13/03/2020 10:19:03 AM - Inserir Historico EMARG202002108AR
13/03/2020 10:19:04 AM - Insert with success EMARG202002108AR
13/03/2020 10:19:16 AM - Inserir Historico EMARG202002304AR
13/03/2020 10:19:16 AM - Insert with success EMARG202002304AR
13/03/2020 10:19:26 AM - Inserir Historico EOARG202001048AR
13/03/2020 10:19:27 AM - Insert with success EOARG202001048AR
13/03/2020 10:19:39 AM - Inserir Historico IMCHP202001007AR
13/03/2020 10:19:39 AM - Insert with success IMCHP202001007AR
13/03/2020 10:19:49 AM - Inserir Historico EOARG202001137AR
13/03/2020 10:19:50 AM - Insert with success EOARG202001137AR
13/03/2020 10:20:00 AM - Inserir Historico EOUNI202001027AR
13/03/2020 10:20:00 AM - Insert with success EOUNI202001027AR
13/03/2020 10:20:11 AM - Inserir Historico EOARG202001128AR
13/03/2020 10:20:12 AM - Insert with success EOARG202001128AR
13/03/2020 10:20:26 AM - Inserir Historico EMARG202002280AR
13/03/2020 10:20:26 AM - Insert with success EMARG202002280AR
13/03/2020 10:20:36 AM - Inserir Historico EOARG202001054AR
13/03/2020 10:20:36 AM - Insert with success EOARG202001054AR
13/03/2020 10:20:46 AM - Inserir Historico EOARG202001218AR
13/03/2020 10:20:47 AM - Insert with success EOARG202001218AR
13/03/2020 10:20:57 AM - Inserir Historico EOARG202001136AR
13/03/2020 10:20:57 AM - Insert with success EOARG202001136AR
13/03/2020 10:21:08 AM - Inserir Historico EOARG202001110AR
13/03/2020 10:21:08 AM - Insert with success EOARG202001110AR
13/03/2020 10:21:19 AM - Inserir Historico EMARG202001019AR
13/03/2020 10:21:19 AM - Insert with success EMARG202001019AR
13/03/2020 10:21:30 AM - Inserir Historico EOARG202002236AR
13/03/2020 10:21:30 AM - Insert with success EOARG202002236AR
13/03/2020 10:21:40 AM - Inserir Historico EOROA202001006AR
13/03/2020 10:21:40 AM - Insert with success EOROA202001006AR
13/03/2020 10:21:51 AM - Inserir Historico EOARG202001149AR
13/03/2020 10:21:51 AM - Insert with success EOARG202001149AR
13/03/2020 10:22:03 AM - Inserir Historico EMARG202001341AR
13/03/2020 10:22:04 AM - Insert with success EMARG202001341AR
13/03/2020 10:22:14 AM - Inserir Historico EOARG202002127AR
13/03/2020 10:22:14 AM - Insert with success EOARG202002127AR
13/03/2020 10:22:21 AM - Inserir Historico IAARG202003001AR
13/03/2020 10:22:22 AM - Insert with success IAARG202003001AR
13/03/2020 10:22:32 AM - Inserir Historico EOARG202001140AR
13/03/2020 10:22:33 AM - Insert with success EOARG202001140AR
13/03/2020 10:22:43 AM - Inserir Historico EOARG202003019AR
13/03/2020 10:22:43 AM - Insert with success EOARG202003019AR
13/03/2020 10:22:54 AM - Inserir Historico EOARG202001081AR
13/03/2020 10:22:54 AM - Insert with success EOARG202001081AR
13/03/2020 10:23:04 AM - Inserir Historico EOARG202001103AR
13/03/2020 10:23:04 AM - Insert with success EOARG202001103AR
13/03/2020 10:23:15 AM - Inserir Historico EOROA202002009AR
13/03/2020 10:23:15 AM - Insert with success EOROA202002009AR
13/03/2020 10:23:29 AM - Inserir Historico IMROA202003001AR
13/03/2020 10:23:29 AM - Insert with success IMROA202003001AR
13/03/2020 10:23:42 AM - Inserir Historico IMARG202001148AR
13/03/2020 10:23:42 AM - Insert with success IMARG202001148AR
13/03/2020 10:23:54 AM - Inserir Historico IMARG202001049AR
13/03/2020 10:23:54 AM - Insert with success IMARG202001049AR
13/03/2020 10:24:04 AM - Inserir Historico EOARG202002176AR
13/03/2020 10:24:05 AM - Insert with success EOARG202002176AR
13/03/2020 10:24:15 AM - Inserir Historico EOARG202002145AR
13/03/2020 10:24:15 AM - Insert with success EOARG202002145AR
13/03/2020 10:24:28 AM - Inserir Historico IMARG201912008AR
13/03/2020 10:24:28 AM - Insert with success IMARG201912008AR
13/03/2020 10:24:38 AM - Inserir Historico EOARG202002020AR
13/03/2020 10:24:38 AM - Insert with success EOARG202002020AR
13/03/2020 10:24:50 AM - Inserir Historico EMARG202001093AR
13/03/2020 10:24:50 AM - Insert with success EMARG202001093AR
13/03/2020 10:25:03 AM - Inserir Historico IMARG202001158AR
13/03/2020 10:25:03 AM - Insert with success IMARG202001158AR
13/03/2020 10:25:17 AM - Inserir Historico EMARG202002052AR
13/03/2020 10:25:17 AM - Insert with success EMARG202002052AR
13/03/2020 10:25:28 AM - Inserir Historico EMARG202001293AR
13/03/2020 10:25:29 AM - Insert with success EMARG202001293AR
13/03/2020 10:27:56 AM - Inserir Historico IMARG202001023AR
13/03/2020 10:27:56 AM - Insert with success IMARG202001023AR
13/03/2020 10:28:07 AM - Inserir Historico EOUNI202003001AR
13/03/2020 10:28:07 AM - Insert with success EOUNI202003001AR
13/03/2020 10:28:18 AM - Inserir Historico EMARG202002039AR
13/03/2020 10:28:18 AM - Insert with success EMARG202002039AR
13/03/2020 10:28:29 AM - Inserir Historico EOARG202002222AR
13/03/2020 10:28:29 AM - Insert with success EOARG202002222AR
13/03/2020 10:28:39 AM - Inserir Historico EOARG202001005AR
13/03/2020 10:28:39 AM - Insert with success EOARG202001005AR
13/03/2020 10:28:53 AM - Inserir Historico EMARG202002234AR
13/03/2020 10:28:54 AM - Insert with success EMARG202002234AR
13/03/2020 10:29:08 AM - Inserir Historico EMARG202002191AR
13/03/2020 10:29:08 AM - Insert with success EMARG202002191AR
13/03/2020 10:29:18 AM - Inserir Historico EOARG202001084AR
13/03/2020 10:29:18 AM - Insert with success EOARG202001084AR
13/03/2020 10:29:29 AM - Inserir Historico EOARG202001040AR
13/03/2020 10:29:29 AM - Insert with success EOARG202001040AR
13/03/2020 10:29:41 AM - Inserir Historico EMARG202003022AR
13/03/2020 10:29:41 AM - Insert with success EMARG202003022AR
13/03/2020 10:29:55 AM - Inserir Historico IMARG202001052AR
13/03/2020 10:29:55 AM - Insert with success IMARG202001052AR
13/03/2020 10:30:06 AM - Inserir Historico EOARG202002171AR
13/03/2020 10:30:06 AM - Insert with success EOARG202002171AR
13/03/2020 10:30:16 AM - Inserir Historico EOUNI202001034AR
13/03/2020 10:30:16 AM - Insert with success EOUNI202001034AR
13/03/2020 10:30:27 AM - Inserir Historico EOARG202002221AR
13/03/2020 10:30:27 AM - Insert with success EOARG202002221AR
13/03/2020 10:30:36 AM - Inserir Historico IMARG201912048AR
13/03/2020 10:30:36 AM - Insert with success IMARG201912048AR
13/03/2020 10:30:49 AM - Inserir Historico IMARG202001150AR
13/03/2020 10:30:49 AM - Insert with success IMARG202001150AR
13/03/2020 10:31:00 AM - Inserir Historico EMARG202001091AR
13/03/2020 10:31:00 AM - Insert with success EMARG202001091AR
13/03/2020 10:31:13 AM - Inserir Historico IMARG201912005AR
13/03/2020 10:31:13 AM - Insert with success IMARG201912005AR
13/03/2020 10:31:26 AM - Inserir Historico EMARG202002170AR
13/03/2020 10:31:27 AM - Insert with success EMARG202002170AR
13/03/2020 10:31:40 AM - Inserir Historico EMARG202002171AR
13/03/2020 10:31:41 AM - Insert with success EMARG202002171AR
13/03/2020 10:31:52 AM - Inserir Historico EMARG202001334AR
13/03/2020 10:31:52 AM - Insert with success EMARG202001334AR
13/03/2020 10:32:05 AM - Inserir Historico EMARG202001185AR
13/03/2020 10:32:05 AM - Insert with success EMARG202001185AR
13/03/2020 10:32:10 AM - Inserir Historico IAFLT202002007AR
13/03/2020 10:32:10 AM - Insert with success IAFLT202002007AR
13/03/2020 10:32:21 AM - Inserir Historico EOUNI202003002AR
13/03/2020 10:32:21 AM - Insert with success EOUNI202003002AR
13/03/2020 10:32:32 AM - Inserir Historico EOARG202002233AR
13/03/2020 10:32:32 AM - Insert with success EOARG202002233AR
13/03/2020 10:32:44 AM - Inserir Historico IMROA201912022AR
13/03/2020 10:32:44 AM - Insert with success IMROA201912022AR
13/03/2020 10:32:53 AM - Inserir Historico IMARG202002024AR
13/03/2020 10:32:53 AM - Insert with success IMARG202002024AR
13/03/2020 10:33:04 AM - Inserir Historico EMARG202002027AR
13/03/2020 10:33:05 AM - Insert with success EMARG202002027AR
13/03/2020 10:33:18 AM - Inserir Historico EMARG202002212AR
13/03/2020 10:33:19 AM - Insert with success EMARG202002212AR
13/03/2020 10:33:31 AM - Inserir Historico IMARG202001047AR
13/03/2020 10:33:31 AM - Insert with success IMARG202001047AR
13/03/2020 10:33:42 AM - Inserir Historico EMARG202002049AR
13/03/2020 10:33:42 AM - Insert with success EMARG202002049AR
13/03/2020 10:33:55 AM - Inserir Historico EMARG202003036AR
13/03/2020 10:33:55 AM - Insert with success EMARG202003036AR
13/03/2020 10:34:09 AM - Inserir Historico IMROA202001025AR
13/03/2020 10:34:10 AM - Insert with success IMROA202001025AR
13/03/2020 10:34:24 AM - Inserir Historico EMARG202002248AR
13/03/2020 10:34:24 AM - Insert with success EMARG202002248AR
13/03/2020 10:34:35 AM - Inserir Historico EMARG202001172AR
13/03/2020 10:34:35 AM - Insert with success EMARG202001172AR
13/03/2020 10:34:48 AM - Inserir Historico IMROA202001063AR
13/03/2020 10:34:48 AM - Insert with success IMROA202001063AR
13/03/2020 10:34:58 AM - Inserir Historico EOROA202002011AR
13/03/2020 10:34:59 AM - Insert with success EOROA202002011AR
13/03/2020 10:35:09 AM - Inserir Historico EOARG202002027AR
13/03/2020 10:35:09 AM - Insert with success EOARG202002027AR
13/03/2020 10:35:20 AM - Inserir Historico EMARG202001050AR
13/03/2020 10:35:20 AM - Insert with success EMARG202001050AR
13/03/2020 10:35:32 AM - Inserir Historico EMARG202001012AR
13/03/2020 10:35:32 AM - Insert with success EMARG202001012AR
13/03/2020 10:35:46 AM - Inserir Historico EMARG202002081AR
13/03/2020 10:35:46 AM - Insert with success EMARG202002081AR
13/03/2020 10:35:56 AM - Inserir Historico EOROA202002004AR
13/03/2020 10:35:56 AM - Insert with success EOROA202002004AR
13/03/2020 10:36:08 AM - Inserir Historico EMARG202001231AR
13/03/2020 10:36:08 AM - Insert with success EMARG202001231AR
13/03/2020 10:36:19 AM - Inserir Historico EMARG202001008AR
13/03/2020 10:36:19 AM - Insert with success EMARG202001008AR
13/03/2020 10:36:30 AM - Inserir Historico EOARG202001050AR
13/03/2020 10:36:30 AM - Insert with success EOARG202001050AR
13/03/2020 10:36:41 AM - Inserir Historico EOUNI202003005AR
13/03/2020 10:36:41 AM - Insert with success EOUNI202003005AR
13/03/2020 10:36:53 AM - Inserir Historico IMCHP202002001AR
13/03/2020 10:36:53 AM - Insert with success IMCHP202002001AR
13/03/2020 10:37:07 AM - Inserir Historico EOARG202003024AR
13/03/2020 10:37:07 AM - Insert with success EOARG202003024AR
13/03/2020 10:37:19 AM - Inserir Historico IMPME202002005AR
13/03/2020 10:37:19 AM - Insert with success IMPME202002005AR
13/03/2020 10:37:30 AM - Inserir Historico EMARG202002035AR
13/03/2020 10:37:30 AM - Insert with success EMARG202002035AR
13/03/2020 10:37:41 AM - Inserir Historico EOARG202001150AR
13/03/2020 10:37:41 AM - Insert with success EOARG202001150AR
13/03/2020 10:37:52 AM - Inserir Historico EOARG202001046AR
13/03/2020 10:37:52 AM - Insert with success EOARG202001046AR
13/03/2020 10:38:02 AM - Inserir Historico EOARG202003021AR
13/03/2020 10:38:02 AM - Insert with success EOARG202003021AR
13/03/2020 10:38:16 AM - Inserir Historico EMARG202002031AR
13/03/2020 10:38:16 AM - Insert with success EMARG202002031AR
13/03/2020 10:38:27 AM - Inserir Historico EMARG202001148AR
13/03/2020 10:38:28 AM - Insert with success EMARG202001148AR
13/03/2020 10:38:39 AM - Inserir Historico EMARG202001167AR
13/03/2020 10:38:39 AM - Insert with success EMARG202001167AR
13/03/2020 10:38:50 AM - Inserir Historico EMARG202001130AR
13/03/2020 10:38:50 AM - Insert with success EMARG202001130AR
13/03/2020 10:39:02 AM - Inserir Historico EMARG202001029AR
13/03/2020 10:39:02 AM - Insert with success EMARG202001029AR
13/03/2020 10:39:15 AM - Inserir Historico IMARG201911071AR
13/03/2020 10:39:15 AM - Insert with success IMARG201911071AR
13/03/2020 10:39:27 AM - Inserir Historico IMPME202001001AR
13/03/2020 10:39:27 AM - Insert with success IMPME202001001AR
13/03/2020 10:39:39 AM - Inserir Historico IMARG202001057AR
13/03/2020 10:39:40 AM - Insert with success IMARG202001057AR
13/03/2020 10:39:50 AM - Inserir Historico EOARG202001078AR
13/03/2020 10:39:50 AM - Insert with success EOARG202001078AR
13/03/2020 10:40:01 AM - Inserir Historico EMARG202001004AR
13/03/2020 10:40:02 AM - Insert with success EMARG202001004AR
13/03/2020 10:40:15 AM - Inserir Historico EMARG202002268AR
13/03/2020 10:40:16 AM - Insert with success EMARG202002268AR
13/03/2020 10:40:28 AM - Inserir Historico IMARG202002038AR
13/03/2020 10:40:28 AM - Insert with success IMARG202002038AR
13/03/2020 10:40:42 AM - Inserir Historico EMARG202002263AR
13/03/2020 10:40:42 AM - Insert with success EMARG202002263AR
13/03/2020 10:40:53 AM - Inserir Historico EOARG202002202AR
13/03/2020 10:40:53 AM - Insert with success EOARG202002202AR
13/03/2020 10:41:04 AM - Inserir Historico EMARG202001121AR
13/03/2020 10:41:05 AM - Insert with success EMARG202001121AR
13/03/2020 10:41:15 AM - Inserir Historico EOARG202002215AR
13/03/2020 10:41:15 AM - Insert with success EOARG202002215AR
13/03/2020 10:41:28 AM - Inserir Historico IMROA202001020AR
13/03/2020 10:41:28 AM - Insert with success IMROA202001020AR
13/03/2020 10:41:39 AM - Inserir Historico EOARG202001244AR
13/03/2020 10:41:39 AM - Insert with success EOARG202001244AR
13/03/2020 10:41:50 AM - Inserir Historico IOARG202001013AR
13/03/2020 10:41:50 AM - Insert with success IOARG202001013AR
13/03/2020 10:42:05 AM - Inserir Historico EMARG202001312AR
13/03/2020 10:42:06 AM - Insert with success EMARG202001312AR
13/03/2020 10:42:20 AM - Inserir Historico EMARG201912347AR
13/03/2020 10:42:20 AM - Insert with success EMARG201912347AR
13/03/2020 10:42:32 AM - Inserir Historico EMARG202001351AR
13/03/2020 10:42:32 AM - Insert with success EMARG202001351AR
13/03/2020 10:42:45 AM - Inserir Historico EMARG202003071AR
13/03/2020 10:42:45 AM - Insert with success EMARG202003071AR
13/03/2020 10:42:58 AM - Inserir Historico EMARG202001206AR
13/03/2020 10:42:58 AM - Insert with success EMARG202001206AR
13/03/2020 10:43:09 AM - Inserir Historico EMARG202001132AR
13/03/2020 10:43:09 AM - Insert with success EMARG202001132AR
13/03/2020 10:43:20 AM - Inserir Historico EOARG202001098AR
13/03/2020 10:43:20 AM - Insert with success EOARG202001098AR
13/03/2020 10:43:31 AM - Inserir Historico EMARG202001090AR
13/03/2020 10:43:31 AM - Insert with success EMARG202001090AR
13/03/2020 10:43:42 AM - Inserir Historico EOARG202002026AR
13/03/2020 10:43:42 AM - Insert with success EOARG202002026AR
13/03/2020 10:43:54 AM - Inserir Historico IMCHP202002004AR
13/03/2020 10:43:54 AM - Insert with success IMCHP202002004AR
13/03/2020 10:44:05 AM - Inserir Historico EOARG202001052AR
13/03/2020 10:44:05 AM - Insert with success EOARG202001052AR
13/03/2020 10:44:21 AM - Inserir Historico EMARG202003011AR
13/03/2020 10:44:21 AM - Insert with success EMARG202003011AR
13/03/2020 10:44:33 AM - Inserir Historico EMARG202001143AR
13/03/2020 10:44:33 AM - Insert with success EMARG202001143AR
13/03/2020 10:44:47 AM - Inserir Historico IMROA202002014AR
13/03/2020 10:44:48 AM - Insert with success IMROA202002014AR
13/03/2020 10:45:00 AM - Inserir Historico IMARG202001010AR
13/03/2020 10:45:00 AM - Insert with success IMARG202001010AR
13/03/2020 10:45:11 AM - Inserir Historico EOARG202001060AR
13/03/2020 10:45:11 AM - Insert with success EOARG202001060AR
13/03/2020 10:45:21 AM - Inserir Historico EOARG202001119AR
13/03/2020 10:45:21 AM - Insert with success EOARG202001119AR
13/03/2020 10:45:32 AM - Inserir Historico EMARG202002138AR
13/03/2020 10:45:32 AM - Insert with success EMARG202002138AR
13/03/2020 10:45:44 AM - Inserir Historico EMARG202001066AR
13/03/2020 10:45:44 AM - Insert with success EMARG202001066AR
13/03/2020 10:45:58 AM - Inserir Historico EMARG202002116AR
13/03/2020 10:45:58 AM - Insert with success EMARG202002116AR
13/03/2020 10:46:08 AM - Inserir Historico EOARG202002226AR
13/03/2020 10:46:08 AM - Insert with success EOARG202002226AR
13/03/2020 10:46:22 AM - Inserir Historico EMARG202003006AR
13/03/2020 10:46:22 AM - Insert with success EMARG202003006AR
13/03/2020 10:46:35 AM - Inserir Historico EMARG202002060AR
13/03/2020 10:46:35 AM - Insert with success EMARG202002060AR
13/03/2020 10:46:49 AM - Inserir Historico EMARG202002302AR
13/03/2020 10:46:49 AM - Insert with success EMARG202002302AR
13/03/2020 10:47:01 AM - Inserir Historico EMARG202001352AR
13/03/2020 10:47:01 AM - Insert with success EMARG202001352AR
13/03/2020 10:47:15 AM - Inserir Historico EMARG202002062AR
13/03/2020 10:47:15 AM - Insert with success EMARG202002062AR
13/03/2020 10:47:26 AM - Inserir Historico EMARG202002110AR
13/03/2020 10:47:26 AM - Insert with success EMARG202002110AR
13/03/2020 10:47:40 AM - Inserir Historico EMARG202002003AR
13/03/2020 10:47:40 AM - Insert with success EMARG202002003AR
13/03/2020 10:47:51 AM - Inserir Historico EOARG202001233AR
13/03/2020 10:47:51 AM - Insert with success EOARG202001233AR
13/03/2020 10:48:01 AM - Inserir Historico EOARG202003009AR
13/03/2020 10:48:01 AM - Insert with success EOARG202003009AR
13/03/2020 10:48:15 AM - Inserir Historico EMARG202003001AR
13/03/2020 10:48:15 AM - Insert with success EMARG202003001AR
13/03/2020 10:48:26 AM - Inserir Historico EMARG202001110AR
13/03/2020 10:48:26 AM - Insert with success EMARG202001110AR
13/03/2020 10:48:37 AM - Inserir Historico EOARG202002204AR
13/03/2020 10:48:37 AM - Insert with success EOARG202002204AR
13/03/2020 10:48:47 AM - Inserir Historico EOUNI202001012AR
13/03/2020 10:48:47 AM - Insert with success EOUNI202001012AR
13/03/2020 10:48:58 AM - Inserir Historico EOARG202001091AR
13/03/2020 10:48:58 AM - Insert with success EOARG202001091AR
13/03/2020 10:49:09 AM - Inserir Historico EMARG202001238AR
13/03/2020 10:49:10 AM - Insert with success EMARG202001238AR
13/03/2020 10:49:24 AM - Inserir Historico IMARG202001055AR
13/03/2020 10:49:24 AM - Insert with success IMARG202001055AR
13/03/2020 10:49:35 AM - Inserir Historico EOARG202001087AR
13/03/2020 10:49:35 AM - Insert with success EOARG202001087AR
13/03/2020 10:49:45 AM - Inserir Historico EOARG202001120AR
13/03/2020 10:49:46 AM - Insert with success EOARG202001120AR
13/03/2020 10:49:57 AM - Inserir Historico EOARG202001073AR
13/03/2020 10:49:57 AM - Insert with success EOARG202001073AR
13/03/2020 10:50:07 AM - Inserir Historico EOARG202002212AR
13/03/2020 10:50:08 AM - Insert with success EOARG202002212AR
13/03/2020 10:50:18 AM - Inserir Historico EOARG202001010AR
13/03/2020 10:50:18 AM - Insert with success EOARG202001010AR
13/03/2020 10:50:29 AM - Inserir Historico EOARG202001264AR
13/03/2020 10:50:29 AM - Insert with success EOARG202001264AR
13/03/2020 10:50:39 AM - Inserir Historico EOARG202001221AR
13/03/2020 10:50:39 AM - Insert with success EOARG202001221AR
13/03/2020 10:50:52 AM - Inserir Historico IMROA202001053AR
13/03/2020 10:50:52 AM - Insert with success IMROA202001053AR
13/03/2020 10:51:03 AM - Inserir Historico EOUNI202002033AR
13/03/2020 10:51:03 AM - Insert with success EOUNI202002033AR
13/03/2020 10:51:14 AM - Inserir Historico EMARG202001134AR
13/03/2020 10:51:14 AM - Insert with success EMARG202001134AR
13/03/2020 10:51:25 AM - Inserir Historico EOARG202002014AR
13/03/2020 10:51:25 AM - Insert with success EOARG202002014AR
13/03/2020 10:51:36 AM - Inserir Historico EMARG202001149AR
13/03/2020 10:51:36 AM - Insert with success EMARG202001149AR
13/03/2020 10:51:50 AM - Inserir Historico EMARG202002085AR
13/03/2020 10:51:50 AM - Insert with success EMARG202002085AR
13/03/2020 10:52:02 AM - Inserir Historico EOARG202003072AR
13/03/2020 10:52:02 AM - Insert with success EOARG202003072AR
13/03/2020 10:52:15 AM - Inserir Historico IMROA202001049AR
13/03/2020 10:52:15 AM - Insert with success IMROA202001049AR
13/03/2020 10:52:25 AM - Inserir Historico EOARG202001108AR
13/03/2020 10:52:26 AM - Insert with success EOARG202001108AR
13/03/2020 10:52:41 AM - Inserir Historico IMARG202002059AR
13/03/2020 10:52:41 AM - Insert with success IMARG202002059AR
13/03/2020 10:52:52 AM - Inserir Historico EOARG202002200AR
13/03/2020 10:52:52 AM - Insert with success EOARG202002200AR
13/03/2020 10:53:03 AM - Inserir Historico EMARG202002095AR
13/03/2020 10:53:03 AM - Insert with success EMARG202002095AR
13/03/2020 10:53:14 AM - Inserir Historico IOROA202001005AR
13/03/2020 10:53:14 AM - Insert with success IOROA202001005AR
13/03/2020 10:53:25 AM - Inserir Historico EOARG202001262AR
13/03/2020 10:53:25 AM - Insert with success EOARG202001262AR
13/03/2020 10:53:39 AM - Inserir Historico EMARG202002222AR
13/03/2020 10:53:39 AM - Insert with success EMARG202002222AR
13/03/2020 10:53:51 AM - Inserir Historico EOARG202001198AR
13/03/2020 10:53:51 AM - Insert with success EOARG202001198AR
13/03/2020 10:54:06 AM - Inserir Historico EMARG202002243AR
13/03/2020 10:54:06 AM - Insert with success EMARG202002243AR
13/03/2020 10:54:19 AM - Inserir Historico IMARG202002028AR
13/03/2020 10:54:19 AM - Insert with success IMARG202002028AR
13/03/2020 10:54:31 AM - Inserir Historico EOARG202002045AR
13/03/2020 10:54:31 AM - Insert with success EOARG202002045AR
13/03/2020 10:54:42 AM - Inserir Historico EMARG202001043AR
13/03/2020 10:54:42 AM - Insert with success EMARG202001043AR
13/03/2020 10:54:52 AM - Inserir Historico IAARG202002009AR
13/03/2020 10:54:52 AM - Insert with success IAARG202002009AR
13/03/2020 10:55:03 AM - Inserir Historico EMARG202001199AR
13/03/2020 10:55:03 AM - Insert with success EMARG202001199AR
13/03/2020 10:55:14 AM - Inserir Historico EOARG202001125AR
13/03/2020 10:55:14 AM - Insert with success EOARG202001125AR
13/03/2020 10:55:28 AM - Inserir Historico EMARG202002113AR
13/03/2020 10:55:28 AM - Insert with success EMARG202002113AR
13/03/2020 10:55:38 AM - Inserir Historico EOARG202001008AR
13/03/2020 10:55:38 AM - Insert with success EOARG202001008AR
13/03/2020 10:55:49 AM - Inserir Historico EOARG202001152AR
13/03/2020 10:55:49 AM - Insert with success EOARG202001152AR
13/03/2020 10:56:00 AM - Inserir Historico EMARG202001308AR
13/03/2020 10:56:00 AM - Insert with success EMARG202001308AR
13/03/2020 10:56:11 AM - Inserir Historico EMARG202001055AR
13/03/2020 10:56:12 AM - Insert with success EMARG202001055AR
13/03/2020 10:56:23 AM - Inserir Historico EMARG202002045AR
13/03/2020 10:56:23 AM - Insert with success EMARG202002045AR
13/03/2020 10:56:34 AM - Inserir Historico EMARG202001316AR
13/03/2020 10:56:34 AM - Insert with success EMARG202001316AR
13/03/2020 10:56:48 AM - Inserir Historico EMARG202002195AR
13/03/2020 10:56:48 AM - Insert with success EMARG202002195AR
13/03/2020 10:57:00 AM - Inserir Historico EMARG202001289AR
13/03/2020 10:57:00 AM - Insert with success EMARG202001289AR
13/03/2020 10:57:10 AM - Inserir Historico EOARG202003022AR
13/03/2020 10:57:10 AM - Insert with success EOARG202003022AR
13/03/2020 10:57:21 AM - Inserir Historico EOARG202001063AR
13/03/2020 10:57:21 AM - Insert with success EOARG202001063AR
13/03/2020 10:57:32 AM - Inserir Historico EMARG202001154AR
13/03/2020 10:57:32 AM - Insert with success EMARG202001154AR
13/03/2020 10:57:43 AM - Inserir Historico IOROA202001004AR
13/03/2020 10:57:43 AM - Insert with success IOROA202001004AR
13/03/2020 10:57:53 AM - Inserir Historico EOARG202002094AR
13/03/2020 10:57:54 AM - Insert with success EOARG202002094AR
13/03/2020 10:58:05 AM - Inserir Historico EMARG202001176AR
13/03/2020 10:58:05 AM - Insert with success EMARG202001176AR
13/03/2020 10:58:15 AM - Inserir Historico EOARG202002118AR
13/03/2020 10:58:16 AM - Insert with success EOARG202002118AR
13/03/2020 10:58:27 AM - Inserir Historico EOARG202002083AR
13/03/2020 10:58:27 AM - Insert with success EOARG202002083AR
13/03/2020 10:58:41 AM - Inserir Historico EMARG202002050AR
13/03/2020 10:58:41 AM - Insert with success EMARG202002050AR
13/03/2020 10:58:53 AM - Inserir Historico EMARG202002036AR
13/03/2020 10:58:53 AM - Insert with success EMARG202002036AR
13/03/2020 10:59:07 AM - Inserir Historico EMARG202002016AR
13/03/2020 10:59:07 AM - Insert with success EMARG202002016AR
13/03/2020 10:59:17 AM - Inserir Historico EOARG202003027AR
13/03/2020 10:59:17 AM - Insert with success EOARG202003027AR
13/03/2020 10:59:29 AM - Inserir Historico EOARG202002124AR
13/03/2020 10:59:29 AM - Insert with success EOARG202002124AR
13/03/2020 10:59:39 AM - Inserir Historico EOARG202001113AR
13/03/2020 10:59:40 AM - Insert with success EOARG202001113AR
13/03/2020 10:59:51 AM - Inserir Historico EMARG202001252AR
13/03/2020 10:59:51 AM - Insert with success EMARG202001252AR
13/03/2020 11:00:02 AM - Inserir Historico EOUNI202002014AR
13/03/2020 11:00:02 AM - Insert with success EOUNI202002014AR
13/03/2020 11:00:17 AM - Inserir Historico IMARG201912055AR
13/03/2020 11:00:17 AM - Insert with success IMARG201912055AR
13/03/2020 11:00:33 AM - Inserir Historico IMROA202002018AR
13/03/2020 11:00:33 AM - Insert with success IMROA202002018AR
13/03/2020 11:00:48 AM - Inserir Historico EOARG202001090AR
13/03/2020 11:00:48 AM - Insert with success EOARG202001090AR
13/03/2020 11:01:02 AM - Inserir Historico EOUNI202002031AR
13/03/2020 11:01:02 AM - Insert with success EOUNI202002031AR
13/03/2020 11:01:16 AM - Inserir Historico IOROA202001003AR
13/03/2020 11:01:17 AM - Insert with success IOROA202001003AR
13/03/2020 11:01:32 AM - Inserir Historico EOARG202001129AR
13/03/2020 11:01:32 AM - Insert with success EOARG202001129AR
13/03/2020 11:01:50 AM - Inserir Historico IMARG202001060AR
13/03/2020 11:01:51 AM - Insert with success IMARG202001060AR
13/03/2020 11:02:12 AM - Inserir Historico EMARG202002073AR
13/03/2020 11:02:12 AM - Insert with success EMARG202002073AR
13/03/2020 11:02:28 AM - Inserir Historico EMARG202001005AR
13/03/2020 11:02:29 AM - Insert with success EMARG202001005AR
13/03/2020 11:02:48 AM - Inserir Historico EMARG202002011AR
13/03/2020 11:02:49 AM - Insert with success EMARG202002011AR
13/03/2020 11:03:06 AM - Inserir Historico IMARG202001043AR
13/03/2020 11:03:06 AM - Insert with success IMARG202001043AR
13/03/2020 11:03:29 AM - Inserir Historico EMARG202002192AR
13/03/2020 11:03:29 AM - Insert with success EMARG202002192AR
13/03/2020 11:03:46 AM - Inserir Historico EMARG202002124AR
13/03/2020 11:03:46 AM - Insert with success EMARG202002124AR
13/03/2020 11:04:01 AM - Inserir Historico EMARG202001255AR
13/03/2020 11:04:02 AM - Insert with success EMARG202001255AR
13/03/2020 11:04:16 AM - Inserir Historico EOUNI202002023AR
13/03/2020 11:04:16 AM - Insert with success EOUNI202002023AR
13/03/2020 11:04:32 AM - Inserir Historico EMARG202001049AR
13/03/2020 11:04:32 AM - Insert with success EMARG202001049AR
13/03/2020 11:04:47 AM - Inserir Historico EOARG202002179AR
13/03/2020 11:04:47 AM - Insert with success EOARG202002179AR
13/03/2020 11:05:01 AM - Inserir Historico EOARG202001055AR
13/03/2020 11:05:02 AM - Insert with success EOARG202001055AR
13/03/2020 11:05:17 AM - Inserir Historico EMARG202001052AR
13/03/2020 11:05:17 AM - Insert with success EMARG202001052AR
13/03/2020 11:05:36 AM - Inserir Historico EMARG202002010AR
13/03/2020 11:05:36 AM - Insert with success EMARG202002010AR
13/03/2020 11:05:51 AM - Inserir Historico EOROA202002002AR
13/03/2020 11:05:51 AM - Insert with success EOROA202002002AR
13/03/2020 11:06:05 AM - Inserir Historico EOARG202001210AR
13/03/2020 11:06:05 AM - Insert with success EOARG202001210AR
13/03/2020 11:06:22 AM - Inserir Historico EMARG202003024AR
13/03/2020 11:06:22 AM - Insert with success EMARG202003024AR
13/03/2020 11:06:35 AM - Inserir Historico EOUNI202001035AR
13/03/2020 11:06:35 AM - Insert with success EOUNI202001035AR
13/03/2020 11:06:50 AM - Inserir Historico EOARG202001114AR
13/03/2020 11:06:50 AM - Insert with success EOARG202001114AR
13/03/2020 11:07:06 AM - Inserir Historico EMARG202001081AR
13/03/2020 11:07:06 AM - Insert with success EMARG202001081AR
13/03/2020 11:07:22 AM - Inserir Historico IMARG202001147AR
13/03/2020 11:07:22 AM - Insert with success IMARG202001147AR
13/03/2020 11:07:33 AM - Inserir Historico EOROA202001005AR
13/03/2020 11:07:33 AM - Insert with success EOROA202001005AR
13/03/2020 11:07:44 AM - Inserir Historico EMARG202001044AR
13/03/2020 11:07:45 AM - Insert with success EMARG202001044AR
13/03/2020 11:07:57 AM - Inserir Historico IMROA202001011AR
13/03/2020 11:07:57 AM - Insert with success IMROA202001011AR
13/03/2020 11:08:10 AM - Inserir Historico IMARG202001113AR
13/03/2020 11:08:10 AM - Insert with success IMARG202001113AR
13/03/2020 11:08:21 AM - Inserir Historico EOARG202002182AR
13/03/2020 11:08:21 AM - Insert with success EOARG202002182AR
13/03/2020 11:08:35 AM - Inserir Historico EMARG202002134AR
13/03/2020 11:08:35 AM - Insert with success EMARG202002134AR
13/03/2020 11:08:46 AM - Inserir Historico EMARG202001279AR
13/03/2020 11:08:46 AM - Insert with success EMARG202001279AR
13/03/2020 11:08:56 AM - Inserir Historico EOARG202002062AR
13/03/2020 11:08:56 AM - Insert with success EOARG202002062AR
13/03/2020 11:09:08 AM - Inserir Historico EOARG202001039AR
13/03/2020 11:09:09 AM - Insert with success EOARG202001039AR
13/03/2020 11:09:19 AM - Inserir Historico EOARG202002134AR
13/03/2020 11:09:19 AM - Insert with success EOARG202002134AR
13/03/2020 11:09:30 AM - Inserir Historico EMARG202001065AR
13/03/2020 11:09:30 AM - Insert with success EMARG202001065AR
13/03/2020 11:09:41 AM - Inserir Historico EOUNI202001042AR
13/03/2020 11:09:41 AM - Insert with success EOUNI202001042AR
13/03/2020 11:09:51 AM - Inserir Historico EOARG202002018AR
13/03/2020 11:09:52 AM - Insert with success EOARG202002018AR
13/03/2020 11:10:04 AM - Inserir Historico IMROA202002016AR
13/03/2020 11:10:04 AM - Insert with success IMROA202002016AR
13/03/2020 11:10:15 AM - Inserir Historico EOARG202003012AR
13/03/2020 11:10:15 AM - Insert with success EOARG202003012AR
13/03/2020 11:10:29 AM - Inserir Historico IMARG202002043AR
13/03/2020 11:10:29 AM - Insert with success IMARG202002043AR
13/03/2020 11:10:40 AM - Inserir Historico EMARG202001263AR
13/03/2020 11:10:40 AM - Insert with success EMARG202001263AR
13/03/2020 11:10:51 AM - Inserir Historico EOARG202001169AR
13/03/2020 11:10:51 AM - Insert with success EOARG202001169AR
13/03/2020 11:11:02 AM - Inserir Historico EMARG202001126AR
13/03/2020 11:11:02 AM - Insert with success EMARG202001126AR
13/03/2020 11:11:13 AM - Inserir Historico EOARG202002148AR
13/03/2020 11:11:13 AM - Insert with success EOARG202002148AR
13/03/2020 11:11:24 AM - Inserir Historico EOUNI202002043AR
13/03/2020 11:11:24 AM - Insert with success EOUNI202002043AR
13/03/2020 11:11:35 AM - Inserir Historico EOARG202001099AR
13/03/2020 11:11:35 AM - Insert with success EOARG202001099AR
13/03/2020 11:11:47 AM - Inserir Historico IMARG202002003AR
13/03/2020 11:11:48 AM - Insert with success IMARG202002003AR
13/03/2020 11:11:59 AM - Inserir Historico EOARG202002016AR
13/03/2020 11:11:59 AM - Insert with success EOARG202002016AR
13/03/2020 11:12:10 AM - Inserir Historico EOARG202001123AR
13/03/2020 11:12:10 AM - Insert with success EOARG202001123AR
13/03/2020 11:12:21 AM - Inserir Historico EMARG202001249AR
13/03/2020 11:12:21 AM - Insert with success EMARG202001249AR
13/03/2020 11:12:35 AM - Inserir Historico EMARG202003042AR
13/03/2020 11:12:35 AM - Insert with success EMARG202003042AR
13/03/2020 11:12:48 AM - Inserir Historico IMARG202002029AR
13/03/2020 11:12:48 AM - Insert with success IMARG202002029AR
13/03/2020 11:13:02 AM - Inserir Historico EMARG202002098AR
13/03/2020 11:13:02 AM - Insert with success EMARG202002098AR
13/03/2020 11:13:14 AM - Inserir Historico IMROA202002026AR
13/03/2020 11:13:15 AM - Insert with success IMROA202002026AR
13/03/2020 11:13:34 AM - Inserir Historico EMARG202001281AR
13/03/2020 11:13:34 AM - Insert with success EMARG202001281AR
13/03/2020 11:13:50 AM - Inserir Historico EMARG202003097AR
13/03/2020 11:13:50 AM - Insert with success EMARG202003097AR
13/03/2020 11:14:02 AM - Inserir Historico IMARG202002073AR
13/03/2020 11:14:02 AM - Insert with success IMARG202002073AR
13/03/2020 11:14:13 AM - Inserir Historico EMARG202001336AR
13/03/2020 11:14:13 AM - Insert with success EMARG202001336AR
13/03/2020 11:14:24 AM - Inserir Historico EOARG202001224AR
13/03/2020 11:14:24 AM - Insert with success EOARG202001224AR
13/03/2020 11:14:35 AM - Inserir Historico EMARG202001160AR
13/03/2020 11:14:36 AM - Insert with success EMARG202001160AR
13/03/2020 11:14:46 AM - Inserir Historico EOARG202002017AR
13/03/2020 11:14:46 AM - Insert with success EOARG202002017AR
13/03/2020 11:14:57 AM - Inserir Historico EOARG202002203AR
13/03/2020 11:14:57 AM - Insert with success EOARG202002203AR
13/03/2020 11:15:07 AM - Inserir Historico EOUNI202002025AR
13/03/2020 11:15:07 AM - Insert with success EOUNI202002025AR
13/03/2020 11:15:18 AM - Inserir Historico EOROA202001002AR
13/03/2020 11:15:18 AM - Insert with success EOROA202001002AR
13/03/2020 11:15:32 AM - Inserir Historico EMARG202002205AR
13/03/2020 11:15:32 AM - Insert with success EMARG202002205AR
13/03/2020 11:15:42 AM - Inserir Historico EOARG202002201AR
13/03/2020 11:15:42 AM - Insert with success EOARG202002201AR
13/03/2020 11:15:53 AM - Inserir Historico EOARG202002047AR
13/03/2020 11:15:53 AM - Insert with success EOARG202002047AR
13/03/2020 11:16:06 AM - Inserir Historico IMROA202001028AR
13/03/2020 11:16:06 AM - Insert with success IMROA202001028AR
13/03/2020 11:16:17 AM - Inserir Historico EMARG202003013AR
13/03/2020 11:16:17 AM - Insert with success EMARG202003013AR
13/03/2020 11:16:28 AM - Inserir Historico EOARG202002057AR
13/03/2020 11:16:28 AM - Insert with success EOARG202002057AR
13/03/2020 11:16:40 AM - Inserir Historico EMARG202001183AR
13/03/2020 11:16:40 AM - Insert with success EMARG202001183AR
13/03/2020 11:16:50 AM - Inserir Historico EOARG202001126AR
13/03/2020 11:16:50 AM - Insert with success EOARG202001126AR
13/03/2020 11:17:09 AM - Inserir Historico EMARG202001247AR
13/03/2020 11:17:09 AM - Insert with success EMARG202001247AR
13/03/2020 11:17:16 AM - Inserir Historico IMFLT202002023AR
13/03/2020 11:17:17 AM - Insert with success IMFLT202002023AR
13/03/2020 11:17:27 AM - Inserir Historico EOARG202003046AR
13/03/2020 11:17:27 AM - Insert with success EOARG202003046AR
13/03/2020 11:17:38 AM - Inserir Historico EMARG202001046AR
13/03/2020 11:17:39 AM - Insert with success EMARG202001046AR
13/03/2020 11:17:51 AM - Inserir Historico IMARG202001068AR
13/03/2020 11:17:52 AM - Insert with success IMARG202001068AR
13/03/2020 11:18:02 AM - Inserir Historico EOROA202001007AR
13/03/2020 11:18:02 AM - Insert with success EOROA202001007AR
13/03/2020 11:18:16 AM - Inserir Historico EMARG202002078AR
13/03/2020 11:18:16 AM - Insert with success EMARG202002078AR
13/03/2020 11:18:28 AM - Inserir Historico EOARG202002044AR
13/03/2020 11:18:28 AM - Insert with success EOARG202002044AR
13/03/2020 11:18:38 AM - Inserir Historico EOARG202002223AR
13/03/2020 11:18:39 AM - Insert with success EOARG202002223AR
13/03/2020 11:18:50 AM - Inserir Historico EOARG202002052AR
13/03/2020 11:18:50 AM - Insert with success EOARG202002052AR
13/03/2020 11:19:05 AM - Inserir Historico IMARG202002008AR
13/03/2020 11:19:05 AM - Insert with success IMARG202002008AR
13/03/2020 11:19:19 AM - Inserir Historico EMARG202002156AR
13/03/2020 11:19:19 AM - Insert with success EMARG202002156AR
13/03/2020 11:19:34 AM - Inserir Historico IMARG202002070AR
13/03/2020 11:19:34 AM - Insert with success IMARG202002070AR
13/03/2020 11:19:45 AM - Inserir Historico EMARG202002230AR
13/03/2020 11:19:45 AM - Insert with success EMARG202002230AR
13/03/2020 11:19:55 AM - Inserir Historico EOARG202002064AR
13/03/2020 11:19:56 AM - Insert with success EOARG202002064AR
13/03/2020 11:20:07 AM - Inserir Historico EOARG202001085AR
13/03/2020 11:20:07 AM - Insert with success EOARG202001085AR
13/03/2020 11:20:22 AM - Inserir Historico EMARG202002228AR
13/03/2020 11:20:22 AM - Insert with success EMARG202002228AR
13/03/2020 11:20:32 AM - Inserir Historico EOARG202002187AR
13/03/2020 11:20:32 AM - Insert with success EOARG202002187AR
13/03/2020 11:20:45 AM - Inserir Historico IMROA202002002AR
13/03/2020 11:20:45 AM - Insert with success IMROA202002002AR
13/03/2020 11:20:57 AM - Inserir Historico IMPME202001003AR
13/03/2020 11:20:57 AM - Insert with success IMPME202001003AR
13/03/2020 11:21:09 AM - Inserir Historico IMROA202001019AR
13/03/2020 11:21:10 AM - Insert with success IMROA202001019AR
13/03/2020 11:21:20 AM - Inserir Historico EOUNI202002018AR
13/03/2020 11:21:20 AM - Insert with success EOUNI202002018AR
13/03/2020 11:21:31 AM - Inserir Historico EMARG202001225AR
13/03/2020 11:21:32 AM - Insert with success EMARG202001225AR
13/03/2020 11:21:42 AM - Inserir Historico EOARG202001160AR
13/03/2020 11:21:42 AM - Insert with success EOARG202001160AR
13/03/2020 11:21:53 AM - Inserir Historico EOARG202002063AR
13/03/2020 11:21:53 AM - Insert with success EOARG202002063AR
13/03/2020 11:22:08 AM - Inserir Historico EMARG202002296AR
13/03/2020 11:22:08 AM - Insert with success EMARG202002296AR
13/03/2020 11:22:21 AM - Inserir Historico EMARG202002255AR
13/03/2020 11:22:21 AM - Insert with success EMARG202002255AR
13/03/2020 11:22:33 AM - Inserir Historico EMARG202001003AR
13/03/2020 11:22:33 AM - Insert with success EMARG202001003AR
13/03/2020 11:22:46 AM - Inserir Historico IMROA202001006AR
13/03/2020 11:22:46 AM - Insert with success IMROA202001006AR
13/03/2020 11:22:57 AM - Inserir Historico EOUNI202002009AR
13/03/2020 11:22:57 AM - Insert with success EOUNI202002009AR
13/03/2020 11:23:08 AM - Inserir Historico EOARG202002167AR
13/03/2020 11:23:08 AM - Insert with success EOARG202002167AR
13/03/2020 11:23:19 AM - Inserir Historico EMARG202002293AR
13/03/2020 11:23:19 AM - Insert with success EMARG202002293AR
13/03/2020 11:23:31 AM - Inserir Historico EMARG202001140AR
13/03/2020 11:23:31 AM - Insert with success EMARG202001140AR
13/03/2020 11:23:45 AM - Inserir Historico EMARG202003018AR
13/03/2020 11:23:45 AM - Insert with success EMARG202003018AR
13/03/2020 11:23:55 AM - Inserir Historico EOUNI202003015AR
13/03/2020 11:23:55 AM - Insert with success EOUNI202003015AR
13/03/2020 11:24:08 AM - Inserir Historico IMARG202002027AR
13/03/2020 11:24:08 AM - Insert with success IMARG202002027AR
13/03/2020 11:24:21 AM - Inserir Historico IMROA202002023AR
13/03/2020 11:24:21 AM - Insert with success IMROA202002023AR
13/03/2020 11:24:32 AM - Inserir Historico EMARG202001232AR
13/03/2020 11:24:32 AM - Insert with success EMARG202001232AR
13/03/2020 11:24:42 AM - Inserir Historico EOARG202002123AR
13/03/2020 11:24:43 AM - Insert with success EOARG202002123AR
13/03/2020 11:24:53 AM - Inserir Historico EOARG202002039AR
13/03/2020 11:24:53 AM - Insert with success EOARG202002039AR
13/03/2020 11:25:05 AM - Inserir Historico EMARG202001112AR
13/03/2020 11:25:05 AM - Insert with success EMARG202001112AR
13/03/2020 11:25:16 AM - Inserir Historico EOARG202001035AR
13/03/2020 11:25:16 AM - Insert with success EOARG202001035AR
13/03/2020 11:25:28 AM - Inserir Historico EMARG202001286AR
13/03/2020 11:25:28 AM - Insert with success EMARG202001286AR
13/03/2020 11:25:39 AM - Inserir Historico EOARG202002228AR
13/03/2020 11:25:39 AM - Insert with success EOARG202002228AR
13/03/2020 11:25:49 AM - Inserir Historico EOARG202002138AR
13/03/2020 11:25:49 AM - Insert with success EOARG202002138AR
13/03/2020 11:26:00 AM - Inserir Historico EOARG202001100AR
13/03/2020 11:26:00 AM - Insert with success EOARG202001100AR
13/03/2020 11:26:09 AM - Inserir Historico IACHP202002002AR
13/03/2020 11:26:09 AM - Insert with success IACHP202002002AR
13/03/2020 11:26:20 AM - Inserir Historico EOUNI202001030AR
13/03/2020 11:26:20 AM - Insert with success EOUNI202001030AR
13/03/2020 11:26:30 AM - Inserir Historico EOUNI202001001AR
13/03/2020 11:26:30 AM - Insert with success EOUNI202001001AR
13/03/2020 11:26:41 AM - Inserir Historico EOARG202002034AR
13/03/2020 11:26:41 AM - Insert with success EOARG202002034AR
13/03/2020 11:26:52 AM - Inserir Historico EMARG202001115AR
13/03/2020 11:26:53 AM - Insert with success EMARG202001115AR
13/03/2020 11:27:04 AM - Inserir Historico EMARG202001061AR
13/03/2020 11:27:05 AM - Insert with success EMARG202001061AR
13/03/2020 11:27:16 AM - Inserir Historico EOARG202001247AR
13/03/2020 11:27:16 AM - Insert with success EOARG202001247AR
13/03/2020 11:27:27 AM - Inserir Historico EOARG202001132AR
13/03/2020 11:27:27 AM - Insert with success EOARG202001132AR
13/03/2020 11:27:38 AM - Inserir Historico EOARG202003039AR
13/03/2020 11:27:38 AM - Insert with success EOARG202003039AR
13/03/2020 11:27:52 AM - Inserir Historico EMARG202002017AR
13/03/2020 11:27:52 AM - Insert with success EMARG202002017AR
13/03/2020 11:28:03 AM - Inserir Historico EMARG202001216AR
13/03/2020 11:28:04 AM - Insert with success EMARG202001216AR
13/03/2020 11:28:15 AM - Inserir Historico EMARG202001187AR
13/03/2020 11:28:15 AM - Insert with success EMARG202001187AR
13/03/2020 11:28:26 AM - Inserir Historico EOARG202001181AR
13/03/2020 11:28:26 AM - Insert with success EOARG202001181AR
13/03/2020 11:28:40 AM - Inserir Historico EMARG202002076AR
13/03/2020 11:28:40 AM - Insert with success EMARG202002076AR
13/03/2020 11:28:49 AM - Inserir Historico IMARG202001054AR
13/03/2020 11:28:49 AM - Insert with success IMARG202001054AR
13/03/2020 11:29:00 AM - Inserir Historico EOARG202001115AR
13/03/2020 11:29:00 AM - Insert with success EOARG202001115AR
13/03/2020 11:29:11 AM - Inserir Historico EOARG202002072AR
13/03/2020 11:29:11 AM - Insert with success EOARG202002072AR
13/03/2020 11:29:26 AM - Inserir Historico EMARG202002198AR
13/03/2020 11:29:26 AM - Insert with success EMARG202002198AR
13/03/2020 11:29:37 AM - Inserir Historico EMARG202001114AR
13/03/2020 11:29:38 AM - Insert with success EMARG202001114AR
13/03/2020 11:29:49 AM - Inserir Historico EMARG202001237AR
13/03/2020 11:29:49 AM - Insert with success EMARG202001237AR
13/03/2020 11:29:59 AM - Inserir Historico EOARG202002213AR
13/03/2020 11:30:00 AM - Insert with success EOARG202002213AR
13/03/2020 11:30:14 AM - Inserir Historico EMARG202002163AR
13/03/2020 11:30:14 AM - Insert with success EMARG202002163AR
13/03/2020 11:30:26 AM - Inserir Historico EMARG202003051AR
13/03/2020 11:30:26 AM - Insert with success EMARG202003051AR
13/03/2020 11:30:37 AM - Inserir Historico EOARG202002205AR
13/03/2020 11:30:37 AM - Insert with success EOARG202002205AR
13/03/2020 11:30:49 AM - Inserir Historico IMPME202002001AR
13/03/2020 11:30:49 AM - Insert with success IMPME202002001AR
13/03/2020 11:31:01 AM - Inserir Historico IMROA201911040AR
13/03/2020 11:31:02 AM - Insert with success IMROA201911040AR
13/03/2020 11:31:13 AM - Inserir Historico EMARG202001173AR
13/03/2020 11:31:13 AM - Insert with success EMARG202001173AR
13/03/2020 11:31:26 AM - Inserir Historico EMARG202002164AR
13/03/2020 11:31:27 AM - Insert with success EMARG202002164AR
13/03/2020 11:31:39 AM - Inserir Historico EMARG202002128AR
13/03/2020 11:31:40 AM - Insert with success EMARG202002128AR
13/03/2020 11:31:52 AM - Inserir Historico IMARG202001105AR
13/03/2020 11:31:52 AM - Insert with success IMARG202001105AR
13/03/2020 11:32:07 AM - Inserir Historico EMARG202001323AR
13/03/2020 11:32:07 AM - Insert with success EMARG202001323AR
13/03/2020 11:32:19 AM - Inserir Historico EMARG202001285AR
13/03/2020 11:32:19 AM - Insert with success EMARG202001285AR
13/03/2020 11:32:30 AM - Inserir Historico EOARG202001027AR
13/03/2020 11:32:30 AM - Insert with success EOARG202001027AR
13/03/2020 11:32:41 AM - Inserir Historico EOARG202002151AR
13/03/2020 11:32:41 AM - Insert with success EOARG202002151AR
13/03/2020 11:32:53 AM - Inserir Historico IMROA202002005AR
13/03/2020 11:32:54 AM - Insert with success IMROA202002005AR
13/03/2020 11:33:04 AM - Inserir Historico EOARG202002081AR
13/03/2020 11:33:04 AM - Insert with success EOARG202002081AR
13/03/2020 11:33:14 AM - Inserir Historico IAARG202001011AR
13/03/2020 11:33:14 AM - Insert with success IAARG202001011AR
13/03/2020 11:33:27 AM - Inserir Historico IMROA202001071AR
13/03/2020 11:33:27 AM - Insert with success IMROA202001071AR
13/03/2020 11:33:41 AM - Inserir Historico EMARG202002066AR
13/03/2020 11:33:42 AM - Insert with success EMARG202002066AR
13/03/2020 11:33:53 AM - Inserir Historico EMARG202002183AR
13/03/2020 11:33:53 AM - Insert with success EMARG202002183AR
13/03/2020 11:34:04 AM - Inserir Historico EOUNI202002041AR
13/03/2020 11:34:04 AM - Insert with success EOUNI202002041AR
13/03/2020 11:34:17 AM - Inserir Historico IMARG201910069AR
13/03/2020 11:34:17 AM - Insert with success IMARG201910069AR
13/03/2020 11:34:30 AM - Inserir Historico IMARG202002039AR
13/03/2020 11:34:31 AM - Insert with success IMARG202002039AR
13/03/2020 11:34:41 AM - Inserir Historico EOUNI202001011AR
13/03/2020 11:34:41 AM - Insert with success EOUNI202001011AR
13/03/2020 11:34:51 AM - Inserir Historico EOUNI202002022AR
13/03/2020 11:34:52 AM - Insert with success EOUNI202002022AR
13/03/2020 11:35:03 AM - Inserir Historico EMARG202001207AR
13/03/2020 11:35:03 AM - Insert with success EMARG202001207AR
13/03/2020 11:35:17 AM - Inserir Historico EMARG202002006AR
13/03/2020 11:35:17 AM - Insert with success EMARG202002006AR
13/03/2020 11:35:28 AM - Inserir Historico EOARG202001025AR
13/03/2020 11:35:28 AM - Insert with success EOARG202001025AR
13/03/2020 11:35:40 AM - Inserir Historico EMARG202001178AR
13/03/2020 11:35:40 AM - Insert with success EMARG202001178AR
13/03/2020 11:35:53 AM - Inserir Historico IMARG201912056AR
13/03/2020 11:35:53 AM - Insert with success IMARG201912056AR
13/03/2020 11:36:06 AM - Inserir Historico IMARG202002007AR
13/03/2020 11:36:06 AM - Insert with success IMARG202002007AR
13/03/2020 11:36:21 AM - Inserir Historico IOARG202001014AR
13/03/2020 11:36:21 AM - Insert with success IOARG202001014AR
13/03/2020 11:36:31 AM - Inserir Historico EOARG202003033AR
13/03/2020 11:36:32 AM - Insert with success EOARG202003033AR
13/03/2020 11:36:44 AM - Inserir Historico IMARG202001146AR
13/03/2020 11:36:44 AM - Insert with success IMARG202001146AR
13/03/2020 11:36:58 AM - Inserir Historico EMARG202002269AR
13/03/2020 11:36:59 AM - Insert with success EMARG202002269AR
13/03/2020 11:37:10 AM - Inserir Historico EOARG202001080AR
13/03/2020 11:37:10 AM - Insert with success EOARG202001080AR
13/03/2020 11:37:22 AM - Inserir Historico EOARG202001042AR
13/03/2020 11:37:22 AM - Insert with success EOARG202001042AR
13/03/2020 11:37:33 AM - Inserir Historico EMARG202002194AR
13/03/2020 11:37:33 AM - Insert with success EMARG202002194AR
13/03/2020 11:37:44 AM - Inserir Historico EMARG202001214AR
13/03/2020 11:37:44 AM - Insert with success EMARG202001214AR
13/03/2020 11:37:55 AM - Inserir Historico EMARG202001144AR
13/03/2020 11:37:55 AM - Insert with success EMARG202001144AR
13/03/2020 11:38:07 AM - Inserir Historico EMARG201912241AR
13/03/2020 11:38:07 AM - Insert with success EMARG201912241AR
13/03/2020 11:38:19 AM - Inserir Historico EOARG202001185AR
13/03/2020 11:38:20 AM - Insert with success EOARG202001185AR
13/03/2020 11:38:31 AM - Inserir Historico EMARG202001186AR
13/03/2020 11:38:31 AM - Insert with success EMARG202001186AR
13/03/2020 11:38:44 AM - Inserir Historico EMARG202002077AR
13/03/2020 11:38:45 AM - Insert with success EMARG202002077AR
13/03/2020 11:38:56 AM - Inserir Historico EMARG202001013AR
13/03/2020 11:38:56 AM - Insert with success EMARG202001013AR
13/03/2020 11:39:07 AM - Inserir Historico EMUNI202002004AR
13/03/2020 11:39:07 AM - Insert with success EMUNI202002004AR
13/03/2020 11:39:18 AM - Inserir Historico EMARG202002015AR
13/03/2020 11:39:18 AM - Insert with success EMARG202002015AR
13/03/2020 11:39:24 AM - Inserir Historico IAFLT202002010AR
13/03/2020 11:39:24 AM - Insert with success IAFLT202002010AR
13/03/2020 11:39:34 AM - Inserir Historico EOUNI202002032AR
13/03/2020 11:39:34 AM - Insert with success EOUNI202002032AR
13/03/2020 11:39:48 AM - Inserir Historico EMARG202002012AR
13/03/2020 11:39:48 AM - Insert with success EMARG202002012AR
13/03/2020 11:39:58 AM - Inserir Historico EOROA202003001AR
13/03/2020 11:39:58 AM - Insert with success EOROA202003001AR
13/03/2020 11:40:09 AM - Inserir Historico EOARG202003070AR
13/03/2020 11:40:09 AM - Insert with success EOARG202003070AR
13/03/2020 11:40:23 AM - Inserir Historico EMARG202002099AR
13/03/2020 11:40:23 AM - Insert with success EMARG202002099AR
13/03/2020 11:40:35 AM - Inserir Historico IMROA202001052AR
13/03/2020 11:40:36 AM - Insert with success IMROA202001052AR
13/03/2020 11:40:46 AM - Inserir Historico EOARG202001179AR
13/03/2020 11:40:46 AM - Insert with success EOARG202001179AR
13/03/2020 11:40:59 AM - Inserir Historico IMROA202001035AR
13/03/2020 11:40:59 AM - Insert with success IMROA202001035AR
13/03/2020 11:41:10 AM - Inserir Historico EOARG202001237AR
13/03/2020 11:41:10 AM - Insert with success EOARG202001237AR
13/03/2020 11:41:24 AM - Inserir Historico EMARG202002223AR
13/03/2020 11:41:25 AM - Insert with success EMARG202002223AR
13/03/2020 11:41:38 AM - Inserir Historico EMARG202002037AR
13/03/2020 11:41:38 AM - Insert with success EMARG202002037AR
13/03/2020 11:41:50 AM - Inserir Historico EMARG202001103AR
13/03/2020 11:41:50 AM - Insert with success EMARG202001103AR
13/03/2020 11:42:02 AM - Inserir Historico EOARG202002130AR
13/03/2020 11:42:02 AM - Insert with success EOARG202002130AR
13/03/2020 11:42:12 AM - Inserir Historico IAARG202001001AR
13/03/2020 11:42:12 AM - Insert with success IAARG202001001AR
13/03/2020 11:42:23 AM - Inserir Historico EMARG202002048AR
13/03/2020 11:42:23 AM - Insert with success EMARG202002048AR
13/03/2020 11:42:37 AM - Inserir Historico EMARG202002282AR
13/03/2020 11:42:37 AM - Insert with success EMARG202002282AR
13/03/2020 11:42:48 AM - Inserir Historico EMARG202001166AR
13/03/2020 11:42:48 AM - Insert with success EMARG202001166AR
13/03/2020 11:43:02 AM - Inserir Historico EMARG202002278AR
13/03/2020 11:43:03 AM - Insert with success EMARG202002278AR
13/03/2020 11:43:14 AM - Inserir Historico EMARG202001287AR
13/03/2020 11:43:14 AM - Insert with success EMARG202001287AR
13/03/2020 11:43:25 AM - Inserir Historico EMARG202001280AR
13/03/2020 11:43:25 AM - Insert with success EMARG202001280AR
13/03/2020 11:43:36 AM - Inserir Historico EMARG202001073AR
13/03/2020 11:43:37 AM - Insert with success EMARG202001073AR
13/03/2020 11:43:48 AM - Inserir Historico EMARG202001210AR
13/03/2020 11:43:48 AM - Insert with success EMARG202001210AR
13/03/2020 11:43:58 AM - Inserir Historico EOARG202001097AR
13/03/2020 11:43:58 AM - Insert with success EOARG202001097AR
13/03/2020 11:44:10 AM - Inserir Historico EMARG202001145AR
13/03/2020 11:44:10 AM - Insert with success EMARG202001145AR
13/03/2020 11:44:20 AM - Inserir Historico EOARG202002122AR
13/03/2020 11:44:20 AM - Insert with success EOARG202002122AR
13/03/2020 11:44:31 AM - Inserir Historico EOARG202002219AR
13/03/2020 11:44:31 AM - Insert with success EOARG202002219AR
13/03/2020 11:44:42 AM - Inserir Historico EMARG202001058AR
13/03/2020 11:44:42 AM - Insert with success EMARG202001058AR
13/03/2020 11:44:56 AM - Inserir Historico EMARG202002102AR
13/03/2020 11:44:56 AM - Insert with success EMARG202002102AR
13/03/2020 11:45:06 AM - Inserir Historico EOARG202003043AR
13/03/2020 11:45:06 AM - Insert with success EOARG202003043AR
13/03/2020 11:45:17 AM - Inserir Historico EOARG202002036AR
13/03/2020 11:45:17 AM - Insert with success EOARG202002036AR
13/03/2020 11:45:27 AM - Inserir Historico EOARG202001164AR
13/03/2020 11:45:27 AM - Insert with success EOARG202001164AR
13/03/2020 11:45:39 AM - Inserir Historico EOARG201912223AR
13/03/2020 11:45:39 AM - Insert with success EOARG201912223AR
13/03/2020 11:45:50 AM - Inserir Historico EMARG202001067AR
13/03/2020 11:45:50 AM - Insert with success EMARG202001067AR
13/03/2020 11:46:03 AM - Inserir Historico IMROA202002003AR
13/03/2020 11:46:03 AM - Insert with success IMROA202002003AR
13/03/2020 11:46:15 AM - Inserir Historico IMARG202002077AR
13/03/2020 11:46:15 AM - Insert with success IMARG202002077AR
13/03/2020 11:46:27 AM - Inserir Historico IMROA202001065AR
13/03/2020 11:46:27 AM - Insert with success IMROA202001065AR
13/03/2020 11:46:39 AM - Inserir Historico EMARG202001235AR
13/03/2020 11:46:39 AM - Insert with success EMARG202001235AR
13/03/2020 11:46:49 AM - Inserir Historico EOARG202001241AR
13/03/2020 11:46:49 AM - Insert with success EOARG202001241AR
13/03/2020 11:47:03 AM - Inserir Historico EMARG202002261AR
13/03/2020 11:47:03 AM - Insert with success EMARG202002261AR
13/03/2020 11:47:14 AM - Inserir Historico EOARG202001243AR
13/03/2020 11:47:14 AM - Insert with success EOARG202001243AR
13/03/2020 11:47:24 AM - Inserir Historico EOARG202003056AR
13/03/2020 11:47:24 AM - Insert with success EOARG202003056AR
13/03/2020 11:47:38 AM - Inserir Historico EMARG202002239AR
13/03/2020 11:47:38 AM - Insert with success EMARG202002239AR
13/03/2020 11:47:51 AM - Inserir Historico EMARG202002168AR
13/03/2020 11:47:52 AM - Insert with success EMARG202002168AR
13/03/2020 11:48:08 AM - Inserir Historico EMARG202002274AR
13/03/2020 11:48:08 AM - Insert with success EMARG202002274AR
13/03/2020 11:48:18 AM - Inserir Historico EOUNI202001023AR
13/03/2020 11:48:18 AM - Insert with success EOUNI202001023AR
13/03/2020 11:48:32 AM - Inserir Historico EMARG202002130AR
13/03/2020 11:48:32 AM - Insert with success EMARG202002130AR
13/03/2020 11:48:43 AM - Inserir Historico EOUNI202001041AR
13/03/2020 11:48:43 AM - Insert with success EOUNI202001041AR
13/03/2020 11:48:55 AM - Inserir Historico IMROA202001067AR
13/03/2020 11:48:55 AM - Insert with success IMROA202001067AR
13/03/2020 11:49:06 AM - Inserir Historico EMARG202001295AR
13/03/2020 11:49:07 AM - Insert with success EMARG202001295AR
13/03/2020 11:49:17 AM - Inserir Historico EOARG202001049AR
13/03/2020 11:49:17 AM - Insert with success EOARG202001049AR
13/03/2020 11:49:27 AM - Inserir Historico EOARG202001153AR
13/03/2020 11:49:27 AM - Insert with success EOARG202001153AR
13/03/2020 11:49:39 AM - Inserir Historico EOARG202002109AR
13/03/2020 11:49:39 AM - Insert with success EOARG202002109AR
13/03/2020 11:49:49 AM - Inserir Historico EOARG202001089AR
13/03/2020 11:49:49 AM - Insert with success EOARG202001089AR
13/03/2020 11:50:00 AM - Inserir Historico EOARG202003057AR
13/03/2020 11:50:00 AM - Insert with success EOARG202003057AR
13/03/2020 11:50:12 AM - Inserir Historico IMROA202002021AR
13/03/2020 11:50:12 AM - Insert with success IMROA202002021AR
13/03/2020 11:50:23 AM - Inserir Historico EMARG202001045AR
13/03/2020 11:50:24 AM - Insert with success EMARG202001045AR
13/03/2020 11:50:37 AM - Inserir Historico EMARG202002297AR
13/03/2020 11:50:37 AM - Insert with success EMARG202002297AR
13/03/2020 11:50:49 AM - Inserir Historico IMROA202001008AR
13/03/2020 11:50:49 AM - Insert with success IMROA202001008AR
13/03/2020 11:50:59 AM - Inserir Historico EOROA202002006AR
13/03/2020 11:50:59 AM - Insert with success EOROA202002006AR
13/03/2020 11:51:12 AM - Inserir Historico IMARG202001062AR
13/03/2020 11:51:12 AM - Insert with success IMARG202001062AR
13/03/2020 11:51:23 AM - Inserir Historico EMARG202001346AR
13/03/2020 11:51:23 AM - Insert with success EMARG202001346AR
13/03/2020 11:51:36 AM - Inserir Historico IMARG202001136AR
13/03/2020 11:51:36 AM - Insert with success IMARG202001136AR
13/03/2020 11:51:48 AM - Inserir Historico IMROA202001046AR
13/03/2020 11:51:48 AM - Insert with success IMROA202001046AR
13/03/2020 11:52:01 AM - Inserir Historico IMROA201911039AR
13/03/2020 11:52:01 AM - Insert with success IMROA201911039AR
13/03/2020 11:52:16 AM - Inserir Historico IMARG202001129AR
13/03/2020 11:52:16 AM - Insert with success IMARG202001129AR
13/03/2020 11:52:26 AM - Inserir Historico EOARG202002030AR
13/03/2020 11:52:26 AM - Insert with success EOARG202002030AR
13/03/2020 11:52:38 AM - Inserir Historico EMARG202001031AR
13/03/2020 11:52:38 AM - Insert with success EMARG202001031AR
13/03/2020 11:52:52 AM - Inserir Historico EMARG202002001AR
13/03/2020 11:52:52 AM - Insert with success EMARG202002001AR
13/03/2020 11:53:05 AM - Inserir Historico IMARG202002006AR
13/03/2020 11:53:06 AM - Insert with success IMARG202002006AR
13/03/2020 11:53:18 AM - Inserir Historico EMARG202003029AR
13/03/2020 11:53:18 AM - Insert with success EMARG202003029AR
13/03/2020 11:53:30 AM - Inserir Historico EMARG202001215AR
13/03/2020 11:53:30 AM - Insert with success EMARG202001215AR
13/03/2020 11:53:43 AM - Inserir Historico IMARG202001036AR
13/03/2020 11:53:43 AM - Insert with success IMARG202001036AR
13/03/2020 11:53:58 AM - Inserir Historico IOARG202001015AR
13/03/2020 11:53:58 AM - Insert with success IOARG202001015AR
13/03/2020 11:54:09 AM - Inserir Historico EOARG202002121AR
13/03/2020 11:54:09 AM - Insert with success EOARG202002121AR
13/03/2020 11:54:20 AM - Inserir Historico EMARG202001051AR
13/03/2020 11:54:20 AM - Insert with success EMARG202001051AR
13/03/2020 11:54:31 AM - Inserir Historico EMARG202001092AR
13/03/2020 11:54:31 AM - Insert with success EMARG202001092AR
13/03/2020 11:54:45 AM - Inserir Historico EMARG202003083AR
13/03/2020 11:54:45 AM - Insert with success EMARG202003083AR
13/03/2020 11:54:59 AM - Inserir Historico EMARG202002233AR
13/03/2020 11:54:59 AM - Insert with success EMARG202002233AR
13/03/2020 11:55:09 AM - Inserir Historico EOARG202002175AR
13/03/2020 11:55:09 AM - Insert with success EOARG202002175AR
13/03/2020 11:55:23 AM - Inserir Historico EMARG202003023AR
13/03/2020 11:55:23 AM - Insert with success EMARG202003023AR
13/03/2020 11:55:35 AM - Inserir Historico IMROA202002020AR
13/03/2020 11:55:35 AM - Insert with success IMROA202002020AR
13/03/2020 11:55:46 AM - Inserir Historico EOARG202003013AR
13/03/2020 11:55:46 AM - Insert with success EOARG202003013AR
13/03/2020 11:55:58 AM - Inserir Historico IMARG202002041AR
13/03/2020 11:55:58 AM - Insert with success IMARG202002041AR
13/03/2020 11:56:09 AM - Inserir Historico EOARG202002028AR
13/03/2020 11:56:09 AM - Insert with success EOARG202002028AR
13/03/2020 11:56:19 AM - Inserir Historico EOUNI202001033AR
13/03/2020 11:56:19 AM - Insert with success EOUNI202001033AR
13/03/2020 11:56:31 AM - Inserir Historico EOARG202002131AR
13/03/2020 11:56:31 AM - Insert with success EOARG202002131AR
13/03/2020 11:56:41 AM - Inserir Historico EOARG202002041AR
13/03/2020 11:56:41 AM - Insert with success EOARG202002041AR
13/03/2020 11:56:52 AM - Inserir Historico EOARG202003016AR
13/03/2020 11:56:52 AM - Insert with success EOARG202003016AR
13/03/2020 11:57:02 AM - Inserir Historico IOARG202001006AR
13/03/2020 11:57:03 AM - Insert with success IOARG202001006AR
13/03/2020 11:57:16 AM - Inserir Historico EMARG202002118AR
13/03/2020 11:57:17 AM - Insert with success EMARG202002118AR
13/03/2020 11:57:27 AM - Inserir Historico EOARG202003044AR
13/03/2020 11:57:27 AM - Insert with success EOARG202003044AR
13/03/2020 11:57:38 AM - Inserir Historico EOARG202003028AR
13/03/2020 11:57:38 AM - Insert with success EOARG202003028AR
13/03/2020 11:57:49 AM - Inserir Historico EOARG202002110AR
13/03/2020 11:57:50 AM - Insert with success EOARG202002110AR
13/03/2020 11:58:03 AM - Inserir Historico EMARG202002214AR
13/03/2020 11:58:03 AM - Insert with success EMARG202002214AR
13/03/2020 11:58:15 AM - Inserir Historico EMARG202001264AR
13/03/2020 11:58:15 AM - Insert with success EMARG202001264AR
13/03/2020 11:58:26 AM - Inserir Historico EMARG202002185AR
13/03/2020 11:58:26 AM - Insert with success EMARG202002185AR
13/03/2020 11:58:37 AM - Inserir Historico EMARG202001095AR
13/03/2020 11:58:37 AM - Insert with success EMARG202001095AR
13/03/2020 11:58:48 AM - Inserir Historico EOARG202002023AR
13/03/2020 11:58:48 AM - Insert with success EOARG202002023AR
13/03/2020 11:59:00 AM - Inserir Historico EMARG202001220AR
13/03/2020 11:59:00 AM - Insert with success EMARG202001220AR
13/03/2020 11:59:14 AM - Inserir Historico EMARG202002211AR
13/03/2020 11:59:14 AM - Insert with success EMARG202002211AR
13/03/2020 11:59:27 AM - Inserir Historico IMROA201912010AR
13/03/2020 11:59:27 AM - Insert with success IMROA201912010AR
13/03/2020 11:59:37 AM - Inserir Historico EOARG202002012AR
13/03/2020 11:59:37 AM - Insert with success EOARG202002012AR
13/03/2020 11:59:51 AM - Inserir Historico EMARG202002009AR
13/03/2020 11:59:52 AM - Insert with success EMARG202002009AR
13/03/2020 12:00:03 PM - Inserir Historico EOUNI202003014AR
13/03/2020 12:00:03 PM - Insert with success EOUNI202003014AR
13/03/2020 12:00:15 PM - Inserir Historico EMARG202001259AR
13/03/2020 12:00:16 PM - Insert with success EMARG202001259AR
13/03/2020 12:00:29 PM - Inserir Historico EMARG202001342AR
13/03/2020 12:00:29 PM - Insert with success EMARG202001342AR
13/03/2020 12:00:45 PM - Inserir Historico EMARG202001106AR
13/03/2020 12:00:45 PM - Insert with success EMARG202001106AR
13/03/2020 12:00:58 PM - Inserir Historico EOARG202001219AR
13/03/2020 12:00:58 PM - Insert with success EOARG202001219AR
13/03/2020 12:01:13 PM - Inserir Historico EOARG202001109AR
13/03/2020 12:01:13 PM - Insert with success EOARG202001109AR
13/03/2020 12:01:30 PM - Inserir Historico IMARG202002034AR
13/03/2020 12:01:30 PM - Insert with success IMARG202002034AR
13/03/2020 12:01:46 PM - Inserir Historico EMARG202001333AR
13/03/2020 12:01:46 PM - Insert with success EMARG202001333AR
13/03/2020 12:01:55 PM - Inserir Historico IMFLT202003022AR
13/03/2020 12:01:56 PM - Insert with success IMFLT202003022AR
13/03/2020 12:02:10 PM - Inserir Historico EOARG202002087AR
13/03/2020 12:02:11 PM - Insert with success EOARG202002087AR
13/03/2020 12:02:27 PM - Inserir Historico EMARG202001200AR
13/03/2020 12:02:27 PM - Insert with success EMARG202001200AR
13/03/2020 12:02:47 PM - Inserir Historico IMARG202001039AR
13/03/2020 12:02:47 PM - Insert with success IMARG202001039AR
13/03/2020 12:03:01 PM - Inserir Historico EOARG202002056AR
13/03/2020 12:03:02 PM - Insert with success EOARG202002056AR
13/03/2020 12:03:17 PM - Inserir Historico EMARG202002094AR
13/03/2020 12:03:17 PM - Insert with success EMARG202002094AR
13/03/2020 12:03:31 PM - Inserir Historico EOUNI202002028AR
13/03/2020 12:03:31 PM - Insert with success EOUNI202002028AR
13/03/2020 12:03:49 PM - Inserir Historico EMARG202002303AR
13/03/2020 12:03:49 PM - Insert with success EMARG202002303AR
13/03/2020 12:04:06 PM - Inserir Historico EOARG202002115AR
13/03/2020 12:04:06 PM - Insert with success EOARG202002115AR
13/03/2020 12:04:20 PM - Inserir Historico EOARG202002159AR
13/03/2020 12:04:20 PM - Insert with success EOARG202002159AR
13/03/2020 12:04:33 PM - Inserir Historico EOARG202003040AR
13/03/2020 12:04:33 PM - Insert with success EOARG202003040AR
13/03/2020 12:04:47 PM - Inserir Historico EOARG201912244AR
13/03/2020 12:04:48 PM - Insert with success EOARG201912244AR
13/03/2020 12:05:01 PM - Inserir Historico EOARG202003020AR
13/03/2020 12:05:01 PM - Insert with success EOARG202003020AR
13/03/2020 12:05:16 PM - Inserir Historico EMARG202001113AR
13/03/2020 12:05:16 PM - Insert with success EMARG202001113AR
13/03/2020 12:05:32 PM - Inserir Historico IMARG202002074AR
13/03/2020 12:05:32 PM - Insert with success IMARG202002074AR
13/03/2020 12:05:49 PM - Inserir Historico EMARG202002018AR
13/03/2020 12:05:49 PM - Insert with success EMARG202002018AR
13/03/2020 12:06:07 PM - Inserir Historico EMARG202002137AR
13/03/2020 12:06:07 PM - Insert with success EMARG202002137AR
13/03/2020 12:06:24 PM - Inserir Historico IMROA202001001AR
13/03/2020 12:06:24 PM - Insert with success IMROA202001001AR
13/03/2020 12:06:39 PM - Inserir Historico IMROA201912011AR
13/03/2020 12:06:39 PM - Insert with success IMROA201912011AR
13/03/2020 12:06:53 PM - Inserir Historico IMARG202002081AR
13/03/2020 12:06:54 PM - Insert with success IMARG202002081AR
13/03/2020 12:07:09 PM - Inserir Historico IMARG202003006AR
13/03/2020 12:07:09 PM - Insert with success IMARG202003006AR
13/03/2020 12:07:23 PM - Inserir Historico EMARG202001168AR
13/03/2020 12:07:23 PM - Insert with success EMARG202001168AR
13/03/2020 12:07:35 PM - Inserir Historico EOARG202002077AR
13/03/2020 12:07:36 PM - Insert with success EOARG202002077AR
13/03/2020 12:07:51 PM - Inserir Historico EMARG202003084AR
13/03/2020 12:07:51 PM - Insert with success EMARG202003084AR
13/03/2020 12:08:01 PM - Inserir Historico EOARG202001184AR
13/03/2020 12:08:01 PM - Insert with success EOARG202001184AR
13/03/2020 12:08:12 PM - Inserir Historico EOARG202002150AR
13/03/2020 12:08:12 PM - Insert with success EOARG202002150AR
13/03/2020 12:08:24 PM - Inserir Historico EOROA202001004AR
13/03/2020 12:08:24 PM - Insert with success EOROA202001004AR
13/03/2020 12:08:39 PM - Inserir Historico IMARG202001103AR
13/03/2020 12:08:39 PM - Insert with success IMARG202001103AR
13/03/2020 12:08:51 PM - Inserir Historico EOARG202002192AR
13/03/2020 12:08:51 PM - Insert with success EOARG202002192AR
13/03/2020 12:09:05 PM - Inserir Historico IMARG202002044AR
13/03/2020 12:09:06 PM - Insert with success IMARG202002044AR
13/03/2020 12:09:17 PM - Inserir Historico EOARG202001020AR
13/03/2020 12:09:17 PM - Insert with success EOARG202001020AR
13/03/2020 12:09:27 PM - Inserir Historico EOARG202002196AR
13/03/2020 12:09:27 PM - Insert with success EOARG202002196AR
13/03/2020 12:09:38 PM - Inserir Historico EOARG202001092AR
13/03/2020 12:09:38 PM - Insert with success EOARG202001092AR
13/03/2020 12:09:48 PM - Inserir Historico EOUNI202001019AR
13/03/2020 12:09:48 PM - Insert with success EOUNI202001019AR
13/03/2020 12:09:59 PM - Inserir Historico EOARG202001203AR
13/03/2020 12:09:59 PM - Insert with success EOARG202001203AR
13/03/2020 12:10:10 PM - Inserir Historico EMARG202001097AR
13/03/2020 12:10:10 PM - Insert with success EMARG202001097AR
13/03/2020 12:10:20 PM - Inserir Historico EOARG202001105AR
13/03/2020 12:10:21 PM - Insert with success EOARG202001105AR
13/03/2020 12:10:31 PM - Inserir Historico EOUNI202001018AR
13/03/2020 12:10:31 PM - Insert with success EOUNI202001018AR
13/03/2020 12:10:37 PM - Inserir Historico IMFLT202001109AR
13/03/2020 12:10:38 PM - Insert with success IMFLT202001109AR
13/03/2020 12:10:48 PM - Inserir Historico EOARG202002096AR
13/03/2020 12:10:48 PM - Insert with success EOARG202002096AR
13/03/2020 12:10:58 PM - Inserir Historico EOUNI202001002AR
13/03/2020 12:10:58 PM - Insert with success EOUNI202001002AR
13/03/2020 12:11:11 PM - Inserir Historico IMARG202001076AR
13/03/2020 12:11:11 PM - Insert with success IMARG202001076AR
13/03/2020 12:11:21 PM - Inserir Historico EOARG202002156AR
13/03/2020 12:11:21 PM - Insert with success EOARG202002156AR
13/03/2020 12:11:34 PM - Inserir Historico IMARG201912075AR
13/03/2020 12:11:34 PM - Insert with success IMARG201912075AR
13/03/2020 12:11:46 PM - Inserir Historico EOARG202001026AR
13/03/2020 12:11:47 PM - Insert with success EOARG202001026AR
13/03/2020 12:11:59 PM - Inserir Historico IOARG202001016AR
13/03/2020 12:11:59 PM - Insert with success IOARG202001016AR
13/03/2020 12:12:09 PM - Inserir Historico EOARG202001013AR
13/03/2020 12:12:10 PM - Insert with success EOARG202001013AR
13/03/2020 12:12:23 PM - Inserir Historico EMARG202002276AR
13/03/2020 12:12:24 PM - Insert with success EMARG202002276AR
13/03/2020 12:12:36 PM - Inserir Historico IMCHP202002005AR
13/03/2020 12:12:36 PM - Insert with success IMCHP202002005AR
13/03/2020 12:12:50 PM - Inserir Historico IMARG202001144AR
13/03/2020 12:12:50 PM - Insert with success IMARG202001144AR
13/03/2020 12:13:01 PM - Inserir Historico EOARG202002237AR
13/03/2020 12:13:01 PM - Insert with success EOARG202002237AR
13/03/2020 12:13:11 PM - Inserir Historico EOARG202003048AR
13/03/2020 12:13:11 PM - Insert with success EOARG202003048AR
13/03/2020 12:13:22 PM - Inserir Historico EMARG201912245AR
13/03/2020 12:13:22 PM - Insert with success EMARG201912245AR
13/03/2020 12:13:34 PM - Inserir Historico EMARG201912266AR
13/03/2020 12:13:34 PM - Insert with success EMARG201912266AR
13/03/2020 12:13:48 PM - Inserir Historico IMARG201911085AR
13/03/2020 12:13:48 PM - Insert with success IMARG201911085AR
13/03/2020 12:14:00 PM - Inserir Historico IMARG201912009AR
13/03/2020 12:14:00 PM - Insert with success IMARG201912009AR
13/03/2020 12:14:11 PM - Inserir Historico EMARG202001292AR
13/03/2020 12:14:11 PM - Insert with success EMARG202001292AR
13/03/2020 12:14:26 PM - Inserir Historico EMARG202002258AR
13/03/2020 12:14:26 PM - Insert with success EMARG202002258AR
13/03/2020 12:14:36 PM - Inserir Historico EOARG202002178AR
13/03/2020 12:14:36 PM - Insert with success EOARG202002178AR
13/03/2020 12:14:50 PM - Inserir Historico EMARG202002133AR
13/03/2020 12:14:50 PM - Insert with success EMARG202002133AR
13/03/2020 12:15:00 PM - Inserir Historico EOARG202001193AR
13/03/2020 12:15:01 PM - Insert with success EOARG202001193AR
13/03/2020 12:15:13 PM - Inserir Historico IMARG202001169AR
13/03/2020 12:15:13 PM - Insert with success IMARG202001169AR
13/03/2020 12:15:26 PM - Inserir Historico IMCHP202001015AR
13/03/2020 12:15:26 PM - Insert with success IMCHP202001015AR
13/03/2020 12:15:38 PM - Inserir Historico IMARG202001064AR
13/03/2020 12:15:38 PM - Insert with success IMARG202001064AR
13/03/2020 12:15:49 PM - Inserir Historico EMARG202001075AR
13/03/2020 12:15:49 PM - Insert with success EMARG202001075AR
13/03/2020 12:16:00 PM - Inserir Historico EMARG201912224AR
13/03/2020 12:16:00 PM - Insert with success EMARG201912224AR
13/03/2020 12:16:14 PM - Inserir Historico EMARG202002169AR
13/03/2020 12:16:14 PM - Insert with success EMARG202002169AR
13/03/2020 12:16:24 PM - Inserir Historico EOARG202002003AR
13/03/2020 12:16:25 PM - Insert with success EOARG202002003AR
13/03/2020 12:16:32 PM - Inserir Historico IABRN202003001AR
13/03/2020 12:16:32 PM - Insert with success IABRN202003001AR
13/03/2020 12:16:45 PM - Inserir Historico IMARG202002064AR
13/03/2020 12:16:45 PM - Insert with success IMARG202002064AR
13/03/2020 12:16:55 PM - Inserir Historico EOARG201912219AR
13/03/2020 12:16:56 PM - Insert with success EOARG201912219AR
13/03/2020 12:17:08 PM - Inserir Historico IMARG202001025AR
13/03/2020 12:17:08 PM - Insert with success IMARG202001025AR
13/03/2020 12:17:19 PM - Inserir Historico EOARG202001009AR
13/03/2020 12:17:19 PM - Insert with success EOARG202001009AR
13/03/2020 12:17:29 PM - Inserir Historico EOARG202001053AR
13/03/2020 12:17:29 PM - Insert with success EOARG202001053AR
13/03/2020 12:17:41 PM - Inserir Historico IMARG201912078AR
13/03/2020 12:17:42 PM - Insert with success IMARG201912078AR
13/03/2020 12:17:52 PM - Inserir Historico EOARG202003047AR
13/03/2020 12:17:52 PM - Insert with success EOARG202003047AR
13/03/2020 12:18:05 PM - Inserir Historico EMARG202003078AR
13/03/2020 12:18:05 PM - Insert with success EMARG202003078AR
13/03/2020 12:18:12 PM - Inserir Historico IMFLT202002017AR
13/03/2020 12:18:12 PM - Insert with success IMFLT202002017AR
13/03/2020 12:18:24 PM - Inserir Historico IMARG202001137AR
13/03/2020 12:18:24 PM - Insert with success IMARG202001137AR
13/03/2020 12:18:35 PM - Inserir Historico EMARG202001158AR
13/03/2020 12:18:35 PM - Insert with success EMARG202001158AR
13/03/2020 12:18:46 PM - Inserir Historico EMARG202001274AR
13/03/2020 12:18:46 PM - Insert with success EMARG202001274AR
13/03/2020 12:18:59 PM - Inserir Historico IMARG202001072AR
13/03/2020 12:19:00 PM - Insert with success IMARG202001072AR
13/03/2020 12:19:10 PM - Inserir Historico EOARG201912222AR
13/03/2020 12:19:10 PM - Insert with success EOARG201912222AR
13/03/2020 12:19:20 PM - Inserir Historico EOARG202003071AR
13/03/2020 12:19:21 PM - Insert with success EOARG202003071AR
13/03/2020 12:19:32 PM - Inserir Historico EMARG202001150AR
13/03/2020 12:19:32 PM - Insert with success EMARG202001150AR
13/03/2020 12:19:43 PM - Inserir Historico EMARG202002179AR
13/03/2020 12:19:43 PM - Insert with success EMARG202002179AR
13/03/2020 12:19:54 PM - Inserir Historico EOARG202001146AR
13/03/2020 12:19:54 PM - Insert with success EOARG202001146AR
13/03/2020 12:20:05 PM - Inserir Historico EMARG202001069AR
13/03/2020 12:20:05 PM - Insert with success EMARG202001069AR
13/03/2020 12:20:15 PM - Inserir Historico EOARG202002210AR
13/03/2020 12:20:16 PM - Insert with success EOARG202002210AR
13/03/2020 12:20:26 PM - Inserir Historico EOARG202002088AR
13/03/2020 12:20:26 PM - Insert with success EOARG202002088AR
13/03/2020 12:20:35 PM - Inserir Historico EMARG202002032AR
13/03/2020 12:20:35 PM - Insert with success EMARG202002032AR
13/03/2020 12:20:46 PM - Inserir Historico EMARG202001223AR
13/03/2020 12:20:46 PM - Insert with success EMARG202001223AR
13/03/2020 12:20:56 PM - Inserir Historico EOARG202002230AR
13/03/2020 12:20:56 PM - Insert with success EOARG202002230AR
13/03/2020 12:21:07 PM - Inserir Historico EOARG202001021AR
13/03/2020 12:21:07 PM - Insert with success EOARG202001021AR
13/03/2020 12:21:21 PM - Inserir Historico EMARG202002125AR
13/03/2020 12:21:21 PM - Insert with success EMARG202002125AR
13/03/2020 12:21:33 PM - Inserir Historico EOARG202002173AR
13/03/2020 12:21:33 PM - Insert with success EOARG202002173AR
13/03/2020 12:21:45 PM - Inserir Historico EMARG202002056AR
13/03/2020 12:21:46 PM - Insert with success EMARG202002056AR
13/03/2020 12:21:59 PM - Inserir Historico EMARG202001294AR
13/03/2020 12:21:59 PM - Insert with success EMARG202001294AR
13/03/2020 12:22:09 PM - Inserir Historico EOARG202001111AR
13/03/2020 12:22:09 PM - Insert with success EOARG202001111AR
13/03/2020 12:22:22 PM - Inserir Historico IMARG202001168AR
13/03/2020 12:22:22 PM - Insert with success IMARG202001168AR
13/03/2020 12:22:35 PM - Inserir Historico IMARG201912074AR
13/03/2020 12:22:36 PM - Insert with success IMARG201912074AR
13/03/2020 12:22:46 PM - Inserir Historico EOARG202001172AR
13/03/2020 12:22:46 PM - Insert with success EOARG202001172AR
13/03/2020 12:22:55 PM - Inserir Historico IMARG202002021AR
13/03/2020 12:22:55 PM - Insert with success IMARG202002021AR
13/03/2020 12:23:07 PM - Inserir Historico EMARG202001101AR
13/03/2020 12:23:07 PM - Insert with success EMARG202001101AR
13/03/2020 12:23:19 PM - Inserir Historico EMARG202002202AR
13/03/2020 12:23:19 PM - Insert with success EMARG202002202AR
13/03/2020 12:23:32 PM - Inserir Historico EMARG202003062AR
13/03/2020 12:23:32 PM - Insert with success EMARG202003062AR
13/03/2020 12:23:45 PM - Inserir Historico IMARG202001163AR
13/03/2020 12:23:45 PM - Insert with success IMARG202001163AR
13/03/2020 12:23:58 PM - Inserir Historico EMARG202002240AR
13/03/2020 12:23:59 PM - Insert with success EMARG202002240AR
13/03/2020 12:24:12 PM - Inserir Historico IMARG202001069AR
13/03/2020 12:24:12 PM - Insert with success IMARG202001069AR
13/03/2020 12:24:22 PM - Inserir Historico EOARG202002048AR
13/03/2020 12:24:22 PM - Insert with success EOARG202002048AR
13/03/2020 12:24:38 PM - Inserir Historico EMARG202002300AR
13/03/2020 12:24:38 PM - Insert with success EMARG202002300AR
13/03/2020 12:24:52 PM - Inserir Historico EMARG202003044AR
13/03/2020 12:24:52 PM - Insert with success EMARG202003044AR
13/03/2020 12:25:05 PM - Inserir Historico IMARG202001093AR
13/03/2020 12:25:05 PM - Insert with success IMARG202001093AR
13/03/2020 12:25:16 PM - Inserir Historico EMARG202001278AR
13/03/2020 12:25:16 PM - Insert with success EMARG202001278AR
13/03/2020 12:25:26 PM - Inserir Historico EOARG202002166AR
13/03/2020 12:25:26 PM - Insert with success EOARG202002166AR
13/03/2020 12:25:40 PM - Inserir Historico EMARG202002237AR
13/03/2020 12:25:40 PM - Insert with success EMARG202002237AR
13/03/2020 12:25:50 PM - Inserir Historico EOUNI202001010AR
13/03/2020 12:25:50 PM - Insert with success EOUNI202001010AR
13/03/2020 12:26:03 PM - Inserir Historico IMARG202001132AR
13/03/2020 12:26:03 PM - Insert with success IMARG202001132AR
13/03/2020 12:26:13 PM - Inserir Historico EOARG202002198AR
13/03/2020 12:26:13 PM - Insert with success EOARG202002198AR
13/03/2020 12:26:24 PM - Inserir Historico EOARG202001044AR
13/03/2020 12:26:24 PM - Insert with success EOARG202001044AR
13/03/2020 12:26:34 PM - Inserir Historico EOARG202002085AR
13/03/2020 12:26:34 PM - Insert with success EOARG202002085AR
13/03/2020 12:26:45 PM - Inserir Historico EOARG202002197AR
13/03/2020 12:26:45 PM - Insert with success EOARG202002197AR
13/03/2020 12:27:00 PM - Inserir Historico EMARG202002101AR
13/03/2020 12:27:00 PM - Insert with success EMARG202002101AR
13/03/2020 12:27:11 PM - Inserir Historico EOARG202002082AR
13/03/2020 12:27:11 PM - Insert with success EOARG202002082AR
13/03/2020 12:27:22 PM - Inserir Historico EOARG202001200AR
13/03/2020 12:27:23 PM - Insert with success EOARG202001200AR
13/03/2020 12:27:34 PM - Inserir Historico EMARG201912349AR
13/03/2020 12:27:34 PM - Insert with success EMARG201912349AR
13/03/2020 12:27:47 PM - Inserir Historico EMARG202003068AR
13/03/2020 12:27:47 PM - Insert with success EMARG202003068AR
13/03/2020 12:27:57 PM - Inserir Historico EOARG201912204AR
13/03/2020 12:27:58 PM - Insert with success EOARG201912204AR
13/03/2020 12:28:09 PM - Inserir Historico EMARG202001039AR
13/03/2020 12:28:09 PM - Insert with success EMARG202001039AR
13/03/2020 12:28:23 PM - Inserir Historico EMARG202002068AR
13/03/2020 12:28:23 PM - Insert with success EMARG202002068AR
13/03/2020 12:28:34 PM - Inserir Historico EOARG202001004AR
13/03/2020 12:28:34 PM - Insert with success EOARG202001004AR
13/03/2020 12:28:44 PM - Inserir Historico EOARG202002025AR
13/03/2020 12:28:45 PM - Insert with success EOARG202002025AR
13/03/2020 12:28:56 PM - Inserir Historico EMARG202001153AR
13/03/2020 12:28:56 PM - Insert with success EMARG202001153AR
13/03/2020 12:29:08 PM - Inserir Historico EMARG202001260AR
13/03/2020 12:29:08 PM - Insert with success EMARG202001260AR
13/03/2020 12:29:22 PM - Inserir Historico EMARG202002176AR
13/03/2020 12:29:22 PM - Insert with success EMARG202002176AR
13/03/2020 12:29:33 PM - Inserir Historico EOARG202001187AR
13/03/2020 12:29:33 PM - Insert with success EOARG202001187AR
13/03/2020 12:29:45 PM - Inserir Historico EMUNI202002005AR
13/03/2020 12:29:45 PM - Insert with success EMUNI202002005AR
13/03/2020 12:29:56 PM - Inserir Historico EOUNI202001004AR
13/03/2020 12:29:56 PM - Insert with success EOUNI202001004AR
13/03/2020 12:30:14 PM - Inserir Historico EMARG202003007AR
13/03/2020 12:30:14 PM - Insert with success EMARG202003007AR
13/03/2020 12:30:27 PM - Inserir Historico EOUNI202001032AR
13/03/2020 12:30:27 PM - Insert with success EOUNI202001032AR
13/03/2020 12:30:40 PM - Inserir Historico IMARG201912007AR
13/03/2020 12:30:40 PM - Insert with success IMARG201912007AR
13/03/2020 12:30:53 PM - Inserir Historico EMARG202001236AR
13/03/2020 12:30:53 PM - Insert with success EMARG202001236AR
13/03/2020 12:31:07 PM - Inserir Historico EOARG201912140AR
13/03/2020 12:31:08 PM - Insert with success EOARG201912140AR
13/03/2020 12:31:19 PM - Inserir Historico EOARG202002128AR
13/03/2020 12:31:19 PM - Insert with success EOARG202002128AR
13/03/2020 12:31:33 PM - Inserir Historico EMARG202002294AR
13/03/2020 12:31:33 PM - Insert with success EMARG202002294AR
13/03/2020 12:31:49 PM - Inserir Historico IMARG202001097AR
13/03/2020 12:31:49 PM - Insert with success IMARG202001097AR
13/03/2020 12:32:03 PM - Inserir Historico IMARG202001071AR
13/03/2020 12:32:03 PM - Insert with success IMARG202001071AR
13/03/2020 12:32:18 PM - Inserir Historico EMARG202001350AR
13/03/2020 12:32:18 PM - Insert with success EMARG202001350AR
13/03/2020 12:32:28 PM - Inserir Historico EOUNI202002016AR
13/03/2020 12:32:28 PM - Insert with success EOUNI202002016AR
13/03/2020 12:32:39 PM - Inserir Historico EOARG202002220AR
13/03/2020 12:32:39 PM - Insert with success EOARG202002220AR
13/03/2020 12:32:52 PM - Inserir Historico IMARG202002001AR
13/03/2020 12:32:52 PM - Insert with success IMARG202002001AR
13/03/2020 12:33:04 PM - Inserir Historico IMROA202001038AR
13/03/2020 12:33:05 PM - Insert with success IMROA202001038AR
13/03/2020 12:33:19 PM - Inserir Historico EMARG202003048AR
13/03/2020 12:33:19 PM - Insert with success EMARG202003048AR
13/03/2020 12:33:32 PM - Inserir Historico IMARG202001005AR
13/03/2020 12:33:32 PM - Insert with success IMARG202001005AR
13/03/2020 12:33:43 PM - Inserir Historico EMARG202001108AR
13/03/2020 12:33:44 PM - Insert with success EMARG202001108AR
13/03/2020 12:33:57 PM - Inserir Historico EMARG202002242AR
13/03/2020 12:33:57 PM - Insert with success EMARG202002242AR
13/03/2020 12:34:08 PM - Inserir Historico EOARG202001158AR
13/03/2020 12:34:08 PM - Insert with success EOARG202001158AR
13/03/2020 12:34:19 PM - Inserir Historico EMARG202001118AR
13/03/2020 12:34:19 PM - Insert with success EMARG202001118AR
13/03/2020 12:34:30 PM - Inserir Historico EMARG202001243AR
13/03/2020 12:34:31 PM - Insert with success EMARG202001243AR
13/03/2020 12:34:41 PM - Inserir Historico IOARG202001007AR
13/03/2020 12:34:41 PM - Insert with success IOARG202001007AR
13/03/2020 12:34:53 PM - Inserir Historico IMARG202002046AR
13/03/2020 12:34:53 PM - Insert with success IMARG202002046AR
13/03/2020 12:35:04 PM - Inserir Historico EOARG202001015AR
13/03/2020 12:35:04 PM - Insert with success EOARG202001015AR
13/03/2020 12:35:18 PM - Inserir Historico EMARG202002143AR
13/03/2020 12:35:18 PM - Insert with success EMARG202002143AR
13/03/2020 12:35:28 PM - Inserir Historico IAARG202001009AR
13/03/2020 12:35:28 PM - Insert with success IAARG202001009AR
13/03/2020 12:35:40 PM - Inserir Historico EMARG202001204AR
13/03/2020 12:35:40 PM - Insert with success EMARG202001204AR
13/03/2020 12:35:51 PM - Inserir Historico EMARG202002014AR
13/03/2020 12:35:51 PM - Insert with success EMARG202002014AR
13/03/2020 12:36:03 PM - Inserir Historico IMARG202001109AR
13/03/2020 12:36:04 PM - Insert with success IMARG202001109AR
13/03/2020 12:36:15 PM - Inserir Historico EMARG202001141AR
13/03/2020 12:36:15 PM - Insert with success EMARG202001141AR
13/03/2020 12:36:25 PM - Inserir Historico EOARG202002050AR
13/03/2020 12:36:25 PM - Insert with success EOARG202002050AR
13/03/2020 12:36:36 PM - Inserir Historico EOARG202001014AR
13/03/2020 12:36:36 PM - Insert with success EOARG202001014AR
13/03/2020 12:36:47 PM - Inserir Historico EMUNI202002001AR
13/03/2020 12:36:47 PM - Insert with success EMUNI202002001AR
13/03/2020 12:37:01 PM - Inserir Historico EMARG202003019AR
13/03/2020 12:37:01 PM - Insert with success EMARG202003019AR
13/03/2020 12:37:15 PM - Inserir Historico EMARG202002175AR
13/03/2020 12:37:15 PM - Insert with success EMARG202002175AR
13/03/2020 12:37:25 PM - Inserir Historico EOROA202001008AR
13/03/2020 12:37:26 PM - Insert with success EOROA202001008AR
13/03/2020 12:37:36 PM - Inserir Historico EOUNI202001022AR
13/03/2020 12:37:36 PM - Insert with success EOUNI202001022AR
13/03/2020 12:37:46 PM - Inserir Historico EOARG202001011AR
13/03/2020 12:37:47 PM - Insert with success EOARG202001011AR
13/03/2020 12:37:58 PM - Inserir Historico EMARG202002245AR
13/03/2020 12:37:58 PM - Insert with success EMARG202002245AR
13/03/2020 12:38:09 PM - Inserir Historico EMARG202001053AR
13/03/2020 12:38:09 PM - Insert with success EMARG202001053AR
13/03/2020 12:38:20 PM - Inserir Historico EOUNI202001029AR
13/03/2020 12:38:20 PM - Insert with success EOUNI202001029AR
13/03/2020 12:38:34 PM - Inserir Historico EMARG202003079AR
13/03/2020 12:38:34 PM - Insert with success EMARG202003079AR
13/03/2020 12:38:47 PM - Inserir Historico EMARG202002201AR
13/03/2020 12:38:47 PM - Insert with success EMARG202002201AR
13/03/2020 12:38:58 PM - Inserir Historico EMARG202001138AR
13/03/2020 12:38:59 PM - Insert with success EMARG202001138AR
13/03/2020 12:39:11 PM - Inserir Historico IMARG202001040AR
13/03/2020 12:39:11 PM - Insert with success IMARG202001040AR
13/03/2020 12:39:23 PM - Inserir Historico EMARG202001096AR
13/03/2020 12:39:23 PM - Insert with success EMARG202001096AR
13/03/2020 12:39:36 PM - Inserir Historico EMARG202003087AR
13/03/2020 12:39:36 PM - Insert with success EMARG202003087AR
13/03/2020 12:39:47 PM - Inserir Historico EMARG202001072AR
13/03/2020 12:39:47 PM - Insert with success EMARG202001072AR
13/03/2020 12:39:58 PM - Inserir Historico EMARG202001188AR
13/03/2020 12:39:58 PM - Insert with success EMARG202001188AR
13/03/2020 12:40:09 PM - Inserir Historico EOARG202002225AR
13/03/2020 12:40:09 PM - Insert with success EOARG202002225AR
13/03/2020 12:40:20 PM - Inserir Historico EMARG202001074AR
13/03/2020 12:40:21 PM - Insert with success EMARG202001074AR
13/03/2020 12:40:31 PM - Inserir Historico EOUNI202002020AR
13/03/2020 12:40:31 PM - Insert with success EOUNI202002020AR
13/03/2020 12:40:44 PM - Inserir Historico IMARG202001031AR
13/03/2020 12:40:44 PM - Insert with success IMARG202001031AR
13/03/2020 12:40:56 PM - Inserir Historico EOARG202002105AR
13/03/2020 12:40:56 PM - Insert with success EOARG202002105AR
13/03/2020 12:41:11 PM - Inserir Historico IMARG202001002AR
13/03/2020 12:41:11 PM - Insert with success IMARG202001002AR
13/03/2020 12:41:23 PM - Inserir Historico IOARG202002005AR
13/03/2020 12:41:23 PM - Insert with success IOARG202002005AR
13/03/2020 12:41:36 PM - Inserir Historico IMROA201911044AR
13/03/2020 12:41:36 PM - Insert with success IMROA201911044AR
13/03/2020 12:41:48 PM - Inserir Historico EMARG202001089AR
13/03/2020 12:41:48 PM - Insert with success EMARG202001089AR
13/03/2020 12:42:00 PM - Inserir Historico EOARG202001155AR
13/03/2020 12:42:00 PM - Insert with success EOARG202001155AR
13/03/2020 12:42:11 PM - Inserir Historico EOARG202001180AR
13/03/2020 12:42:11 PM - Insert with success EOARG202001180AR
13/03/2020 12:42:25 PM - Inserir Historico IMARG202002068AR
13/03/2020 12:42:25 PM - Insert with success IMARG202002068AR
13/03/2020 12:42:39 PM - Inserir Historico EMARG202002281AR
13/03/2020 12:42:39 PM - Insert with success EMARG202002281AR
13/03/2020 12:42:51 PM - Inserir Historico IAARG202002003AR
13/03/2020 12:42:51 PM - Insert with success IAARG202002003AR
13/03/2020 12:43:01 PM - Inserir Historico EOARG202002137AR
13/03/2020 12:43:02 PM - Insert with success EOARG202002137AR
13/03/2020 12:43:12 PM - Inserir Historico EOARG202003029AR
13/03/2020 12:43:12 PM - Insert with success EOARG202003029AR
13/03/2020 12:43:22 PM - Inserir Historico EOARG202001239AR
13/03/2020 12:43:22 PM - Insert with success EOARG202001239AR
13/03/2020 12:43:36 PM - Inserir Historico EMARG202003003AR
13/03/2020 12:43:36 PM - Insert with success EMARG202003003AR
13/03/2020 12:43:48 PM - Inserir Historico IMPME202002003AR
13/03/2020 12:43:48 PM - Insert with success IMPME202002003AR
13/03/2020 12:43:58 PM - Inserir Historico EOUNI202002027AR
13/03/2020 12:43:58 PM - Insert with success EOUNI202002027AR
13/03/2020 12:44:08 PM - Inserir Historico EOARG202003066AR
13/03/2020 12:44:08 PM - Insert with success EOARG202003066AR
13/03/2020 12:44:19 PM - Inserir Historico EOARG202001101AR
13/03/2020 12:44:19 PM - Insert with success EOARG202001101AR
13/03/2020 12:44:31 PM - Inserir Historico IMARG202001140AR
13/03/2020 12:44:31 PM - Insert with success IMARG202001140AR
13/03/2020 12:44:42 PM - Inserir Historico EOARG202001076AR
13/03/2020 12:44:42 PM - Insert with success EOARG202001076AR
13/03/2020 12:44:53 PM - Inserir Historico EOARG202002126AR
13/03/2020 12:44:53 PM - Insert with success EOARG202002126AR
13/03/2020 12:45:07 PM - Inserir Historico EMARG202002227AR
13/03/2020 12:45:07 PM - Insert with success EMARG202002227AR
13/03/2020 12:45:18 PM - Inserir Historico EMARG202001032AR
13/03/2020 12:45:19 PM - Insert with success EMARG202001032AR
13/03/2020 12:45:29 PM - Inserir Historico EOARG202002135AR
13/03/2020 12:45:29 PM - Insert with success EOARG202002135AR
13/03/2020 12:45:40 PM - Inserir Historico EOARG202003049AR
13/03/2020 12:45:40 PM - Insert with success EOARG202003049AR
13/03/2020 12:45:54 PM - Inserir Historico EMARG202003017AR
13/03/2020 12:45:54 PM - Insert with success EMARG202003017AR
13/03/2020 12:46:08 PM - Inserir Historico EMARG202002283AR
13/03/2020 12:46:08 PM - Insert with success EMARG202002283AR
13/03/2020 12:46:18 PM - Inserir Historico EOARG202001012AR
13/03/2020 12:46:19 PM - Insert with success EOARG202001012AR
13/03/2020 12:46:29 PM - Inserir Historico EOARG202001118AR
13/03/2020 12:46:29 PM - Insert with success EOARG202001118AR
13/03/2020 12:46:41 PM - Inserir Historico IMARG202001033AR
13/03/2020 12:46:41 PM - Insert with success IMARG202001033AR
13/03/2020 12:46:52 PM - Inserir Historico EOUNI202001015AR
13/03/2020 12:46:52 PM - Insert with success EOUNI202001015AR
13/03/2020 12:47:02 PM - Inserir Historico EOARG202001059AR
13/03/2020 12:47:03 PM - Insert with success EOARG202001059AR
13/03/2020 12:47:13 PM - Inserir Historico EOARG202002170AR
13/03/2020 12:47:13 PM - Insert with success EOARG202002170AR
13/03/2020 12:47:23 PM - Inserir Historico IAARG202001006AR
13/03/2020 12:47:23 PM - Insert with success IAARG202001006AR
13/03/2020 12:47:35 PM - Inserir Historico IMARG202002067AR
13/03/2020 12:47:35 PM - Insert with success IMARG202002067AR
13/03/2020 12:47:46 PM - Inserir Historico EOARG202003026AR
13/03/2020 12:47:46 PM - Insert with success EOARG202003026AR
13/03/2020 12:47:56 PM - Inserir Historico EOARG202002024AR
13/03/2020 12:47:56 PM - Insert with success EOARG202002024AR
13/03/2020 12:48:09 PM - Inserir Historico IMARG202001165AR
13/03/2020 12:48:09 PM - Insert with success IMARG202001165AR
13/03/2020 12:48:19 PM - Inserir Historico EOARG202001045AR
13/03/2020 12:48:19 PM - Insert with success EOARG202001045AR
13/03/2020 12:48:31 PM - Inserir Historico IMROA202001024AR
13/03/2020 12:48:32 PM - Insert with success IMROA202001024AR
13/03/2020 12:48:42 PM - Inserir Historico EOARG202003051AR
13/03/2020 12:48:42 PM - Insert with success EOARG202003051AR
13/03/2020 12:48:52 PM - Inserir Historico EOARG202002086AR
13/03/2020 12:48:52 PM - Insert with success EOARG202002086AR
13/03/2020 12:49:05 PM - Inserir Historico IMARG202002002AR
13/03/2020 12:49:05 PM - Insert with success IMARG202002002AR
13/03/2020 12:49:22 PM - Inserir Historico EMARG202003027AR
13/03/2020 12:49:22 PM - Insert with success EMARG202003027AR
13/03/2020 12:49:32 PM - Inserir Historico EOARG202002169AR
13/03/2020 12:49:32 PM - Insert with success EOARG202002169AR
13/03/2020 12:49:45 PM - Inserir Historico EMARG202003072AR
13/03/2020 12:49:45 PM - Insert with success EMARG202003072AR
13/03/2020 12:49:59 PM - Inserir Historico EMARG202001337AR
13/03/2020 12:49:59 PM - Insert with success EMARG202001337AR
13/03/2020 12:50:09 PM - Inserir Historico EOARG202001061AR
13/03/2020 12:50:09 PM - Insert with success EOARG202001061AR
13/03/2020 12:50:20 PM - Inserir Historico EOARG202001122AR
13/03/2020 12:50:20 PM - Insert with success EOARG202001122AR
13/03/2020 12:50:32 PM - Inserir Historico IMROA201911033AR
13/03/2020 12:50:32 PM - Insert with success IMROA201911033AR
13/03/2020 12:50:43 PM - Inserir Historico EOARG202001253AR
13/03/2020 12:50:43 PM - Insert with success EOARG202001253AR
13/03/2020 12:50:53 PM - Inserir Historico EOARG202001205AR
13/03/2020 12:50:53 PM - Insert with success EOARG202001205AR
13/03/2020 12:51:06 PM - Inserir Historico EOARG202001023AR
13/03/2020 12:51:06 PM - Insert with success EOARG202001023AR
13/03/2020 12:51:19 PM - Inserir Historico IMARG202001152AR
13/03/2020 12:51:19 PM - Insert with success IMARG202001152AR
13/03/2020 12:51:27 PM - Inserir Historico IMARG202002083AR
13/03/2020 12:51:28 PM - Insert with success IMARG202002083AR
13/03/2020 12:51:38 PM - Inserir Historico EOARG202002180AR
13/03/2020 12:51:38 PM - Insert with success EOARG202002180AR
13/03/2020 12:51:52 PM - Inserir Historico IMARG202001034AR
13/03/2020 12:51:52 PM - Insert with success IMARG202001034AR
13/03/2020 12:52:05 PM - Inserir Historico IMARG201911037AR
13/03/2020 12:52:05 PM - Insert with success IMARG201911037AR
13/03/2020 12:52:16 PM - Inserir Historico EOARG202002022AR
13/03/2020 12:52:16 PM - Insert with success EOARG202002022AR
13/03/2020 12:52:30 PM - Inserir Historico EMARG202002284AR
13/03/2020 12:52:30 PM - Insert with success EMARG202002284AR
13/03/2020 12:52:44 PM - Inserir Historico EMARG202002167AR
13/03/2020 12:52:44 PM - Insert with success EMARG202002167AR
13/03/2020 12:52:56 PM - Inserir Historico EMARG202001353AR
13/03/2020 12:52:56 PM - Insert with success EMARG202001353AR
13/03/2020 12:53:07 PM - Inserir Historico EOARG202001096AR
13/03/2020 12:53:07 PM - Insert with success EOARG202001096AR
13/03/2020 12:53:17 PM - Inserir Historico IAARG202001002AR
13/03/2020 12:53:17 PM - Insert with success IAARG202001002AR
13/03/2020 12:53:27 PM - Inserir Historico EOUNI202002040AR
13/03/2020 12:53:27 PM - Insert with success EOUNI202002040AR
13/03/2020 12:53:40 PM - Inserir Historico IMARG202001021AR
13/03/2020 12:53:40 PM - Insert with success IMARG202001021AR
13/03/2020 12:53:51 PM - Inserir Historico EOARG202001037AR
13/03/2020 12:53:52 PM - Insert with success EOARG202001037AR
13/03/2020 12:54:03 PM - Inserir Historico EOARG202001033AR
13/03/2020 12:54:03 PM - Insert with success EOARG202001033AR
13/03/2020 12:54:14 PM - Inserir Historico EMARG202001190AR
13/03/2020 12:54:14 PM - Insert with success EMARG202001190AR
13/03/2020 12:54:25 PM - Inserir Historico EMARG202001125AR
13/03/2020 12:54:26 PM - Insert with success EMARG202001125AR
13/03/2020 12:54:41 PM - Inserir Historico IOARG202001011AR
13/03/2020 12:54:41 PM - Insert with success IOARG202001011AR
13/03/2020 12:54:54 PM - Inserir Historico EMARG202002236AR
13/03/2020 12:54:55 PM - Insert with success EMARG202002236AR
13/03/2020 12:55:08 PM - Inserir Historico EMARG202002132AR
13/03/2020 12:55:08 PM - Insert with success EMARG202002132AR
13/03/2020 12:55:19 PM - Inserir Historico EOARG202002249AR
13/03/2020 12:55:19 PM - Insert with success EOARG202002249AR
13/03/2020 12:55:29 PM - Inserir Historico EOARG202003006AR
13/03/2020 12:55:29 PM - Insert with success EOARG202003006AR
13/03/2020 12:55:42 PM - Inserir Historico IMARG202001048AR
13/03/2020 12:55:42 PM - Insert with success IMARG202001048AR
13/03/2020 12:55:54 PM - Inserir Historico EOARG202002054AR
13/03/2020 12:55:54 PM - Insert with success EOARG202002054AR
13/03/2020 12:56:04 PM - Inserir Historico EOARG202002194AR
13/03/2020 12:56:04 PM - Insert with success EOARG202002194AR
13/03/2020 12:56:15 PM - Inserir Historico EOUNI202002005AR
13/03/2020 12:56:15 PM - Insert with success EOUNI202002005AR
13/03/2020 12:56:25 PM - Inserir Historico IOARG202002004AR
13/03/2020 12:56:25 PM - Insert with success IOARG202002004AR
13/03/2020 12:56:36 PM - Inserir Historico EMARG202002180AR
13/03/2020 12:56:36 PM - Insert with success EMARG202002180AR
13/03/2020 12:56:50 PM - Inserir Historico EMARG202002165AR
13/03/2020 12:56:50 PM - Insert with success EMARG202002165AR
13/03/2020 12:57:04 PM - Inserir Historico EMARG202002206AR
13/03/2020 12:57:04 PM - Insert with success EMARG202002206AR
13/03/2020 12:57:15 PM - Inserir Historico EMARG202001071AR
13/03/2020 12:57:15 PM - Insert with success EMARG202001071AR
13/03/2020 12:57:27 PM - Inserir Historico EMARG202002024AR
13/03/2020 12:57:27 PM - Insert with success EMARG202002024AR
13/03/2020 12:57:39 PM - Inserir Historico IMCHP202001012AR
13/03/2020 12:57:39 PM - Insert with success IMCHP202001012AR
13/03/2020 12:57:54 PM - Inserir Historico IMARG202001089AR
13/03/2020 12:57:54 PM - Insert with success IMARG202001089AR
13/03/2020 12:58:05 PM - Inserir Historico EOARG202002125AR
13/03/2020 12:58:05 PM - Insert with success EOARG202002125AR
13/03/2020 12:58:16 PM - Inserir Historico EOARG202003007AR
13/03/2020 12:58:16 PM - Insert with success EOARG202003007AR
13/03/2020 12:58:30 PM - Inserir Historico IMARG202001088AR
13/03/2020 12:58:30 PM - Insert with success IMARG202001088AR
13/03/2020 12:58:42 PM - Inserir Historico IMARG202002011AR
13/03/2020 12:58:43 PM - Insert with success IMARG202002011AR
13/03/2020 12:58:54 PM - Inserir Historico EMARG202002029AR
13/03/2020 12:58:54 PM - Insert with success EMARG202002029AR
13/03/2020 12:59:04 PM - Inserir Historico EOARG202002129AR
13/03/2020 12:59:04 PM - Insert with success EOARG202002129AR
13/03/2020 12:59:15 PM - Inserir Historico EOARG202002059AR
13/03/2020 12:59:15 PM - Insert with success EOARG202002059AR
13/03/2020 12:59:26 PM - Inserir Historico EMARG202002093AR
13/03/2020 12:59:26 PM - Insert with success EMARG202002093AR
13/03/2020 12:59:36 PM - Inserir Historico EOARG202003014AR
13/03/2020 12:59:37 PM - Insert with success EOARG202003014AR
13/03/2020 12:59:49 PM - Inserir Historico IMROA202001058AR
13/03/2020 12:59:49 PM - Insert with success IMROA202001058AR
13/03/2020 1:00:04 PM - Inserir Historico IMARG202003027AR
13/03/2020 1:00:04 PM - Insert with success IMARG202003027AR
13/03/2020 1:00:17 PM - Inserir Historico EOARG202002234AR
13/03/2020 1:00:17 PM - Insert with success EOARG202002234AR
13/03/2020 1:00:29 PM - Inserir Historico EOARG202003011AR
13/03/2020 1:00:30 PM - Insert with success EOARG202003011AR
13/03/2020 1:00:44 PM - Inserir Historico EOARG202001148AR
13/03/2020 1:00:44 PM - Insert with success EOARG202001148AR
13/03/2020 1:00:54 PM - Inserir Historico IAROA202001001AR
13/03/2020 1:00:55 PM - Insert with success IAROA202001001AR
13/03/2020 1:01:10 PM - Inserir Historico EMARG202002221AR
13/03/2020 1:01:11 PM - Insert with success EMARG202002221AR
13/03/2020 1:01:25 PM - Inserir Historico EOARG202002071AR
13/03/2020 1:01:26 PM - Insert with success EOARG202002071AR
13/03/2020 1:01:43 PM - Inserir Historico IMARG201912070AR
13/03/2020 1:01:43 PM - Insert with success IMARG201912070AR
13/03/2020 1:02:08 PM - Inserir Historico EMARG202002301AR
13/03/2020 1:02:08 PM - Insert with success EMARG202002301AR
13/03/2020 1:02:23 PM - Inserir Historico EOARG202001208AR
13/03/2020 1:02:23 PM - Insert with success EOARG202001208AR
13/03/2020 1:02:38 PM - Inserir Historico EOARG202002238AR
13/03/2020 1:02:38 PM - Insert with success EOARG202002238AR
13/03/2020 1:02:53 PM - Inserir Historico EMUNI202002002AR
13/03/2020 1:02:53 PM - Insert with success EMUNI202002002AR
13/03/2020 1:03:09 PM - Inserir Historico EMARG202001344AR
13/03/2020 1:03:09 PM - Insert with success EMARG202001344AR
13/03/2020 1:03:24 PM - Inserir Historico EOARG202001212AR
13/03/2020 1:03:24 PM - Insert with success EOARG202001212AR
13/03/2020 1:03:43 PM - Inserir Historico IMARG202001042AR
13/03/2020 1:03:44 PM - Insert with success IMARG202001042AR
13/03/2020 1:04:00 PM - Inserir Historico EMARG202002020AR
13/03/2020 1:04:00 PM - Insert with success EMARG202002020AR
13/03/2020 1:04:14 PM - Inserir Historico EOUNI202002015AR
13/03/2020 1:04:14 PM - Insert with success EOUNI202002015AR
13/03/2020 1:04:31 PM - Inserir Historico EMARG202002088AR
13/03/2020 1:04:31 PM - Insert with success EMARG202002088AR
13/03/2020 1:04:47 PM - Inserir Historico EMARG202002091AR
13/03/2020 1:04:47 PM - Insert with success EMARG202002091AR
13/03/2020 1:05:06 PM - Inserir Historico EMARG202002153AR
13/03/2020 1:05:07 PM - Insert with success EMARG202002153AR
13/03/2020 1:05:24 PM - Inserir Historico IMARG202001027AR
13/03/2020 1:05:24 PM - Insert with success IMARG202001027AR
13/03/2020 1:05:39 PM - Inserir Historico EMARG202001129AR
13/03/2020 1:05:39 PM - Insert with success EMARG202001129AR
13/03/2020 1:05:56 PM - Inserir Historico IMARG202002004AR
13/03/2020 1:05:56 PM - Insert with success IMARG202002004AR
13/03/2020 1:06:11 PM - Inserir Historico EMARG202001171AR
13/03/2020 1:06:12 PM - Insert with success EMARG202001171AR
13/03/2020 1:06:27 PM - Inserir Historico EMARG202001163AR
13/03/2020 1:06:27 PM - Insert with success EMARG202001163AR
13/03/2020 1:06:41 PM - Inserir Historico EOARG202001107AR
13/03/2020 1:06:41 PM - Insert with success EOARG202001107AR
13/03/2020 1:06:57 PM - Inserir Historico IMPME202002004AR
13/03/2020 1:06:57 PM - Insert with success IMPME202002004AR
13/03/2020 1:07:17 PM - Inserir Historico EMARG202002007AR
13/03/2020 1:07:17 PM - Insert with success EMARG202002007AR
13/03/2020 1:07:30 PM - Inserir Historico EOARG202002143AR
13/03/2020 1:07:30 PM - Insert with success EOARG202002143AR
13/03/2020 1:07:52 PM - Inserir Historico EMARG202002299AR
13/03/2020 1:07:52 PM - Insert with success EMARG202002299AR
13/03/2020 1:08:06 PM - Inserir Historico EMARG202002208AR
13/03/2020 1:08:06 PM - Insert with success EMARG202002208AR
13/03/2020 1:08:23 PM - Inserir Historico IAARG202002008AR
13/03/2020 1:08:23 PM - Insert with success IAARG202002008AR
13/03/2020 1:08:34 PM - Inserir Historico EOUNI202002008AR
13/03/2020 1:08:34 PM - Insert with success EOUNI202002008AR
13/03/2020 1:08:48 PM - Inserir Historico EMARG202002174AR
13/03/2020 1:08:48 PM - Insert with success EMARG202002174AR
13/03/2020 1:08:58 PM - Inserir Historico EOUNI202003006AR
13/03/2020 1:08:58 PM - Insert with success EOUNI202003006AR
13/03/2020 1:09:09 PM - Inserir Historico EOARG202001215AR
13/03/2020 1:09:09 PM - Insert with success EOARG202001215AR
13/03/2020 1:09:24 PM - Inserir Historico IMARG202002013AR
13/03/2020 1:09:24 PM - Insert with success IMARG202002013AR
13/03/2020 1:09:34 PM - Inserir Historico EOARG202002065AR
13/03/2020 1:09:35 PM - Insert with success EOARG202002065AR
13/03/2020 1:09:45 PM - Inserir Historico EMARG202001209AR
13/03/2020 1:09:46 PM - Insert with success EMARG202001209AR
13/03/2020 1:09:57 PM - Inserir Historico EMARG202001054AR
13/03/2020 1:09:57 PM - Insert with success EMARG202001054AR
13/03/2020 1:10:09 PM - Inserir Historico IOARG202002010AR
13/03/2020 1:10:09 PM - Insert with success IOARG202002010AR
13/03/2020 1:10:23 PM - Inserir Historico IMARG202001053AR
13/03/2020 1:10:23 PM - Insert with success IMARG202001053AR
13/03/2020 1:10:37 PM - Inserir Historico EMARG202002023AR
13/03/2020 1:10:37 PM - Insert with success EMARG202002023AR
13/03/2020 1:10:49 PM - Inserir Historico IMPME202002002AR
13/03/2020 1:10:49 PM - Insert with success IMPME202002002AR
13/03/2020 1:11:01 PM - Inserir Historico EMARG202002046AR
13/03/2020 1:11:01 PM - Insert with success EMARG202002046AR
13/03/2020 1:11:12 PM - Inserir Historico EOARG202001197AR
13/03/2020 1:11:12 PM - Insert with success EOARG202001197AR
13/03/2020 1:11:23 PM - Inserir Historico EOARG202001250AR
13/03/2020 1:11:23 PM - Insert with success EOARG202001250AR
13/03/2020 1:11:33 PM - Inserir Historico EOARG202002080AR
13/03/2020 1:11:33 PM - Insert with success EOARG202002080AR
13/03/2020 1:11:43 PM - Inserir Historico EOARG202002116AR
13/03/2020 1:11:44 PM - Insert with success EOARG202002116AR
13/03/2020 1:11:58 PM - Inserir Historico EMARG202002061AR
13/03/2020 1:11:59 PM - Insert with success EMARG202002061AR
13/03/2020 1:12:09 PM - Inserir Historico EOARG202002144AR
13/03/2020 1:12:09 PM - Insert with success EOARG202002144AR
13/03/2020 1:12:21 PM - Inserir Historico IMARG202001138AR
13/03/2020 1:12:22 PM - Insert with success IMARG202001138AR
13/03/2020 1:12:31 PM - Inserir Historico IAARG202001005AR
13/03/2020 1:12:31 PM - Insert with success IAARG202001005AR
13/03/2020 1:12:41 PM - Inserir Historico EOARG202001019AR
13/03/2020 1:12:42 PM - Insert with success EOARG202001019AR
13/03/2020 1:12:53 PM - Inserir Historico EMARG202002106AR
13/03/2020 1:12:53 PM - Insert with success EMARG202002106AR
13/03/2020 1:13:03 PM - Inserir Historico EOARG202002074AR
13/03/2020 1:13:03 PM - Insert with success EOARG202002074AR
13/03/2020 1:13:13 PM - Inserir Historico EOUNI202002004AR
13/03/2020 1:13:13 PM - Insert with success EOUNI202002004AR
13/03/2020 1:13:27 PM - Inserir Historico EMARG202002064AR
13/03/2020 1:13:27 PM - Insert with success EMARG202002064AR
13/03/2020 1:13:36 PM - Inserir Historico IMARG201912096AR
13/03/2020 1:13:36 PM - Insert with success IMARG201912096AR
13/03/2020 1:13:48 PM - Inserir Historico IMARG202001073AR
13/03/2020 1:13:49 PM - Insert with success IMARG202001073AR
13/03/2020 1:14:02 PM - Inserir Historico EMARG202002229AR
13/03/2020 1:14:03 PM - Insert with success EMARG202002229AR
13/03/2020 1:14:13 PM - Inserir Historico EOARG202001062AR
13/03/2020 1:14:13 PM - Insert with success EOARG202001062AR
13/03/2020 1:14:24 PM - Inserir Historico EMARG202001182AR
13/03/2020 1:14:24 PM - Insert with success EMARG202001182AR
13/03/2020 1:14:35 PM - Inserir Historico EMARG202001251AR
13/03/2020 1:14:35 PM - Insert with success EMARG202001251AR
13/03/2020 1:14:48 PM - Inserir Historico IMARG202001110AR
13/03/2020 1:14:48 PM - Insert with success IMARG202001110AR
13/03/2020 1:15:00 PM - Inserir Historico EMARG202003040AR
13/03/2020 1:15:00 PM - Insert with success EMARG202003040AR
13/03/2020 1:15:11 PM - Inserir Historico EOARG202003042AR
13/03/2020 1:15:11 PM - Insert with success EOARG202003042AR
13/03/2020 1:15:23 PM - Inserir Historico IMARG202001083AR
13/03/2020 1:15:23 PM - Insert with success IMARG202001083AR
13/03/2020 1:15:37 PM - Inserir Historico EMARG202002136AR
13/03/2020 1:15:37 PM - Insert with success EMARG202002136AR
13/03/2020 1:15:48 PM - Inserir Historico EMARG202001084AR
13/03/2020 1:15:49 PM - Insert with success EMARG202001084AR
13/03/2020 1:16:01 PM - Inserir Historico IMROA202001009AR
13/03/2020 1:16:01 PM - Insert with success IMROA202001009AR
13/03/2020 1:16:13 PM - Inserir Historico IOARG202002001AR
13/03/2020 1:16:13 PM - Insert with success IOARG202002001AR
13/03/2020 1:16:24 PM - Inserir Historico EOCHP202002001AR
13/03/2020 1:16:24 PM - Insert with success EOCHP202002001AR
13/03/2020 1:16:37 PM - Inserir Historico IMARG202001070AR
13/03/2020 1:16:37 PM - Insert with success IMARG202001070AR
13/03/2020 1:16:49 PM - Inserir Historico IMROA202002024AR
13/03/2020 1:16:49 PM - Insert with success IMROA202002024AR
13/03/2020 1:17:00 PM - Inserir Historico EMARG202001275AR
13/03/2020 1:17:01 PM - Insert with success EMARG202001275AR
13/03/2020 1:17:11 PM - Inserir Historico EOARG202001133AR
13/03/2020 1:17:11 PM - Insert with success EOARG202001133AR
13/03/2020 1:17:21 PM - Inserir Historico EOARG202001142AR
13/03/2020 1:17:22 PM - Insert with success EOARG202001142AR
13/03/2020 1:17:35 PM - Inserir Historico IMARG202001112AR
13/03/2020 1:17:36 PM - Insert with success IMARG202001112AR
13/03/2020 1:17:46 PM - Inserir Historico IAARG202002001AR
13/03/2020 1:17:46 PM - Insert with success IAARG202002001AR
13/03/2020 1:17:58 PM - Inserir Historico IMARG202001167AR
13/03/2020 1:17:58 PM - Insert with success IMARG202001167AR
13/03/2020 1:18:12 PM - Inserir Historico EMARG202002013AR
13/03/2020 1:18:12 PM - Insert with success EMARG202002013AR
13/03/2020 1:18:24 PM - Inserir Historico EMARG202003061AR
13/03/2020 1:18:24 PM - Insert with success EMARG202003061AR
13/03/2020 1:18:35 PM - Inserir Historico EOARG202003054AR
13/03/2020 1:18:35 PM - Insert with success EOARG202003054AR
13/03/2020 1:18:47 PM - Inserir Historico IMARG202001056AR
13/03/2020 1:18:47 PM - Insert with success IMARG202001056AR
13/03/2020 1:18:58 PM - Inserir Historico EOARG202001232AR
13/03/2020 1:18:58 PM - Insert with success EOARG202001232AR
13/03/2020 1:19:09 PM - Inserir Historico EMARG202002145AR
13/03/2020 1:19:09 PM - Insert with success EMARG202002145AR
13/03/2020 1:19:23 PM - Inserir Historico EMARG202002126AR
13/03/2020 1:19:23 PM - Insert with success EMARG202002126AR
13/03/2020 1:19:33 PM - Inserir Historico EOARG202002055AR
13/03/2020 1:19:34 PM - Insert with success EOARG202002055AR
13/03/2020 1:19:44 PM - Inserir Historico EOARG202002195AR
13/03/2020 1:19:44 PM - Insert with success EOARG202002195AR
13/03/2020 1:19:56 PM - Inserir Historico IMARG202002076AR
13/03/2020 1:19:56 PM - Insert with success IMARG202002076AR
13/03/2020 1:20:10 PM - Inserir Historico EMARG202002250AR
13/03/2020 1:20:11 PM - Insert with success EMARG202002250AR
13/03/2020 1:20:21 PM - Inserir Historico EOARG202002184AR
13/03/2020 1:20:21 PM - Insert with success EOARG202002184AR
13/03/2020 1:20:34 PM - Inserir Historico IMROA201912004AR
13/03/2020 1:20:34 PM - Insert with success IMROA201912004AR
13/03/2020 1:20:44 PM - Inserir Historico EOARG202001121AR
13/03/2020 1:20:44 PM - Insert with success EOARG202001121AR
13/03/2020 1:20:58 PM - Inserir Historico EMARG202002074AR
13/03/2020 1:20:58 PM - Insert with success EMARG202002074AR
13/03/2020 1:21:10 PM - Inserir Historico IMARG202002086AR
13/03/2020 1:21:10 PM - Insert with success IMARG202002086AR
13/03/2020 1:21:22 PM - Inserir Historico EMARG202001181AR
13/03/2020 1:21:22 PM - Insert with success EMARG202001181AR
13/03/2020 1:21:32 PM - Inserir Historico EOARG202002245AR
13/03/2020 1:21:32 PM - Insert with success EOARG202002245AR
13/03/2020 1:21:43 PM - Inserir Historico EMARG202001273AR
13/03/2020 1:21:43 PM - Insert with success EMARG202001273AR
13/03/2020 1:21:55 PM - Inserir Historico EMARG202001298AR
13/03/2020 1:21:55 PM - Insert with success EMARG202001298AR
13/03/2020 1:22:08 PM - Inserir Historico IMARG202001125AR
13/03/2020 1:22:08 PM - Insert with success IMARG202001125AR
13/03/2020 1:22:22 PM - Inserir Historico EMARG202001332AR
13/03/2020 1:22:22 PM - Insert with success EMARG202001332AR
13/03/2020 1:22:33 PM - Inserir Historico EMARG202001179AR
13/03/2020 1:22:33 PM - Insert with success EMARG202001179AR
13/03/2020 1:22:44 PM - Inserir Historico EMARG202001324AR
13/03/2020 1:22:45 PM - Insert with success EMARG202001324AR
13/03/2020 1:22:55 PM - Inserir Historico EOARG202003065AR
13/03/2020 1:22:55 PM - Insert with success EOARG202003065AR
13/03/2020 1:23:09 PM - Inserir Historico IMARG202002071AR
13/03/2020 1:23:09 PM - Insert with success IMARG202002071AR
13/03/2020 1:23:20 PM - Inserir Historico EOARG202003068AR
13/03/2020 1:23:20 PM - Insert with success EOARG202003068AR
13/03/2020 1:23:33 PM - Inserir Historico IMARG202002026AR
13/03/2020 1:23:33 PM - Insert with success IMARG202002026AR
13/03/2020 1:23:44 PM - Inserir Historico EOARG202001006AR
13/03/2020 1:23:44 PM - Insert with success EOARG202001006AR
13/03/2020 1:23:54 PM - Inserir Historico EOUNI202002026AR
13/03/2020 1:23:54 PM - Insert with success EOUNI202002026AR
13/03/2020 1:24:05 PM - Inserir Historico EMARG202001328AR
13/03/2020 1:24:05 PM - Insert with success EMARG202001328AR
13/03/2020 1:24:19 PM - Inserir Historico IMARG202002005AR
13/03/2020 1:24:20 PM - Insert with success IMARG202002005AR
13/03/2020 1:24:33 PM - Inserir Historico EMARG202003067AR
13/03/2020 1:24:33 PM - Insert with success EMARG202003067AR
13/03/2020 1:24:43 PM - Inserir Historico EOARG202002066AR
13/03/2020 1:24:43 PM - Insert with success EOARG202002066AR
13/03/2020 1:24:56 PM - Inserir Historico IMARG202001106AR
13/03/2020 1:24:56 PM - Insert with success IMARG202001106AR
13/03/2020 1:25:08 PM - Inserir Historico IMROA202001023AR
13/03/2020 1:25:08 PM - Insert with success IMROA202001023AR
13/03/2020 1:25:22 PM - Inserir Historico IMARG202001024AR
13/03/2020 1:25:22 PM - Insert with success IMARG202001024AR
13/03/2020 1:25:33 PM - Inserir Historico EOARG202002164AR
13/03/2020 1:25:33 PM - Insert with success EOARG202002164AR
13/03/2020 1:25:43 PM - Inserir Historico EOUNI202001037AR
13/03/2020 1:25:43 PM - Insert with success EOUNI202001037AR
13/03/2020 1:25:53 PM - Inserir Historico EOUNI202002007AR
13/03/2020 1:25:53 PM - Insert with success EOUNI202002007AR
13/03/2020 1:26:04 PM - Inserir Historico EMARG202001343AR
13/03/2020 1:26:04 PM - Insert with success EMARG202001343AR
13/03/2020 1:26:14 PM - Inserir Historico IAARG202001004AR
13/03/2020 1:26:14 PM - Insert with success IAARG202001004AR
13/03/2020 1:26:25 PM - Inserir Historico EOARG202002207AR
13/03/2020 1:26:25 PM - Insert with success EOARG202002207AR
13/03/2020 1:26:36 PM - Inserir Historico EMARG202001340AR
13/03/2020 1:26:36 PM - Insert with success EMARG202001340AR
13/03/2020 1:26:47 PM - Inserir Historico EMARG202001212AR
13/03/2020 1:26:47 PM - Insert with success EMARG202001212AR
13/03/2020 1:27:00 PM - Inserir Historico EMARG202002270AR
13/03/2020 1:27:01 PM - Insert with success EMARG202002270AR
13/03/2020 1:27:14 PM - Inserir Historico EMARG202002054AR
13/03/2020 1:27:14 PM - Insert with success EMARG202002054AR
13/03/2020 1:27:26 PM - Inserir Historico IMROA202001002AR
13/03/2020 1:27:26 PM - Insert with success IMROA202001002AR
13/03/2020 1:27:37 PM - Inserir Historico EOARG202002037AR
13/03/2020 1:27:37 PM - Insert with success EOARG202002037AR
13/03/2020 1:27:47 PM - Inserir Historico EOARG202001159AR
13/03/2020 1:27:47 PM - Insert with success EOARG202001159AR
13/03/2020 1:27:58 PM - Inserir Historico EOARG202001220AR
13/03/2020 1:27:58 PM - Insert with success EOARG202001220AR
13/03/2020 1:28:11 PM - Inserir Historico EMARG202002087AR
13/03/2020 1:28:11 PM - Insert with success EMARG202002087AR
13/03/2020 1:28:22 PM - Inserir Historico EMARG201912240AR
13/03/2020 1:28:22 PM - Insert with success EMARG201912240AR
13/03/2020 1:28:33 PM - Inserir Historico EMARG202002187AR
13/03/2020 1:28:34 PM - Insert with success EMARG202002187AR
13/03/2020 1:28:45 PM - Inserir Historico EMARG202001271AR
13/03/2020 1:28:45 PM - Insert with success EMARG202001271AR
13/03/2020 1:28:55 PM - Inserir Historico EOARG202001256AR
13/03/2020 1:28:55 PM - Insert with success EOARG202001256AR
13/03/2020 1:29:08 PM - Inserir Historico IMARG202002058AR
13/03/2020 1:29:08 PM - Insert with success IMARG202002058AR
13/03/2020 1:29:20 PM - Inserir Historico IMROA202001029AR
13/03/2020 1:29:20 PM - Insert with success IMROA202001029AR
13/03/2020 1:29:33 PM - Inserir Historico EMARG202002005AR
13/03/2020 1:29:34 PM - Insert with success EMARG202002005AR
13/03/2020 1:29:44 PM - Inserir Historico EOARG202002240AR
13/03/2020 1:29:44 PM - Insert with success EOARG202002240AR
13/03/2020 1:29:54 PM - Inserir Historico EOARG202002091AR
13/03/2020 1:29:54 PM - Insert with success EOARG202002091AR
13/03/2020 1:30:09 PM - Inserir Historico IMARG202002072AR
13/03/2020 1:30:09 PM - Insert with success IMARG202002072AR
13/03/2020 1:30:18 PM - Inserir Historico IOARG202002002AR
13/03/2020 1:30:19 PM - Insert with success IOARG202002002AR
13/03/2020 1:30:30 PM - Inserir Historico EMARG202002209AR
13/03/2020 1:30:30 PM - Insert with success EMARG202002209AR
13/03/2020 1:30:40 PM - Inserir Historico EOARG202001225AR
13/03/2020 1:30:40 PM - Insert with success EOARG202001225AR
13/03/2020 1:30:50 PM - Inserir Historico EOARG202002154AR
13/03/2020 1:30:51 PM - Insert with success EOARG202002154AR
13/03/2020 1:31:01 PM - Inserir Historico EOARG202001167AR
13/03/2020 1:31:01 PM - Insert with success EOARG202001167AR
13/03/2020 1:31:12 PM - Inserir Historico EMARG202001127AR
13/03/2020 1:31:12 PM - Insert with success EMARG202001127AR
13/03/2020 1:31:23 PM - Inserir Historico EMARG202001011AR
13/03/2020 1:31:24 PM - Insert with success EMARG202001011AR
13/03/2020 1:31:31 PM - Inserir Historico IAARG202003002AR
13/03/2020 1:31:31 PM - Insert with success IAARG202003002AR
13/03/2020 1:31:42 PM - Inserir Historico EMARG202001269AR
13/03/2020 1:31:42 PM - Insert with success EMARG202001269AR
13/03/2020 1:31:55 PM - Inserir Historico EMARG202002030AR
13/03/2020 1:31:55 PM - Insert with success EMARG202002030AR
13/03/2020 1:32:07 PM - Inserir Historico EOARG202002243AR
13/03/2020 1:32:07 PM - Insert with success EOARG202002243AR
13/03/2020 1:32:19 PM - Inserir Historico IMROA202002022AR
13/03/2020 1:32:19 PM - Insert with success IMROA202002022AR
13/03/2020 1:32:32 PM - Inserir Historico IMARG201912076AR
13/03/2020 1:32:32 PM - Insert with success IMARG201912076AR
13/03/2020 1:32:44 PM - Inserir Historico IMARG202001145AR
13/03/2020 1:32:44 PM - Insert with success IMARG202001145AR
13/03/2020 1:32:54 PM - Inserir Historico EOUNI201912008AR
13/03/2020 1:32:55 PM - Insert with success EOUNI201912008AR
13/03/2020 1:33:06 PM - Inserir Historico EMARG202001155AR
13/03/2020 1:33:06 PM - Insert with success EMARG202001155AR
13/03/2020 1:33:20 PM - Inserir Historico IMARG202001116AR
13/03/2020 1:33:20 PM - Insert with success IMARG202001116AR
13/03/2020 1:33:31 PM - Inserir Historico EOARG202001127AR
13/03/2020 1:33:31 PM - Insert with success EOARG202001127AR
13/03/2020 1:33:42 PM - Inserir Historico EMARG202001296AR
13/03/2020 1:33:42 PM - Insert with success EMARG202001296AR
13/03/2020 1:33:50 PM - Inserir Historico IOSOL202002001AR
13/03/2020 1:33:50 PM - Insert with success IOSOL202002001AR
13/03/2020 1:34:02 PM - Inserir Historico IMROA202001055AR
13/03/2020 1:34:02 PM - Insert with success IMROA202001055AR
13/03/2020 1:34:14 PM - Inserir Historico IMROA201910009AR
13/03/2020 1:34:14 PM - Insert with success IMROA201910009AR
13/03/2020 1:34:25 PM - Inserir Historico EMARG202003115AR
13/03/2020 1:34:25 PM - Insert with success EMARG202003115AR
13/03/2020 1:34:36 PM - Inserir Historico EMARG202003116AR
13/03/2020 1:34:36 PM - Insert with success EMARG202003116AR
13/03/2020 1:34:46 PM - Inserir Historico EMARG202003117AR
13/03/2020 1:34:47 PM - Insert with success EMARG202003117AR
13/03/2020 1:34:57 PM - Inserir Historico EMARG202003118AR
13/03/2020 1:34:57 PM - Insert with success EMARG202003118AR
13/03/2020 1:35:08 PM - Inserir Historico EMARG202003119AR
13/03/2020 1:35:08 PM - Insert with success EMARG202003119AR
13/03/2020 1:35:19 PM - Inserir Historico EMARG202003120AR
13/03/2020 1:35:19 PM - Insert with success EMARG202003120AR
13/03/2020 1:35:30 PM - Inserir Historico EMARG202003121AR
13/03/2020 1:35:30 PM - Insert with success EMARG202003121AR
13/03/2020 1:35:40 PM - Inserir Historico EMARG202003122AR
13/03/2020 1:35:41 PM - Insert with success EMARG202003122AR
13/03/2020 1:35:51 PM - Inserir Historico EMARG202003123AR
13/03/2020 1:35:51 PM - Insert with success EMARG202003123AR
13/03/2020 1:36:02 PM - Inserir Historico EMARG202003124AR
13/03/2020 1:36:02 PM - Insert with success EMARG202003124AR
13/03/2020 1:36:13 PM - Inserir Historico EMARG202003125AR
13/03/2020 1:36:13 PM - Insert with success EMARG202003125AR
13/03/2020 1:36:24 PM - Inserir Historico EMARG202003126AR
13/03/2020 1:36:24 PM - Insert with success EMARG202003126AR
13/03/2020 1:36:34 PM - Inserir Historico EMARG202003127AR
13/03/2020 1:36:35 PM - Insert with success EMARG202003127AR
13/03/2020 1:36:45 PM - Inserir Historico EOARG202003090AR
13/03/2020 1:36:45 PM - Insert with success EOARG202003090AR
13/03/2020 1:36:55 PM - Inserir Historico EOARG202003074AR
13/03/2020 1:36:55 PM - Insert with success EOARG202003074AR
13/03/2020 1:37:09 PM - Inserir Historico IMARG202003059AR
13/03/2020 1:37:09 PM - Insert with success IMARG202003059AR
13/03/2020 1:37:23 PM - Inserir Historico IMARG202003058AR
13/03/2020 1:37:24 PM - Insert with success IMARG202003058AR
13/03/2020 1:37:33 PM - Inserir Historico IMFLT202002099AR
13/03/2020 1:37:34 PM - Insert with success IMFLT202002099AR
13/03/2020 1:37:43 PM - Inserir Historico IMFLT202002097AR
13/03/2020 1:37:43 PM - Insert with success IMFLT202002097AR
13/03/2020 1:37:53 PM - Inserir Historico EOROA202003004AR
13/03/2020 1:37:53 PM - Insert with success EOROA202003004AR
13/03/2020 1:38:02 PM - Inserir Historico EMARG202003128AR
13/03/2020 1:38:02 PM - Insert with success EMARG202003128AR
13/03/2020 1:38:11 PM - Inserir Historico EOROA202003005AR
13/03/2020 1:38:12 PM - Insert with success EOROA202003005AR
13/03/2020 1:38:22 PM - Inserir Historico EOROA202003006AR
13/03/2020 1:38:22 PM - Insert with success EOROA202003006AR
13/03/2020 1:38:33 PM - Inserir Historico IMARG202003069AR
13/03/2020 1:38:33 PM - Insert with success IMARG202003069AR
13/03/2020 1:38:45 PM - Inserir Historico IMROA202003023AR
13/03/2020 1:38:45 PM - Insert with success IMROA202003023AR
13/03/2020 1:38:55 PM - Inserir Historico EOARG202003091AR
13/03/2020 1:38:55 PM - Insert with success EOARG202003091AR
13/03/2020 1:39:04 PM - Inserir Historico EMFLT202002022AR
13/03/2020 1:39:04 PM - Insert with success EMFLT202002022AR
13/03/2020 1:39:15 PM - Inserir Historico IMROA202003024AR
13/03/2020 1:39:15 PM - Insert with success IMROA202003024AR
13/03/2020 1:39:22 PM - Inserir Historico EMFLT202002018AR
13/03/2020 1:39:22 PM - Insert with success EMFLT202002018AR
13/03/2020 1:39:34 PM - Inserir Historico IMROA202003025AR
13/03/2020 1:39:34 PM - Insert with success IMROA202003025AR
13/03/2020 1:39:44 PM - Inserir Historico EOUNI202003019AR
13/03/2020 1:39:44 PM - Insert with success EOUNI202003019AR
13/03/2020 1:39:55 PM - Inserir Historico IMROA202003026AR
13/03/2020 1:39:55 PM - Insert with success IMROA202003026AR
13/03/2020 1:40:07 PM - Inserir Historico IMROA202003027AR
13/03/2020 1:40:07 PM - Insert with success IMROA202003027AR
13/03/2020 1:40:18 PM - Inserir Historico IMROA202003028AR
13/03/2020 1:40:19 PM - Insert with success IMROA202003028AR
13/03/2020 1:40:26 PM - Inserir Historico IMFLT202002065AR
13/03/2020 1:40:26 PM - Insert with success IMFLT202002065AR
13/03/2020 1:40:33 PM - Inserir Historico IMFLT202002069AR
13/03/2020 1:40:33 PM - Insert with success IMFLT202002069AR
13/03/2020 1:40:43 PM - Inserir Historico EOARG202003092AR
13/03/2020 1:40:43 PM - Insert with success EOARG202003092AR
13/03/2020 1:40:53 PM - Inserir Historico EOUNI202003020AR
13/03/2020 1:40:53 PM - Insert with success EOUNI202003020AR
13/03/2020 1:40:59 PM - Inserir Historico IMFLT202002066AR
13/03/2020 1:41:00 PM - Insert with success IMFLT202002066AR
13/03/2020 1:41:11 PM - Inserir Historico EMARG201912121AR
13/03/2020 1:41:11 PM - Insert with success EMARG201912121AR
13/03/2020 1:41:21 PM - Inserir Historico EMARG202003111AR
13/03/2020 1:41:22 PM - Insert with success EMARG202003111AR
13/03/2020 1:41:28 PM - Inserir Historico IMFLT202002101AR
13/03/2020 1:41:28 PM - Insert with success IMFLT202002101AR
13/03/2020 1:41:40 PM - Inserir Historico IMARG202003046AR
13/03/2020 1:41:40 PM - Insert with success IMARG202003046AR
13/03/2020 1:41:49 PM - Inserir Historico EMVTP202003001AR
13/03/2020 1:41:49 PM - Insert with success EMVTP202003001AR
13/03/2020 1:41:56 PM - Inserir Historico EMFLT202002026AR
13/03/2020 1:41:56 PM - Insert with success EMFLT202002026AR
13/03/2020 1:42:07 PM - Inserir Historico IMFLT202002082AR
13/03/2020 1:42:07 PM - Insert with success IMFLT202002082AR
13/03/2020 1:42:19 PM - Inserir Historico IMARG202003033AR
13/03/2020 1:42:20 PM - Insert with success IMARG202003033AR
13/03/2020 1:42:32 PM - Inserir Historico IMARG202003032AR
13/03/2020 1:42:32 PM - Insert with success IMARG202003032AR
13/03/2020 1:42:44 PM - Inserir Historico IMARG202002089AR
13/03/2020 1:42:44 PM - Insert with success IMARG202002089AR
13/03/2020 1:42:56 PM - Inserir Historico IMARG202002075AR
13/03/2020 1:42:57 PM - Insert with success IMARG202002075AR
13/03/2020 1:43:10 PM - Inserir Historico IMARG202002091AR
13/03/2020 1:43:10 PM - Insert with success IMARG202002091AR
13/03/2020 1:43:22 PM - Inserir Historico IMARG202002060AR
13/03/2020 1:43:23 PM - Insert with success IMARG202002060AR
13/03/2020 1:43:35 PM - Inserir Historico IMARG201912072AR
13/03/2020 1:43:35 PM - Insert with success IMARG201912072AR
13/03/2020 1:43:45 PM - Inserir Historico EOUNI202003021AR
13/03/2020 1:43:45 PM - Insert with success EOUNI202003021AR
13/03/2020 1:43:51 PM - Inserir Historico IMFLT202003005AR
13/03/2020 1:43:52 PM - Insert with success IMFLT202003005AR
13/03/2020 1:43:58 PM - Inserir Historico IMFLT202003004AR
13/03/2020 1:43:58 PM - Insert with success IMFLT202003004AR
13/03/2020 1:44:10 PM - Inserir Historico IMROA202001066AR
13/03/2020 1:44:10 PM - Insert with success IMROA202001066AR
13/03/2020 1:44:22 PM - Inserir Historico IMROA202002034AR
13/03/2020 1:44:22 PM - Insert with success IMROA202002034AR
13/03/2020 1:44:32 PM - Inserir Historico EOUNI202003022AR
13/03/2020 1:44:32 PM - Insert with success EOUNI202003022AR
13/03/2020 1:44:44 PM - Inserir Historico IMROA202002033AR
13/03/2020 1:44:45 PM - Insert with success IMROA202002033AR
13/03/2020 1:44:54 PM - Inserir Historico EOARG202003067AR
13/03/2020 1:44:54 PM - Insert with success EOARG202003067AR
13/03/2020 1:45:01 PM - Inserir Historico IMFLT202003021AR
13/03/2020 1:45:01 PM - Insert with success IMFLT202003021AR
13/03/2020 1:45:08 PM - Inserir Historico IMFLT202003020AR
13/03/2020 1:45:08 PM - Insert with success IMFLT202003020AR
13/03/2020 1:45:14 PM - Inserir Historico IMFLT202003019AR
13/03/2020 1:45:14 PM - Insert with success IMFLT202003019AR
13/03/2020 1:45:21 PM - Inserir Historico IMARG202003070AR
13/03/2020 1:45:21 PM - Insert with success IMARG202003070AR
13/03/2020 1:45:33 PM - Inserir Historico IMARG201911083AR
13/03/2020 1:45:33 PM - Insert with success IMARG201911083AR
13/03/2020 1:45:42 PM - Inserir Historico IMFLT202002003AR
13/03/2020 1:45:42 PM - Insert with success IMFLT202002003AR
13/03/2020 1:45:48 PM - Inserir Historico IMFLT201911004AR
13/03/2020 1:45:48 PM - Insert with success IMFLT201911004AR
13/03/2020 1:45:55 PM - Inserir Historico IMFLT201911005AR
13/03/2020 1:45:55 PM - Insert with success IMFLT201911005AR
13/03/2020 1:46:05 PM - Inserir Historico EOARG202003093AR
13/03/2020 1:46:05 PM - Insert with success EOARG202003093AR
13/03/2020 1:46:15 PM - Inserir Historico EOARG202003094AR
13/03/2020 1:46:15 PM - Insert with success EOARG202003094AR
13/03/2020 1:46:26 PM - Inserir Historico EMARG202003129AR
13/03/2020 1:46:26 PM - Insert with success EMARG202003129AR
13/03/2020 1:46:38 PM - Inserir Historico IMARG202003071AR
13/03/2020 1:46:38 PM - Insert with success IMARG202003071AR
13/03/2020 1:46:45 PM - Inserir Historico IMFLT201911011AR
13/03/2020 1:46:45 PM - Insert with success IMFLT201911011AR
13/03/2020 1:46:52 PM - Inserir Historico IMFLT201911012AR
13/03/2020 1:46:52 PM - Insert with success IMFLT201911012AR
13/03/2020 1:47:00 PM - Inserir Historico IMFLT201911013AR
13/03/2020 1:47:00 PM - Insert with success IMFLT201911013AR
13/03/2020 1:47:07 PM - Inserir Historico IMFLT202002022AR
13/03/2020 1:47:07 PM - Insert with success IMFLT202002022AR
13/03/2020 1:47:13 PM - Inserir Historico IMFLT202002004AR
13/03/2020 1:47:13 PM - Insert with success IMFLT202002004AR
13/03/2020 1:47:20 PM - Inserir Historico IMFLT201911015AR
13/03/2020 1:47:20 PM - Insert with success IMFLT201911015AR
13/03/2020 1:47:32 PM - Inserir Historico IMCHP202002014AR
13/03/2020 1:47:32 PM - Insert with success IMCHP202002014AR
13/03/2020 1:47:44 PM - Inserir Historico IMCHP202003001AR
13/03/2020 1:47:44 PM - Insert with success IMCHP202003001AR
13/03/2020 1:47:51 PM - Inserir Historico IMFLT201911019AR
13/03/2020 1:47:51 PM - Insert with success IMFLT201911019AR
13/03/2020 1:48:03 PM - Inserir Historico IMCHP202003002AR
13/03/2020 1:48:03 PM - Insert with success IMCHP202003002AR
13/03/2020 1:48:15 PM - Inserir Historico IMCHP202002012AR
13/03/2020 1:48:15 PM - Insert with success IMCHP202002012AR
13/03/2020 1:48:26 PM - Inserir Historico IMCHP202003010AR
13/03/2020 1:48:27 PM - Insert with success IMCHP202003010AR
13/03/2020 1:48:37 PM - Inserir Historico EOARG201912199AR
13/03/2020 1:48:37 PM - Insert with success EOARG201912199AR
13/03/2020 1:48:43 PM - Inserir Historico IMFLT201911024AR
13/03/2020 1:48:44 PM - Insert with success IMFLT201911024AR
13/03/2020 1:48:50 PM - Inserir Historico IMFLT201912019AR
13/03/2020 1:48:50 PM - Insert with success IMFLT201912019AR
13/03/2020 1:48:57 PM - Inserir Historico IMFLT202001082AR
13/03/2020 1:48:57 PM - Insert with success IMFLT202001082AR
13/03/2020 1:49:03 PM - Inserir Historico IMFLT202001037AR
13/03/2020 1:49:03 PM - Insert with success IMFLT202001037AR
13/03/2020 1:49:10 PM - Inserir Historico IMFLT202001083AR
13/03/2020 1:49:10 PM - Insert with success IMFLT202001083AR
13/03/2020 1:49:16 PM - Inserir Historico IMFLT201912086AR
13/03/2020 1:49:17 PM - Insert with success IMFLT201912086AR
13/03/2020 1:49:25 PM - Inserir Historico IMFLT202002028AR
13/03/2020 1:49:25 PM - Insert with success IMFLT202002028AR
13/03/2020 1:49:31 PM - Inserir Historico IMFLT201911025AR
13/03/2020 1:49:32 PM - Insert with success IMFLT201911025AR
13/03/2020 1:49:41 PM - Inserir Historico IMFLT202002054AR
13/03/2020 1:49:41 PM - Insert with success IMFLT202002054AR
13/03/2020 1:49:51 PM - Inserir Historico IMFLT202002053AR
13/03/2020 1:49:51 PM - Insert with success IMFLT202002053AR
13/03/2020 1:49:57 PM - Inserir Historico IMFLT201912063AR
13/03/2020 1:49:57 PM - Insert with success IMFLT201912063AR
13/03/2020 1:50:09 PM - Inserir Historico IMCHP202003011AR
13/03/2020 1:50:10 PM - Insert with success IMCHP202003011AR
13/03/2020 1:50:22 PM - Inserir Historico IMARG202001065AR
13/03/2020 1:50:22 PM - Insert with success IMARG202001065AR
13/03/2020 1:50:28 PM - Inserir Historico IMFLT202001107AR
13/03/2020 1:50:28 PM - Insert with success IMFLT202001107AR
13/03/2020 1:50:35 PM - Inserir Historico IMFLT202001094AR
13/03/2020 1:50:35 PM - Insert with success IMFLT202001094AR
13/03/2020 1:50:49 PM - Inserir Historico IMARG202001127AR
13/03/2020 1:50:49 PM - Insert with success IMARG202001127AR
13/03/2020 1:50:59 PM - Inserir Historico IMFLT202001111AR
13/03/2020 1:50:59 PM - Insert with success IMFLT202001111AR
13/03/2020 1:51:08 PM - Inserir Historico IAARG202003003AR
13/03/2020 1:51:08 PM - Insert with success IAARG202003003AR
13/03/2020 1:51:17 PM - Inserir Historico IMFLT202003023AR
13/03/2020 1:51:17 PM - Insert with success IMFLT202003023AR
13/03/2020 1:51:27 PM - Inserir Historico EOARG202003095AR
13/03/2020 1:51:27 PM - Insert with success EOARG202003095AR
13/03/2020 1:51:37 PM - Inserir Historico EOARG202001204AR
13/03/2020 1:51:37 PM - Insert with success EOARG202001204AR
13/03/2020 1:51:48 PM - Inserir Historico EMARG202003109AR
13/03/2020 1:51:48 PM - Insert with success EMARG202003109AR
13/03/2020 1:52:06 PM - Inserir Historico IMROA202001051AR
13/03/2020 1:52:06 PM - Insert with success IMROA202001051AR
13/03/2020 1:52:17 PM - Inserir Historico EOARG202001168AR
13/03/2020 1:52:17 PM - Insert with success EOARG202001168AR
13/03/2020 1:52:26 PM - Inserir Historico IMBRN202002010AR
13/03/2020 1:52:26 PM - Insert with success IMBRN202002010AR
13/03/2020 1:52:38 PM - Inserir Historico IMSLT202001001AR
13/03/2020 1:52:38 PM - Insert with success IMSLT202001001AR
13/03/2020 1:52:51 PM - Inserir Historico IMSLT202002003AR
13/03/2020 1:52:51 PM - Insert with success IMSLT202002003AR
13/03/2020 1:52:59 PM - Inserir Historico IMBRN201911038AR
13/03/2020 1:52:59 PM - Insert with success IMBRN201911038AR
13/03/2020 1:53:11 PM - Inserir Historico IMBRN202001018AR
13/03/2020 1:53:11 PM - Insert with success IMBRN202001018AR
13/03/2020 1:53:21 PM - Inserir Historico EOARG202001170AR
13/03/2020 1:53:21 PM - Insert with success EOARG202001170AR
13/03/2020 1:53:37 PM - Inserir Historico IMBRN202001003AR
13/03/2020 1:53:37 PM - Insert with success IMBRN202001003AR
13/03/2020 1:53:46 PM - Inserir Historico IABRN202002002AR
13/03/2020 1:53:46 PM - Insert with success IABRN202002002AR
13/03/2020 1:53:58 PM - Inserir Historico IMARG202003072AR
13/03/2020 1:53:58 PM - Insert with success IMARG202003072AR
13/03/2020 1:54:10 PM - Inserir Historico IMARG202003073AR
13/03/2020 1:54:10 PM - Insert with success IMARG202003073AR
13/03/2020 1:54:20 PM - Inserir Historico EOARG202003096AR
13/03/2020 1:54:20 PM - Insert with success EOARG202003096AR
13/03/2020 1:54:32 PM - Inserir Historico IMROA202003029AR
13/03/2020 1:54:32 PM - Insert with success IMROA202003029AR
13/03/2020 1:54:42 PM - Inserir Historico EOARG202003097AR
13/03/2020 1:54:42 PM - Insert with success EOARG202003097AR
13/03/2020 1:54:53 PM - Inserir Historico IMROA202003030AR
13/03/2020 1:54:53 PM - Insert with success IMROA202003030AR
13/03/2020 1:55:03 PM - Inserir Historico EOARG202003098AR
13/03/2020 1:55:03 PM - Insert with success EOARG202003098AR
13/03/2020 1:55:13 PM - Inserir Historico EOARG202003099AR
13/03/2020 1:55:13 PM - Insert with success EOARG202003099AR
13/03/2020 1:55:25 PM - Inserir Historico IMARG202001153AR
13/03/2020 1:55:26 PM - Insert with success IMARG202001153AR
13/03/2020 1:55:35 PM - Inserir Historico EOARG202003100AR
13/03/2020 1:55:36 PM - Insert with success EOARG202003100AR
13/03/2020 1:55:48 PM - Inserir Historico IMARG202001066AR
13/03/2020 1:55:48 PM - Insert with success IMARG202001066AR
13/03/2020 1:55:58 PM - Inserir Historico EOARG202003101AR
13/03/2020 1:55:58 PM - Insert with success EOARG202003101AR
13/03/2020 1:56:08 PM - Inserir Historico EOARG202003102AR
13/03/2020 1:56:08 PM - Insert with success EOARG202003102AR
13/03/2020 1:56:18 PM - Inserir Historico EOARG202003103AR
13/03/2020 1:56:18 PM - Insert with success EOARG202003103AR
13/03/2020 1:56:30 PM - Inserir Historico EMARG202002019AR
13/03/2020 1:56:30 PM - Insert with success EMARG202002019AR
13/03/2020 1:56:39 PM - Inserir Historico IOAXA202003008AR
13/03/2020 1:56:39 PM - Insert with success IOAXA202003008AR
13/03/2020 1:56:49 PM - Inserir Historico EOARG202003104AR
13/03/2020 1:56:49 PM - Insert with success EOARG202003104AR
13/03/2020 1:57:00 PM - Inserir Historico EOARG202001228AR
13/03/2020 1:57:00 PM - Insert with success EOARG202001228AR
13/03/2020 1:57:10 PM - Inserir Historico EOARG202003105AR
13/03/2020 1:57:10 PM - Insert with success EOARG202003105AR
13/03/2020 1:57:23 PM - Inserir Historico IMNOV202002002AR
13/03/2020 1:57:24 PM - Insert with success IMNOV202002002AR
13/03/2020 1:57:36 PM - Inserir Historico IMROA202003002AR
13/03/2020 1:57:36 PM - Insert with success IMROA202003002AR
13/03/2020 1:57:48 PM - Inserir Historico IMROA202003003AR
13/03/2020 1:57:48 PM - Insert with success IMROA202003003AR
13/03/2020 1:57:56 PM - Inserir Historico EMFLT202003003AR
13/03/2020 1:57:56 PM - Insert with success EMFLT202003003AR
13/03/2020 1:58:07 PM - Inserir Historico EMARG202001283AR
13/03/2020 1:58:08 PM - Insert with success EMARG202001283AR
13/03/2020 1:58:13 PM - Inserir Historico IAFLT202003004AR
13/03/2020 1:58:13 PM - Insert with success IAFLT202003004AR
13/03/2020 1:58:23 PM - Inserir Historico IOSOL202002008AR
13/03/2020 1:58:23 PM - Insert with success IOSOL202002008AR
13/03/2020 1:58:32 PM - Inserir Historico IOSOL202002009AR
13/03/2020 1:58:32 PM - Insert with success IOSOL202002009AR
13/03/2020 1:58:43 PM - Inserir Historico EOARG202001141AR
13/03/2020 1:58:43 PM - Insert with success EOARG202001141AR
13/03/2020 1:58:53 PM - Inserir Historico EOARG202001139AR
13/03/2020 1:58:53 PM - Insert with success EOARG202001139AR
13/03/2020 1:59:03 PM - Inserir Historico EOARG202001138AR
13/03/2020 1:59:03 PM - Insert with success EOARG202001138AR
13/03/2020 1:59:14 PM - Inserir Historico EMARG202001201AR
13/03/2020 1:59:15 PM - Insert with success EMARG202001201AR
13/03/2020 1:59:24 PM - Inserir Historico EOARG202003075AR
13/03/2020 1:59:25 PM - Insert with success EOARG202003075AR
13/03/2020 1:59:36 PM - Inserir Historico EMARG202001262AR
13/03/2020 1:59:36 PM - Insert with success EMARG202001262AR
13/03/2020 1:59:47 PM - Inserir Historico EOARG202003076AR
13/03/2020 1:59:47 PM - Insert with success EOARG202003076AR
13/03/2020 2:00:00 PM - Inserir Historico IMARG202003074AR
13/03/2020 2:00:00 PM - Insert with success IMARG202003074AR
13/03/2020 2:00:14 PM - Inserir Historico EOARG202003058AR
13/03/2020 2:00:14 PM - Insert with success EOARG202003058AR
13/03/2020 2:00:26 PM - Inserir Historico EOROA202003002AR
13/03/2020 2:00:26 PM - Insert with success EOROA202003002AR
13/03/2020 2:00:40 PM - Inserir Historico EMARG202001202AR
13/03/2020 2:00:40 PM - Insert with success EMARG202001202AR
13/03/2020 2:00:55 PM - Inserir Historico IMARG202003075AR
13/03/2020 2:00:55 PM - Insert with success IMARG202003075AR
13/03/2020 2:01:05 PM - Inserir Historico IMFLT202001112AR
13/03/2020 2:01:05 PM - Insert with success IMFLT202001112AR
13/03/2020 2:01:14 PM - Inserir Historico IMFLT202003024AR
13/03/2020 2:01:15 PM - Insert with success IMFLT202003024AR
13/03/2020 2:01:26 PM - Inserir Historico IMFLT202001059AR
13/03/2020 2:01:27 PM - Insert with success IMFLT202001059AR
13/03/2020 2:01:37 PM - Inserir Historico IMFLT202002042AR
13/03/2020 2:01:37 PM - Insert with success IMFLT202002042AR
13/03/2020 2:01:50 PM - Inserir Historico EOUNI202003023AR
13/03/2020 2:01:50 PM - Insert with success EOUNI202003023AR
13/03/2020 2:02:03 PM - Inserir Historico EOUNI202003024AR
13/03/2020 2:02:03 PM - Insert with success EOUNI202003024AR
13/03/2020 2:02:19 PM - Inserir Historico IMAXA202002003AR
13/03/2020 2:02:19 PM - Insert with success IMAXA202002003AR
13/03/2020 2:02:35 PM - Inserir Historico IMAXA202002002AR
13/03/2020 2:02:36 PM - Insert with success IMAXA202002002AR
13/03/2020 2:02:48 PM - Inserir Historico IMFLT202001105AR
13/03/2020 2:02:48 PM - Insert with success IMFLT202001105AR
13/03/2020 2:03:19 PM - Inserir Historico IOGRH202001001AR
13/03/2020 2:03:19 PM - Insert with success IOGRH202001001AR
13/03/2020 2:03:29 PM - Inserir Historico IOAXA202003006AR
13/03/2020 2:03:29 PM - Insert with success IOAXA202003006AR
13/03/2020 2:03:40 PM - Inserir Historico IMFLT202003025AR
13/03/2020 2:03:41 PM - Insert with success IMFLT202003025AR
13/03/2020 2:03:54 PM - Inserir Historico IOCHP202001003AR
13/03/2020 2:03:54 PM - Insert with success IOCHP202001003AR
13/03/2020 2:04:02 PM - Inserir Historico IMAXA202003006AR
13/03/2020 2:04:02 PM - Insert with success IMAXA202003006AR
13/03/2020 2:04:15 PM - Inserir Historico EOUNI202003025AR
13/03/2020 2:04:15 PM - Insert with success EOUNI202003025AR
13/03/2020 2:04:37 PM - Inserir Historico EMARG202002189AR
13/03/2020 2:04:38 PM - Insert with success EMARG202002189AR
13/03/2020 2:04:52 PM - Inserir Historico EOARG202003061AR
13/03/2020 2:04:52 PM - Insert with success EOARG202003061AR
13/03/2020 2:05:06 PM - Inserir Historico EOARG202002229AR
13/03/2020 2:05:06 PM - Insert with success EOARG202002229AR
13/03/2020 2:05:29 PM - Inserir Historico EMARG202002199AR
13/03/2020 2:05:29 PM - Insert with success EMARG202002199AR
13/03/2020 2:05:43 PM - Inserir Historico EOARG202003018AR
13/03/2020 2:05:43 PM - Insert with success EOARG202003018AR
13/03/2020 2:05:56 PM - Inserir Historico EOARG202003060AR
13/03/2020 2:05:56 PM - Insert with success EOARG202003060AR
13/03/2020 2:06:10 PM - Inserir Historico EOUNI202003008AR
13/03/2020 2:06:11 PM - Insert with success EOUNI202003008AR
13/03/2020 2:06:24 PM - Inserir Historico EOARG202003059AR
13/03/2020 2:06:24 PM - Insert with success EOARG202003059AR
13/03/2020 2:06:38 PM - Inserir Historico EOARG202002248AR
13/03/2020 2:06:38 PM - Insert with success EOARG202002248AR
13/03/2020 2:06:56 PM - Inserir Historico EMARG202002260AR
13/03/2020 2:06:56 PM - Insert with success EMARG202002260AR
13/03/2020 2:07:19 PM - Inserir Historico EMARG202003010AR
13/03/2020 2:07:19 PM - Insert with success EMARG202003010AR
13/03/2020 2:07:33 PM - Inserir Historico EOARG202001173AR
13/03/2020 2:07:33 PM - Insert with success EOARG202001173AR
13/03/2020 2:07:45 PM - Inserir Historico IMVTP201911003AR
13/03/2020 2:07:45 PM - Insert with success IMVTP201911003AR
13/03/2020 2:08:06 PM - Inserir Historico EMARG202003009AR
13/03/2020 2:08:07 PM - Insert with success EMARG202003009AR
13/03/2020 2:08:15 PM - Inserir Historico EMFLT202002019AR
13/03/2020 2:08:15 PM - Insert with success EMFLT202002019AR
13/03/2020 2:08:30 PM - Inserir Historico IMBRN201908002AR
13/03/2020 2:08:31 PM - Insert with success IMBRN201908002AR
13/03/2020 2:08:47 PM - Inserir Historico IMARG202003076AR
13/03/2020 2:08:47 PM - Insert with success IMARG202003076AR
13/03/2020 2:08:55 PM - Inserir Historico IMFLT202001093AR
13/03/2020 2:08:56 PM - Insert with success IMFLT202001093AR
13/03/2020 2:09:09 PM - Inserir Historico EOARG202003017AR
13/03/2020 2:09:09 PM - Insert with success EOARG202003017AR
13/03/2020 2:09:27 PM - Inserir Historico EMARG202002273AR
13/03/2020 2:09:27 PM - Insert with success EMARG202002273AR
13/03/2020 2:09:44 PM - Inserir Historico EMARG202003002AR
13/03/2020 2:09:44 PM - Insert with success EMARG202003002AR
13/03/2020 2:10:02 PM - Inserir Historico EMARG202003005AR
13/03/2020 2:10:02 PM - Insert with success EMARG202003005AR
13/03/2020 2:10:13 PM - Inserir Historico IMCRE201912002AR
13/03/2020 2:10:13 PM - Insert with success IMCRE201912002AR
13/03/2020 2:10:31 PM - Inserir Historico EMARG202002235AR
13/03/2020 2:10:31 PM - Insert with success EMARG202002235AR
13/03/2020 2:10:39 PM - Inserir Historico IMFLT202003026AR
13/03/2020 2:10:40 PM - Insert with success IMFLT202003026AR
13/03/2020 2:10:55 PM - Inserir Historico IMAXA202003005AR
13/03/2020 2:10:55 PM - Insert with success IMAXA202003005AR
13/03/2020 2:11:14 PM - Inserir Historico EMARG202003004AR
13/03/2020 2:11:14 PM - Insert with success EMARG202003004AR
13/03/2020 2:11:24 PM - Inserir Historico EMFLT202002021AR
13/03/2020 2:11:24 PM - Insert with success EMFLT202002021AR
13/03/2020 2:11:33 PM - Inserir Historico EMFLT202002020AR
13/03/2020 2:11:33 PM - Insert with success EMFLT202002020AR
13/03/2020 2:11:52 PM - Inserir Historico EMARG202002279AR
13/03/2020 2:11:53 PM - Insert with success EMARG202002279AR
13/03/2020 2:12:03 PM - Inserir Historico EMFLT202003001AR
13/03/2020 2:12:03 PM - Insert with success EMFLT202003001AR
13/03/2020 2:12:18 PM - Inserir Historico EOARG202003106AR
13/03/2020 2:12:19 PM - Insert with success EOARG202003106AR
13/03/2020 2:12:36 PM - Inserir Historico IMARG201912073AR
13/03/2020 2:12:37 PM - Insert with success IMARG201912073AR
13/03/2020 2:12:55 PM - Inserir Historico EMARG202002190AR
13/03/2020 2:12:55 PM - Insert with success EMARG202002190AR
13/03/2020 2:13:11 PM - Inserir Historico IMAXA202002009AR
13/03/2020 2:13:12 PM - Insert with success IMAXA202002009AR
13/03/2020 2:13:30 PM - Inserir Historico EMARG202002275AR
13/03/2020 2:13:30 PM - Insert with success EMARG202002275AR
13/03/2020 2:13:46 PM - Inserir Historico IMARG202003077AR
13/03/2020 2:13:46 PM - Insert with success IMARG202003077AR
13/03/2020 2:13:51 PM - Inserir Historico IAFLT202002030AR
13/03/2020 2:13:51 PM - Insert with success IAFLT202002030AR
13/03/2020 2:14:02 PM - Inserir Historico IMCRE202003002AR
13/03/2020 2:14:02 PM - Insert with success IMCRE202003002AR
13/03/2020 2:14:08 PM - Inserir Historico IAFLT202002025AR
13/03/2020 2:14:08 PM - Insert with success IAFLT202002025AR
13/03/2020 2:14:14 PM - Inserir Historico IMFLT202003027AR
13/03/2020 2:14:14 PM - Insert with success IMFLT202003027AR
13/03/2020 2:14:21 PM - Inserir Historico IMSOL202003002AR
13/03/2020 2:14:21 PM - Insert with success IMSOL202003002AR
13/03/2020 2:14:26 PM - Inserir Historico IAFLT202002024AR
13/03/2020 2:14:26 PM - Insert with success IAFLT202002024AR
13/03/2020 2:14:33 PM - Inserir Historico IMSOL202003003AR
13/03/2020 2:14:33 PM - Insert with success IMSOL202003003AR
13/03/2020 2:14:42 PM - Inserir Historico IMARG202002069AR
13/03/2020 2:14:42 PM - Insert with success IMARG202002069AR
13/03/2020 2:14:47 PM - Inserir Historico IAFLT202002023AR
13/03/2020 2:14:47 PM - Insert with success IAFLT202002023AR
13/03/2020 2:14:58 PM - Inserir Historico IMAXA202002001AR
13/03/2020 2:14:59 PM - Insert with success IMAXA202002001AR
13/03/2020 2:15:04 PM - Inserir Historico IAURU202003001AR
13/03/2020 2:15:04 PM - Insert with success IAURU202003001AR
13/03/2020 2:15:14 PM - Inserir Historico EOSLT202003001AR
13/03/2020 2:15:14 PM - Insert with success EOSLT202003001AR
13/03/2020 2:15:19 PM - Inserir Historico IAFLT202002021AR
13/03/2020 2:15:19 PM - Insert with success IAFLT202002021AR
13/03/2020 2:15:33 PM - Inserir Historico IMARG202003055AR
13/03/2020 2:15:33 PM - Insert with success IMARG202003055AR
13/03/2020 2:15:44 PM - Inserir Historico EMARG202003130AR
13/03/2020 2:15:44 PM - Insert with success EMARG202003130AR
13/03/2020 2:15:55 PM - Inserir Historico EMARG202003131AR
13/03/2020 2:15:55 PM - Insert with success EMARG202003131AR
13/03/2020 2:16:00 PM - Inserir Historico IAFLT202002020AR
13/03/2020 2:16:00 PM - Insert with success IAFLT202002020AR
13/03/2020 2:16:06 PM - Inserir Historico IMFLT202003011AR
13/03/2020 2:16:07 PM - Insert with success IMFLT202003011AR
13/03/2020 2:16:12 PM - Inserir Historico EAURU202003002AR
13/03/2020 2:16:12 PM - Insert with success EAURU202003002AR
13/03/2020 2:16:22 PM - Inserir Historico EMARG202003132AR
13/03/2020 2:16:23 PM - Insert with success EMARG202003132AR
13/03/2020 2:16:32 PM - Inserir Historico EOARG202002241AR
13/03/2020 2:16:33 PM - Insert with success EOARG202002241AR
13/03/2020 2:16:39 PM - Inserir Historico IMFLT202002059AR
13/03/2020 2:16:39 PM - Insert with success IMFLT202002059AR
13/03/2020 2:16:49 PM - Inserir Historico EOARG202003107AR
13/03/2020 2:16:49 PM - Insert with success EOARG202003107AR
13/03/2020 2:16:56 PM - Inserir Historico IMFLT202002056AR
13/03/2020 2:16:56 PM - Insert with success IMFLT202002056AR
13/03/2020 2:17:09 PM - Inserir Historico EMARG202002277AR
13/03/2020 2:17:09 PM - Insert with success EMARG202002277AR
13/03/2020 2:17:20 PM - Inserir Historico EMARG202003133AR
13/03/2020 2:17:20 PM - Insert with success EMARG202003133AR
13/03/2020 2:17:30 PM - Inserir Historico EOARG202003108AR
13/03/2020 2:17:31 PM - Insert with success EOARG202003108AR
13/03/2020 2:17:46 PM - Inserir Historico EMARG202003026AR
13/03/2020 2:17:47 PM - Insert with success EMARG202003026AR
13/03/2020 2:17:58 PM - Inserir Historico EOARG202003069AR
13/03/2020 2:17:58 PM - Insert with success EOARG202003069AR
13/03/2020 2:18:09 PM - Inserir Historico IMBRN202003003AR
13/03/2020 2:18:10 PM - Insert with success IMBRN202003003AR
13/03/2020 2:18:20 PM - Inserir Historico EMARG202003134AR
13/03/2020 2:18:20 PM - Insert with success EMARG202003134AR
13/03/2020 2:18:31 PM - Inserir Historico EMARG202003135AR
13/03/2020 2:18:31 PM - Insert with success EMARG202003135AR
13/03/2020 2:18:42 PM - Inserir Historico EMARG202003136AR
13/03/2020 2:18:42 PM - Insert with success EMARG202003136AR
13/03/2020 2:18:54 PM - Inserir Historico IMARG202002031AR
13/03/2020 2:18:55 PM - Insert with success IMARG202002031AR
13/03/2020 2:19:07 PM - Inserir Historico IMARG202003015AR
13/03/2020 2:19:07 PM - Insert with success IMARG202003015AR
13/03/2020 2:19:18 PM - Inserir Historico IMARG202002054AR
13/03/2020 2:19:19 PM - Insert with success IMARG202002054AR
13/03/2020 2:19:29 PM - Inserir Historico EMARG202003137AR
13/03/2020 2:19:30 PM - Insert with success EMARG202003137AR
13/03/2020 2:19:40 PM - Inserir Historico EMARG202003138AR
13/03/2020 2:19:40 PM - Insert with success EMARG202003138AR
13/03/2020 2:19:52 PM - Inserir Historico IMARG202002052AR
13/03/2020 2:19:52 PM - Insert with success IMARG202002052AR
13/03/2020 2:20:05 PM - Inserir Historico IMARG202002051AR
13/03/2020 2:20:05 PM - Insert with success IMARG202002051AR
13/03/2020 2:20:16 PM - Inserir Historico IMARG202002053AR
13/03/2020 2:20:16 PM - Insert with success IMARG202002053AR
13/03/2020 2:20:26 PM - Inserir Historico EMARG202003139AR
13/03/2020 2:20:27 PM - Insert with success EMARG202003139AR
13/03/2020 2:20:39 PM - Inserir Historico IMARG202001166AR
13/03/2020 2:20:39 PM - Insert with success IMARG202001166AR
13/03/2020 2:20:49 PM - Inserir Historico EMARG202003140AR
13/03/2020 2:20:49 PM - Insert with success EMARG202003140AR
13/03/2020 2:21:00 PM - Inserir Historico EMARG202003141AR
13/03/2020 2:21:01 PM - Insert with success EMARG202003141AR
13/03/2020 2:21:12 PM - Inserir Historico EMARG202003142AR
13/03/2020 2:21:12 PM - Insert with success EMARG202003142AR
13/03/2020 2:21:17 PM - Inserir Historico IAFLT202003008AR
13/03/2020 2:21:17 PM - Insert with success IAFLT202003008AR
13/03/2020 2:21:28 PM - Inserir Historico EMARG202003143AR
13/03/2020 2:21:29 PM - Insert with success EMARG202003143AR
13/03/2020 2:21:40 PM - Inserir Historico IMSLT202002004AR
13/03/2020 2:21:40 PM - Insert with success IMSLT202002004AR
13/03/2020 2:21:48 PM - Inserir Historico IMFLT202003010AR
13/03/2020 2:21:48 PM - Insert with success IMFLT202003010AR
13/03/2020 2:22:07 PM - Inserir Historico IMBRN202002004AR
13/03/2020 2:22:07 PM - Insert with success IMBRN202002004AR
13/03/2020 2:22:18 PM - Inserir Historico EMARG202003144AR
13/03/2020 2:22:18 PM - Insert with success EMARG202003144AR
13/03/2020 2:22:29 PM - Inserir Historico EMARG202003145AR
13/03/2020 2:22:29 PM - Insert with success EMARG202003145AR
13/03/2020 2:22:40 PM - Inserir Historico IMAXA202002004AR
13/03/2020 2:22:41 PM - Insert with success IMAXA202002004AR
13/03/2020 2:22:51 PM - Inserir Historico EMARG202003146AR
13/03/2020 2:22:51 PM - Insert with success EMARG202003146AR
13/03/2020 2:23:02 PM - Inserir Historico IMAXA202002005AR
13/03/2020 2:23:03 PM - Insert with success IMAXA202002005AR
13/03/2020 2:23:15 PM - Inserir Historico IMROA202003020AR
13/03/2020 2:23:15 PM - Insert with success IMROA202003020AR
13/03/2020 2:23:25 PM - Inserir Historico IMBRN202003004AR
13/03/2020 2:23:25 PM - Insert with success IMBRN202003004AR
13/03/2020 2:23:35 PM - Inserir Historico IMBRN202003005AR
13/03/2020 2:23:36 PM - Insert with success IMBRN202003005AR
13/03/2020 2:23:44 PM - Inserir Historico EMARG202003147AR
13/03/2020 2:23:44 PM - Insert with success EMARG202003147AR
13/03/2020 2:23:55 PM - Inserir Historico IMARG202003078AR
13/03/2020 2:23:55 PM - Insert with success IMARG202003078AR
13/03/2020 2:23:59 PM - Inserir Historico EMFLT202002007AR
13/03/2020 2:24:00 PM - Insert with success EMFLT202002007AR
13/03/2020 2:24:07 PM - Inserir Historico IOAXA202002005AR
13/03/2020 2:24:07 PM - Insert with success IOAXA202002005AR
13/03/2020 2:24:16 PM - Inserir Historico EMARG202003148AR
13/03/2020 2:24:16 PM - Insert with success EMARG202003148AR
13/03/2020 2:24:34 PM - Inserir Historico IMARG202001156AR
13/03/2020 2:24:34 PM - Insert with success IMARG202001156AR
13/03/2020 2:24:44 PM - Inserir Historico IMROA202003019AR
13/03/2020 2:24:44 PM - Insert with success IMROA202003019AR
13/03/2020 2:24:55 PM - Inserir Historico IMAXA202002006AR
13/03/2020 2:24:55 PM - Insert with success IMAXA202002006AR
13/03/2020 2:25:07 PM - Inserir Historico IMARG202002057AR
13/03/2020 2:25:07 PM - Insert with success IMARG202002057AR
13/03/2020 2:25:19 PM - Inserir Historico IMAXA202002007AR
13/03/2020 2:25:19 PM - Insert with success IMAXA202002007AR
13/03/2020 2:25:24 PM - Inserir Historico EOFLT202003004AR
13/03/2020 2:25:24 PM - Insert with success EOFLT202003004AR
13/03/2020 2:25:35 PM - Inserir Historico EMARG202003149AR
13/03/2020 2:25:36 PM - Insert with success EMARG202003149AR
13/03/2020 2:25:45 PM - Inserir Historico EOUNI202003007AR
13/03/2020 2:25:45 PM - Insert with success EOUNI202003007AR
13/03/2020 2:25:56 PM - Inserir Historico IMAXA202002008AR
13/03/2020 2:25:56 PM - Insert with success IMAXA202002008AR
13/03/2020 2:26:07 PM - Inserir Historico IMARG202003023AR
13/03/2020 2:26:08 PM - Insert with success IMARG202003023AR
13/03/2020 2:26:18 PM - Inserir Historico EMARG202003150AR
13/03/2020 2:26:18 PM - Insert with success EMARG202003150AR
13/03/2020 2:26:27 PM - Inserir Historico EOARG202003109AR
13/03/2020 2:26:27 PM - Insert with success EOARG202003109AR
13/03/2020 2:26:32 PM - Inserir Historico EOFLT202003005AR
13/03/2020 2:26:33 PM - Insert with success EOFLT202003005AR
13/03/2020 2:26:44 PM - Inserir Historico IMROA202003021AR
13/03/2020 2:26:44 PM - Insert with success IMROA202003021AR
13/03/2020 2:26:54 PM - Inserir Historico EOARG202003110AR
13/03/2020 2:26:54 PM - Insert with success EOARG202003110AR
13/03/2020 2:27:04 PM - Inserir Historico EOARG202003111AR
13/03/2020 2:27:04 PM - Insert with success EOARG202003111AR
13/03/2020 2:27:13 PM - Inserir Historico EOARG202003112AR
13/03/2020 2:27:13 PM - Insert with success EOARG202003112AR
13/03/2020 2:27:23 PM - Inserir Historico EOARG202003113AR
13/03/2020 2:27:23 PM - Insert with success EOARG202003113AR
13/03/2020 2:27:31 PM - Inserir Historico EOARG202003114AR
13/03/2020 2:27:32 PM - Insert with success EOARG202003114AR
13/03/2020 2:27:41 PM - Inserir Historico EMFLT202003004AR
13/03/2020 2:27:41 PM - Insert with success EMFLT202003004AR
13/03/2020 2:27:53 PM - Inserir Historico EOARG202003115AR
13/03/2020 2:27:53 PM - Insert with success EOARG202003115AR
13/03/2020 2:28:05 PM - Inserir Historico IMARG202003079AR
13/03/2020 2:28:05 PM - Insert with success IMARG202003079AR
13/03/2020 2:28:15 PM - Inserir Historico EOARG202003116AR
13/03/2020 2:28:16 PM - Insert with success EOARG202003116AR
13/03/2020 2:28:25 PM - Inserir Historico IMROA202003022AR
13/03/2020 2:28:25 PM - Insert with success IMROA202003022AR
13/03/2020 2:28:34 PM - Inserir Historico EOARG202003117AR
13/03/2020 2:28:34 PM - Insert with success EOARG202003117AR
13/03/2020 2:28:41 PM - Inserir Historico IMFLT202003028AR
13/03/2020 2:28:41 PM - Insert with success IMFLT202003028AR
13/03/2020 2:28:48 PM - Inserir Historico IMFLT202003029AR
13/03/2020 2:28:48 PM - Insert with success IMFLT202003029AR
13/03/2020 2:28:53 PM - Inserir Historico IMFLT202003030AR
13/03/2020 2:28:53 PM - Insert with success IMFLT202003030AR
13/03/2020 2:28:58 PM - Inserir Historico IMFLT202003015AR
13/03/2020 2:28:58 PM - Insert with success IMFLT202003015AR
13/03/2020 2:29:10 PM - Inserir Historico IMBRN202002003AR
13/03/2020 2:29:10 PM - Insert with success IMBRN202002003AR
13/03/2020 2:29:16 PM - Inserir Historico IMROA202003031AR
13/03/2020 2:29:16 PM - Insert with success IMROA202003031AR
13/03/2020 2:29:27 PM - Inserir Historico IMROA202003032AR
13/03/2020 2:29:27 PM - Insert with success IMROA202003032AR
13/03/2020 2:29:35 PM - Inserir Historico EOUNI202003011AR
13/03/2020 2:29:35 PM - Insert with success EOUNI202003011AR
13/03/2020 2:29:46 PM - Inserir Historico IMARG202003039AR
13/03/2020 2:29:46 PM - Insert with success IMARG202003039AR
13/03/2020 2:29:56 PM - Inserir Historico IMARG202003025AR
13/03/2020 2:29:56 PM - Insert with success IMARG202003025AR
13/03/2020 2:30:07 PM - Inserir Historico IMARG202003014AR
13/03/2020 2:30:08 PM - Insert with success IMARG202003014AR
13/03/2020 2:30:19 PM - Inserir Historico IMARG202003013AR
13/03/2020 2:30:20 PM - Insert with success IMARG202003013AR
13/03/2020 2:30:32 PM - Inserir Historico IMARG202003012AR
13/03/2020 2:30:32 PM - Insert with success IMARG202003012AR
13/03/2020 2:30:45 PM - Inserir Historico IMARG202003011AR
13/03/2020 2:30:45 PM - Insert with success IMARG202003011AR
13/03/2020 2:30:59 PM - Inserir Historico IMARG202003010AR
13/03/2020 2:30:59 PM - Insert with success IMARG202003010AR
13/03/2020 2:31:05 PM - Inserir Historico IMFLT202003016AR
13/03/2020 2:31:06 PM - Insert with success IMFLT202003016AR
13/03/2020 2:31:19 PM - Inserir Historico IMARG202003008AR
13/03/2020 2:31:19 PM - Insert with success IMARG202003008AR
13/03/2020 2:31:30 PM - Inserir Historico IMARG202003007AR
13/03/2020 2:31:30 PM - Insert with success IMARG202003007AR
13/03/2020 2:31:41 PM - Inserir Historico IMARG202003068AR
13/03/2020 2:31:41 PM - Insert with success IMARG202003068AR
13/03/2020 2:31:51 PM - Inserir Historico IMARG202003066AR
13/03/2020 2:31:51 PM - Insert with success IMARG202003066AR
13/03/2020 2:32:06 PM - Inserir Historico IMARG202003067AR
13/03/2020 2:32:06 PM - Insert with success IMARG202003067AR
13/03/2020 2:32:19 PM - Inserir Historico IMARG202003065AR
13/03/2020 2:32:19 PM - Insert with success IMARG202003065AR
13/03/2020 2:32:29 PM - Inserir Historico IMARG202003064AR
13/03/2020 2:32:30 PM - Insert with success IMARG202003064AR
13/03/2020 2:32:40 PM - Inserir Historico IMARG202003029AR
13/03/2020 2:32:41 PM - Insert with success IMARG202003029AR
13/03/2020 2:32:53 PM - Inserir Historico IMARG202003028AR
13/03/2020 2:32:53 PM - Insert with success IMARG202003028AR
13/03/2020 2:33:05 PM - Inserir Historico IMARG202003030AR
13/03/2020 2:33:05 PM - Insert with success IMARG202003030AR
13/03/2020 2:33:16 PM - Inserir Historico IMARG202003057AR
13/03/2020 2:33:16 PM - Insert with success IMARG202003057AR
13/03/2020 2:33:28 PM - Inserir Historico IMARG202003044AR
13/03/2020 2:33:28 PM - Insert with success IMARG202003044AR
13/03/2020 2:33:40 PM - Inserir Historico IMARG202003043AR
13/03/2020 2:33:40 PM - Insert with success IMARG202003043AR
13/03/2020 2:33:52 PM - Inserir Historico IMARG202003037AR
13/03/2020 2:33:52 PM - Insert with success IMARG202003037AR
13/03/2020 2:34:04 PM - Inserir Historico IMARG202003036AR
13/03/2020 2:34:04 PM - Insert with success IMARG202003036AR
13/03/2020 2:34:16 PM - Inserir Historico IMARG202003035AR
13/03/2020 2:34:16 PM - Insert with success IMARG202003035AR
13/03/2020 2:34:28 PM - Inserir Historico IMARG202003034AR
13/03/2020 2:34:28 PM - Insert with success IMARG202003034AR
13/03/2020 2:34:38 PM - Inserir Historico EMARG202003151AR
13/03/2020 2:34:38 PM - Insert with success EMARG202003151AR
13/03/2020 2:34:49 PM - Inserir Historico EMARG202003152AR
13/03/2020 2:34:49 PM - Insert with success EMARG202003152AR
13/03/2020 2:35:00 PM - Inserir Historico EMARG202003153AR
13/03/2020 2:35:00 PM - Insert with success EMARG202003153AR
13/03/2020 2:35:10 PM - Inserir Historico EMARG202003154AR
13/03/2020 2:35:11 PM - Insert with success EMARG202003154AR
13/03/2020 2:35:21 PM - Inserir Historico EMARG202003155AR
13/03/2020 2:35:21 PM - Insert with success EMARG202003155AR
13/03/2020 2:35:31 PM - Inserir Historico EOARG202003023AR
13/03/2020 2:35:31 PM - Insert with success EOARG202003023AR
13/03/2020 2:35:42 PM - Inserir Historico EOARG202003055AR
13/03/2020 2:35:42 PM - Insert with success EOARG202003055AR
13/03/2020 2:35:49 PM - Inserir Historico IOFLT201911001AR
13/03/2020 2:35:49 PM - Insert with success IOFLT201911001AR
13/03/2020 2:35:58 PM - Inserir Historico IMSOL202003001AR
13/03/2020 2:35:58 PM - Insert with success IMSOL202003001AR
13/03/2020 2:36:06 PM - Inserir Historico IMSOL202001014AR
13/03/2020 2:36:07 PM - Insert with success IMSOL202001014AR
13/03/2020 2:36:13 PM - Inserir Historico EASOL202002001AR
13/03/2020 2:36:13 PM - Insert with success EASOL202002001AR
13/03/2020 2:36:20 PM - Inserir Historico IASOL202003001AR
13/03/2020 2:36:21 PM - Insert with success IASOL202003001AR
13/03/2020 2:36:36 PM - Inserir Historico IMGRH201912002AR
13/03/2020 2:36:36 PM - Insert with success IMGRH201912002AR
13/03/2020 2:36:48 PM - Inserir Historico IMROA202003012AR
13/03/2020 2:36:48 PM - Insert with success IMROA202003012AR
13/03/2020 2:37:00 PM - Inserir Historico IMARG202003047AR
13/03/2020 2:37:00 PM - Insert with success IMARG202003047AR
13/03/2020 2:37:14 PM - Inserir Historico EMARG202002253AR
13/03/2020 2:37:14 PM - Insert with success EMARG202002253AR
13/03/2020 2:37:27 PM - Inserir Historico EMARG202002254AR
13/03/2020 2:37:27 PM - Insert with success EMARG202002254AR
13/03/2020 2:37:38 PM - Inserir Historico EOARG202003085AR
13/03/2020 2:37:38 PM - Insert with success EOARG202003085AR
13/03/2020 2:37:48 PM - Inserir Historico EOARG202003086AR
13/03/2020 2:37:48 PM - Insert with success EOARG202003086AR
13/03/2020 2:37:58 PM - Inserir Historico EOARG202003087AR
13/03/2020 2:37:58 PM - Insert with success EOARG202003087AR
13/03/2020 2:38:10 PM - Inserir Historico IMCHP202003012AR
13/03/2020 2:38:10 PM - Insert with success IMCHP202003012AR
13/03/2020 2:38:20 PM - Inserir Historico IMFLT201911009AR
13/03/2020 2:38:20 PM - Insert with success IMFLT201911009AR
13/03/2020 2:38:31 PM - Inserir Historico EOARG202003118AR
13/03/2020 2:38:31 PM - Insert with success EOARG202003118AR
13/03/2020 2:38:42 PM - Inserir Historico EOARG202003083AR
13/03/2020 2:38:42 PM - Insert with success EOARG202003083AR
13/03/2020 2:38:52 PM - Inserir Historico EOARG202003084AR
13/03/2020 2:38:52 PM - Insert with success EOARG202003084AR
13/03/2020 2:39:04 PM - Inserir Historico EMARG202002197AR
13/03/2020 2:39:04 PM - Insert with success EMARG202002197AR
13/03/2020 2:39:18 PM - Inserir Historico EMARG202003033AR
13/03/2020 2:39:18 PM - Insert with success EMARG202003033AR
13/03/2020 2:39:32 PM - Inserir Historico EMARG202003046AR
13/03/2020 2:39:32 PM - Insert with success EMARG202003046AR
13/03/2020 2:39:39 PM - Inserir Historico EOSOL202003001AR
13/03/2020 2:39:39 PM - Insert with success EOSOL202003001AR
13/03/2020 2:39:49 PM - Inserir Historico EMARG202003156AR
13/03/2020 2:39:50 PM - Insert with success EMARG202003156AR
13/03/2020 2:40:01 PM - Inserir Historico IMROA202003033AR
13/03/2020 2:40:01 PM - Insert with success IMROA202003033AR
