19/03/2020 3:24:21 PM - Inserir Historico EOARG202002203AR
19/03/2020 3:24:21 PM - Insert with success EOARG202002203AR
19/03/2020 3:24:34 PM - Inserir Historico EOARG202002204AR
19/03/2020 3:24:34 PM - Insert with success EOARG202002204AR
19/03/2020 3:24:39 PM - Inserir Historico EOARG202002205AR
19/03/2020 3:24:39 PM - Insert with success EOARG202002205AR
19/03/2020 3:24:39 PM - Inserir Historico EOARG202002240AR
19/03/2020 3:24:39 PM - Insert with success EOARG202002240AR
19/03/2020 3:24:39 PM - Inserir Historico EMFLT202002021AR
19/03/2020 3:24:40 PM - Insert with success EMFLT202002021AR
19/03/2020 3:24:40 PM - Inserir Historico IMFLT202003012AR
19/03/2020 3:24:40 PM - Insert with success IMFLT202003012AR
19/03/2020 3:24:40 PM - Inserir Historico EOARG202002237AR
19/03/2020 3:24:40 PM - Insert with success EOARG202002237AR
19/03/2020 3:24:40 PM - Inserir Historico EOARG202002238AR
19/03/2020 3:24:40 PM - Insert with success EOARG202002238AR
19/03/2020 3:24:40 PM - Inserir Historico IMFLT202002054AR
19/03/2020 3:24:40 PM - Insert with success IMFLT202002054AR
19/03/2020 3:24:40 PM - Inserir Historico EOARG202002239AR
19/03/2020 3:24:41 PM - Insert with success EOARG202002239AR
19/03/2020 3:24:41 PM - Inserir Historico IMNOV202002007AR
19/03/2020 3:24:41 PM - Insert with success IMNOV202002007AR
19/03/2020 3:24:41 PM - Inserir Historico EOARG202002242AR
19/03/2020 3:24:41 PM - Insert with success EOARG202002242AR
19/03/2020 3:24:41 PM - Inserir Historico EOFLT202003006AR
19/03/2020 3:24:41 PM - Insert with success EOFLT202003006AR
19/03/2020 3:24:41 PM - Inserir Historico EOARG202003132AR
19/03/2020 3:24:41 PM - Insert with success EOARG202003132AR
19/03/2020 3:24:41 PM - Inserir Historico IOSOL202003001AR
19/03/2020 3:24:42 PM - Insert with success IOSOL202003001AR
19/03/2020 3:24:42 PM - Inserir Historico EMFLT202003008AR
19/03/2020 3:24:42 PM - Insert with success EMFLT202003008AR
19/03/2020 3:24:42 PM - Inserir Historico IOSOL202003002AR
19/03/2020 3:24:42 PM - Insert with success IOSOL202003002AR
19/03/2020 3:24:42 PM - Inserir Historico EOARG202003130AR
19/03/2020 3:24:42 PM - Insert with success EOARG202003130AR
19/03/2020 3:24:42 PM - Inserir Historico EOUNI202003034AR
19/03/2020 3:24:42 PM - Insert with success EOUNI202003034AR
19/03/2020 3:24:42 PM - Inserir Historico IMURU202003002AR
19/03/2020 3:24:43 PM - Insert with success IMURU202003002AR
19/03/2020 3:24:43 PM - Inserir Historico EMFLT202002020AR
19/03/2020 3:24:43 PM - Insert with success EMFLT202002020AR
19/03/2020 3:24:43 PM - Inserir Historico IOGRH202001002AR
19/03/2020 3:24:43 PM - Insert with success IOGRH202001002AR
19/03/2020 3:24:43 PM - Inserir Historico IMROA202001041AR
19/03/2020 3:24:43 PM - Insert with success IMROA202001041AR
19/03/2020 3:24:43 PM - Inserir Historico EMARG202002230AR
19/03/2020 3:24:43 PM - Insert with success EMARG202002230AR
19/03/2020 3:24:43 PM - Inserir Historico IMFLT202002042AR
19/03/2020 3:24:44 PM - Insert with success IMFLT202002042AR
19/03/2020 3:24:44 PM - Inserir Historico IMFLT202002043AR
19/03/2020 3:24:44 PM - Insert with success IMFLT202002043AR
19/03/2020 3:24:44 PM - Inserir Historico EMARG202003039AR
19/03/2020 3:24:44 PM - Insert with success EMARG202003039AR
19/03/2020 3:24:44 PM - Inserir Historico EMARG202003040AR
19/03/2020 3:24:44 PM - Insert with success EMARG202003040AR
19/03/2020 3:24:44 PM - Inserir Historico EMARG202003041AR
19/03/2020 3:24:44 PM - Insert with success EMARG202003041AR
19/03/2020 3:24:44 PM - Inserir Historico EMARG202002219AR
19/03/2020 3:24:45 PM - Insert with success EMARG202002219AR
19/03/2020 3:24:45 PM - Inserir Historico EMARG202002220AR
19/03/2020 3:24:45 PM - Insert with success EMARG202002220AR
19/03/2020 3:24:45 PM - Inserir Historico EMARG202003043AR
19/03/2020 3:24:45 PM - Insert with success EMARG202003043AR
19/03/2020 3:24:45 PM - Inserir Historico EMARG202003044AR
19/03/2020 3:24:45 PM - Insert with success EMARG202003044AR
19/03/2020 3:24:45 PM - Inserir Historico EMARG202003079AR
19/03/2020 3:24:45 PM - Insert with success EMARG202003079AR
19/03/2020 3:24:45 PM - Inserir Historico EMARG202003080AR
19/03/2020 3:24:46 PM - Insert with success EMARG202003080AR
19/03/2020 3:24:46 PM - Inserir Historico EMARG202003081AR
19/03/2020 3:24:46 PM - Insert with success EMARG202003081AR
19/03/2020 3:24:46 PM - Inserir Historico EMARG202003082AR
19/03/2020 3:24:46 PM - Insert with success EMARG202003082AR
19/03/2020 3:24:46 PM - Inserir Historico EMARG202003083AR
19/03/2020 3:24:46 PM - Insert with success EMARG202003083AR
19/03/2020 3:24:46 PM - Inserir Historico EOARG202003133AR
19/03/2020 3:24:46 PM - Insert with success EOARG202003133AR
19/03/2020 3:24:46 PM - Inserir Historico EMARG202003097AR
19/03/2020 3:24:47 PM - Insert with success EMARG202003097AR
19/03/2020 3:24:47 PM - Inserir Historico EOARG202003126AR
19/03/2020 3:24:47 PM - Insert with success EOARG202003126AR
19/03/2020 3:24:47 PM - Inserir Historico EOARG202003127AR
19/03/2020 3:24:47 PM - Insert with success EOARG202003127AR
19/03/2020 3:24:47 PM - Inserir Historico EOARG202003131AR
19/03/2020 3:24:47 PM - Insert with success EOARG202003131AR
19/03/2020 3:24:47 PM - Inserir Historico EMUNI202002003AR
19/03/2020 3:24:47 PM - Insert with success EMUNI202002003AR
19/03/2020 3:24:47 PM - Inserir Historico EMUNI202002005AR
19/03/2020 3:24:48 PM - Insert with success EMUNI202002005AR
19/03/2020 3:24:48 PM - Inserir Historico EMUNI202003001AR
19/03/2020 3:24:48 PM - Insert with success EMUNI202003001AR
19/03/2020 3:24:48 PM - Inserir Historico IMNOV202002004AR
19/03/2020 3:24:48 PM - Insert with success IMNOV202002004AR
19/03/2020 3:24:48 PM - Inserir Historico IMNOV202002002AR
19/03/2020 3:24:48 PM - Insert with success IMNOV202002002AR
19/03/2020 3:24:48 PM - Inserir Historico IMNOV201912026AR
19/03/2020 3:24:48 PM - Insert with success IMNOV201912026AR
19/03/2020 3:24:48 PM - Inserir Historico EOUNI202003024AR
19/03/2020 3:24:49 PM - Insert with success EOUNI202003024AR
19/03/2020 3:24:49 PM - Inserir Historico EOUNI202003020AR
19/03/2020 3:24:49 PM - Insert with success EOUNI202003020AR
19/03/2020 3:24:49 PM - Inserir Historico EOUNI202003001AR
19/03/2020 3:24:49 PM - Insert with success EOUNI202003001AR
19/03/2020 3:24:49 PM - Inserir Historico EOUNI202003019AR
19/03/2020 3:24:49 PM - Insert with success EOUNI202003019AR
19/03/2020 3:24:49 PM - Inserir Historico EOUNI202003018AR
19/03/2020 3:24:49 PM - Insert with success EOUNI202003018AR
19/03/2020 3:24:49 PM - Inserir Historico EMARG202003220AR
19/03/2020 3:24:50 PM - Insert with success EMARG202003220AR
19/03/2020 3:24:50 PM - Inserir Historico EMARG202003216AR
19/03/2020 3:24:50 PM - Insert with success EMARG202003216AR
19/03/2020 3:24:50 PM - Inserir Historico EMARG202003217AR
19/03/2020 3:24:50 PM - Insert with success EMARG202003217AR
19/03/2020 3:24:50 PM - Inserir Historico EMARG202003219AR
19/03/2020 3:24:50 PM - Insert with success EMARG202003219AR
19/03/2020 3:24:50 PM - Inserir Historico EOARG202003039AR
19/03/2020 3:24:50 PM - Insert with success EOARG202003039AR
19/03/2020 3:24:50 PM - Inserir Historico EMFLT202003009AR
19/03/2020 3:24:50 PM - Insert with success EMFLT202003009AR
19/03/2020 3:24:51 PM - Inserir Historico EOARG202003029AR
19/03/2020 3:24:51 PM - Insert with success EOARG202003029AR
19/03/2020 3:24:51 PM - Inserir Historico EMARG202002264AR
19/03/2020 3:24:51 PM - Insert with success EMARG202002264AR
19/03/2020 3:24:51 PM - Inserir Historico EMARG202002265AR
19/03/2020 3:24:51 PM - Insert with success EMARG202002265AR
19/03/2020 3:24:51 PM - Inserir Historico EOARG202003013AR
19/03/2020 3:24:51 PM - Insert with success EOARG202003013AR
19/03/2020 3:24:51 PM - Inserir Historico EOARG202003014AR
19/03/2020 3:24:51 PM - Insert with success EOARG202003014AR
19/03/2020 3:24:52 PM - Inserir Historico EOARG202003011AR
19/03/2020 3:24:52 PM - Insert with success EOARG202003011AR
19/03/2020 3:24:52 PM - Inserir Historico EMARG202003045AR
19/03/2020 3:24:52 PM - Insert with success EMARG202003045AR
19/03/2020 3:24:52 PM - Inserir Historico EOARG202003012AR
19/03/2020 3:24:52 PM - Insert with success EOARG202003012AR
19/03/2020 3:24:52 PM - Inserir Historico EMARG202003042AR
19/03/2020 3:24:52 PM - Insert with success EMARG202003042AR
19/03/2020 3:24:52 PM - Inserir Historico EMARG202003047AR
19/03/2020 3:24:53 PM - Insert with success EMARG202003047AR
19/03/2020 3:24:53 PM - Inserir Historico EOARG202003031AR
19/03/2020 3:24:53 PM - Insert with success EOARG202003031AR
19/03/2020 3:24:53 PM - Inserir Historico EOUNI202003015AR
19/03/2020 3:24:53 PM - Insert with success EOUNI202003015AR
19/03/2020 3:24:53 PM - Inserir Historico EMARG202003046AR
19/03/2020 3:24:53 PM - Insert with success EMARG202003046AR
19/03/2020 3:24:53 PM - Inserir Historico EMARG202003048AR
19/03/2020 3:24:53 PM - Insert with success EMARG202003048AR
19/03/2020 3:24:53 PM - Inserir Historico EOFLT202003002AR
19/03/2020 3:24:54 PM - Insert with success EOFLT202003002AR
19/03/2020 3:24:54 PM - Inserir Historico EMFLT202003004AR
19/03/2020 3:24:54 PM - Insert with success EMFLT202003004AR
19/03/2020 3:24:54 PM - Inserir Historico IOARG202003002AR
19/03/2020 3:24:54 PM - Insert with success IOARG202003002AR
19/03/2020 3:24:54 PM - Inserir Historico IOAXA202003011AR
19/03/2020 3:24:54 PM - Insert with success IOAXA202003011AR
19/03/2020 3:24:54 PM - Inserir Historico EOFLT202003001AR
19/03/2020 3:24:54 PM - Insert with success EOFLT202003001AR
19/03/2020 3:24:54 PM - Inserir Historico EOARG202003034AR
19/03/2020 3:24:55 PM - Insert with success EOARG202003034AR
19/03/2020 3:24:55 PM - Inserir Historico EOARG202003119AR
19/03/2020 3:24:55 PM - Insert with success EOARG202003119AR
19/03/2020 3:24:55 PM - Inserir Historico EOARG202003120AR
19/03/2020 3:24:55 PM - Insert with success EOARG202003120AR
19/03/2020 3:24:55 PM - Inserir Historico EOARG202003121AR
19/03/2020 3:24:55 PM - Insert with success EOARG202003121AR
19/03/2020 3:24:55 PM - Inserir Historico EOARG202003134AR
19/03/2020 3:24:55 PM - Insert with success EOARG202003134AR
19/03/2020 3:24:55 PM - Inserir Historico EOARG202003122AR
19/03/2020 3:24:56 PM - Insert with success EOARG202003122AR
19/03/2020 3:24:56 PM - Inserir Historico IMROA202003024AR
19/03/2020 3:24:56 PM - Insert with success IMROA202003024AR
19/03/2020 3:24:56 PM - Inserir Historico EOARG202003110AR
19/03/2020 3:24:56 PM - Insert with success EOARG202003110AR
19/03/2020 3:24:56 PM - Inserir Historico EOARG202003114AR
19/03/2020 3:24:56 PM - Insert with success EOARG202003114AR
19/03/2020 3:24:56 PM - Inserir Historico EOARG202003115AR
19/03/2020 3:24:56 PM - Insert with success EOARG202003115AR
19/03/2020 3:24:56 PM - Inserir Historico EOARG202003116AR
19/03/2020 3:24:57 PM - Insert with success EOARG202003116AR
19/03/2020 3:24:57 PM - Inserir Historico EOARG202003135AR
19/03/2020 3:24:57 PM - Insert with success EOARG202003135AR
19/03/2020 3:24:57 PM - Inserir Historico IMCRE201912002AR
19/03/2020 3:24:57 PM - Insert with success IMCRE201912002AR
19/03/2020 3:24:57 PM - Inserir Historico IMPME202003003AR
19/03/2020 3:24:57 PM - Insert with success IMPME202003003AR
19/03/2020 3:24:57 PM - Inserir Historico IMVTP201911003AR
19/03/2020 3:24:57 PM - Insert with success IMVTP201911003AR
19/03/2020 3:24:57 PM - Inserir Historico IMARG202003092AR
19/03/2020 3:24:58 PM - Insert with success IMARG202003092AR
19/03/2020 3:24:58 PM - Inserir Historico IMARG202003093AR
19/03/2020 3:24:58 PM - Insert with success IMARG202003093AR
19/03/2020 3:24:58 PM - Inserir Historico EMARG202003034AR
19/03/2020 3:24:58 PM - Insert with success EMARG202003034AR
19/03/2020 3:24:58 PM - Inserir Historico IMARG202003094AR
19/03/2020 3:24:58 PM - Insert with success IMARG202003094AR
19/03/2020 3:24:58 PM - Inserir Historico EOARG202003136AR
19/03/2020 3:24:58 PM - Insert with success EOARG202003136AR
19/03/2020 3:24:58 PM - Inserir Historico IMARG202003095AR
19/03/2020 3:24:59 PM - Insert with success IMARG202003095AR
19/03/2020 3:24:59 PM - Inserir Historico IAFLT202003011AR
19/03/2020 3:24:59 PM - Insert with success IAFLT202003011AR
19/03/2020 3:24:59 PM - Inserir Historico IOAXA202003012AR
19/03/2020 3:24:59 PM - Insert with success IOAXA202003012AR
19/03/2020 3:24:59 PM - Inserir Historico IMARG202003096AR
19/03/2020 3:24:59 PM - Insert with success IMARG202003096AR
19/03/2020 3:24:59 PM - Inserir Historico IMARG202003097AR
19/03/2020 3:24:59 PM - Insert with success IMARG202003097AR
19/03/2020 3:24:59 PM - Inserir Historico IMROA202003023AR
19/03/2020 3:25:00 PM - Insert with success IMROA202003023AR
19/03/2020 3:25:00 PM - Inserir Historico EOARG202003137AR
19/03/2020 3:25:00 PM - Insert with success EOARG202003137AR
19/03/2020 3:25:00 PM - Inserir Historico EMARG202003035AR
19/03/2020 3:25:00 PM - Insert with success EMARG202003035AR
19/03/2020 3:25:00 PM - Inserir Historico EMARG202003036AR
19/03/2020 3:25:00 PM - Insert with success EMARG202003036AR
19/03/2020 3:25:00 PM - Inserir Historico EMARG202002295AR
19/03/2020 3:25:00 PM - Insert with success EMARG202002295AR
19/03/2020 3:25:00 PM - Inserir Historico EMARG202002296AR
19/03/2020 3:25:01 PM - Insert with success EMARG202002296AR
19/03/2020 3:25:01 PM - Inserir Historico EMARG202002297AR
19/03/2020 3:25:01 PM - Insert with success EMARG202002297AR
19/03/2020 3:25:01 PM - Inserir Historico EOARG202003138AR
19/03/2020 3:25:01 PM - Insert with success EOARG202003138AR
19/03/2020 3:25:01 PM - Inserir Historico EMARG202002298AR
19/03/2020 3:25:01 PM - Insert with success EMARG202002298AR
19/03/2020 3:25:01 PM - Inserir Historico EMARG202002237AR
19/03/2020 3:25:01 PM - Insert with success EMARG202002237AR
19/03/2020 3:25:01 PM - Inserir Historico IMPME202003004AR
19/03/2020 3:25:02 PM - Insert with success IMPME202003004AR
19/03/2020 3:25:02 PM - Inserir Historico EMARG202002238AR
19/03/2020 3:25:02 PM - Insert with success EMARG202002238AR
19/03/2020 3:25:02 PM - Inserir Historico EOARG202003139AR
19/03/2020 3:25:02 PM - Insert with success EOARG202003139AR
19/03/2020 3:25:02 PM - Inserir Historico EMFLT202003010AR
19/03/2020 3:25:02 PM - Insert with success EMFLT202003010AR
19/03/2020 3:25:02 PM - Inserir Historico EMARG202003062AR
19/03/2020 3:25:02 PM - Insert with success EMARG202003062AR
19/03/2020 3:25:02 PM - Inserir Historico EMARG202003063AR
19/03/2020 3:25:03 PM - Insert with success EMARG202003063AR
19/03/2020 3:25:03 PM - Inserir Historico EMARG202003065AR
19/03/2020 3:25:03 PM - Insert with success EMARG202003065AR
19/03/2020 3:25:03 PM - Inserir Historico EMARG202003061AR
19/03/2020 3:25:03 PM - Insert with success EMARG202003061AR
19/03/2020 3:25:03 PM - Inserir Historico EMARG202002269AR
19/03/2020 3:25:03 PM - Insert with success EMARG202002269AR
19/03/2020 3:25:03 PM - Inserir Historico IAFLT202003012AR
19/03/2020 3:25:03 PM - Insert with success IAFLT202003012AR
19/03/2020 3:25:03 PM - Inserir Historico EMARG202002270AR
19/03/2020 3:25:04 PM - Insert with success EMARG202002270AR
19/03/2020 3:25:04 PM - Inserir Historico EMARG202003064AR
19/03/2020 3:25:04 PM - Insert with success EMARG202003064AR
19/03/2020 3:25:04 PM - Inserir Historico EMARG202003066AR
19/03/2020 3:25:04 PM - Insert with success EMARG202003066AR
19/03/2020 3:25:04 PM - Inserir Historico EMARG202003067AR
19/03/2020 3:25:04 PM - Insert with success EMARG202003067AR
19/03/2020 3:25:04 PM - Inserir Historico EMARG202003068AR
19/03/2020 3:25:04 PM - Insert with success EMARG202003068AR
19/03/2020 3:25:04 PM - Inserir Historico EMARG202003069AR
19/03/2020 3:25:05 PM - Insert with success EMARG202003069AR
19/03/2020 3:25:05 PM - Inserir Historico EMARG202003070AR
19/03/2020 3:25:05 PM - Insert with success EMARG202003070AR
19/03/2020 3:25:05 PM - Inserir Historico EMARG202003071AR
19/03/2020 3:25:05 PM - Insert with success EMARG202003071AR
19/03/2020 3:25:05 PM - Inserir Historico EMARG202003087AR
19/03/2020 3:25:05 PM - Insert with success EMARG202003087AR
19/03/2020 3:25:05 PM - Inserir Historico EMARG202003088AR
19/03/2020 3:25:05 PM - Insert with success EMARG202003088AR
19/03/2020 3:25:05 PM - Inserir Historico IMARG202003098AR
19/03/2020 3:25:06 PM - Insert with success IMARG202003098AR
19/03/2020 3:25:06 PM - Inserir Historico EOARG202003140AR
19/03/2020 3:25:06 PM - Insert with success EOARG202003140AR
19/03/2020 3:25:06 PM - Inserir Historico IMROA202003028AR
19/03/2020 3:25:06 PM - Insert with success IMROA202003028AR
19/03/2020 3:25:06 PM - Inserir Historico IMFLT202002060AR
19/03/2020 3:25:06 PM - Insert with success IMFLT202002060AR
19/03/2020 3:25:06 PM - Inserir Historico IMRES202003001AR
19/03/2020 3:25:06 PM - Insert with success IMRES202003001AR
19/03/2020 3:25:06 PM - Inserir Historico IMFLT202002055AR
19/03/2020 3:25:07 PM - Insert with success IMFLT202002055AR
19/03/2020 3:25:07 PM - Inserir Historico EMFLT202002025AR
19/03/2020 3:25:07 PM - Insert with success EMFLT202002025AR
19/03/2020 3:25:07 PM - Inserir Historico EMARG202003072AR
19/03/2020 3:25:07 PM - Insert with success EMARG202003072AR
19/03/2020 3:25:07 PM - Inserir Historico EOARG202002234AR
19/03/2020 3:25:07 PM - Insert with success EOARG202002234AR
19/03/2020 3:25:07 PM - Inserir Historico EMARG202003089AR
19/03/2020 3:25:07 PM - Insert with success EMARG202003089AR
19/03/2020 3:25:07 PM - Inserir Historico EMARG202003090AR
19/03/2020 3:25:08 PM - Insert with success EMARG202003090AR
19/03/2020 3:25:08 PM - Inserir Historico EMARG202003091AR
19/03/2020 3:25:08 PM - Insert with success EMARG202003091AR
19/03/2020 3:25:08 PM - Inserir Historico EMARG202003073AR
19/03/2020 3:25:08 PM - Insert with success EMARG202003073AR
19/03/2020 3:25:08 PM - Inserir Historico EMARG202003074AR
19/03/2020 3:25:08 PM - Insert with success EMARG202003074AR
19/03/2020 3:25:08 PM - Inserir Historico EMARG202003075AR
19/03/2020 3:25:08 PM - Insert with success EMARG202003075AR
19/03/2020 3:25:08 PM - Inserir Historico EMARG202003012AR
19/03/2020 3:25:09 PM - Insert with success EMARG202003012AR
19/03/2020 3:25:09 PM - Inserir Historico EMARG202003013AR
19/03/2020 3:25:09 PM - Insert with success EMARG202003013AR
19/03/2020 3:25:09 PM - Inserir Historico IMFLT202002096AR
19/03/2020 3:25:09 PM - Insert with success IMFLT202002096AR
19/03/2020 3:25:09 PM - Inserir Historico IMROA202003025AR
19/03/2020 3:25:09 PM - Insert with success IMROA202003025AR
19/03/2020 3:25:09 PM - Inserir Historico IMROA202003026AR
19/03/2020 3:25:09 PM - Insert with success IMROA202003026AR
19/03/2020 3:25:09 PM - Inserir Historico EOARG202003016AR
19/03/2020 3:25:10 PM - Insert with success EOARG202003016AR
19/03/2020 3:25:10 PM - Inserir Historico EOARG202002173AR
19/03/2020 3:25:10 PM - Insert with success EOARG202002173AR
19/03/2020 3:25:10 PM - Inserir Historico EOARG202002213AR
19/03/2020 3:25:10 PM - Insert with success EOARG202002213AR
19/03/2020 3:25:10 PM - Inserir Historico EOARG202003125AR
19/03/2020 3:25:10 PM - Insert with success EOARG202003125AR
19/03/2020 3:25:10 PM - Inserir Historico IMARG202003071AR
19/03/2020 3:25:10 PM - Insert with success IMARG202003071AR
19/03/2020 3:25:10 PM - Inserir Historico EOARG202002058AR
19/03/2020 3:25:11 PM - Insert with success EOARG202002058AR
19/03/2020 3:25:11 PM - Inserir Historico EOARG202002190AR
19/03/2020 3:25:11 PM - Insert with success EOARG202002190AR
19/03/2020 3:25:11 PM - Inserir Historico EOARG202002206AR
19/03/2020 3:25:11 PM - Insert with success EOARG202002206AR
19/03/2020 3:25:11 PM - Inserir Historico EOARG202002212AR
19/03/2020 3:25:11 PM - Insert with success EOARG202002212AR
19/03/2020 3:25:11 PM - Inserir Historico EOARG202002214AR
19/03/2020 3:25:11 PM - Insert with success EOARG202002214AR
19/03/2020 3:25:11 PM - Inserir Historico EOARG202002218AR
19/03/2020 3:25:12 PM - Insert with success EOARG202002218AR
19/03/2020 3:25:12 PM - Inserir Historico EMARG202003104AR
19/03/2020 3:25:12 PM - Insert with success EMARG202003104AR
19/03/2020 3:25:12 PM - Inserir Historico IMROA202003027AR
19/03/2020 3:25:12 PM - Insert with success IMROA202003027AR
19/03/2020 3:25:12 PM - Inserir Historico EMARG202003108AR
19/03/2020 3:25:12 PM - Insert with success EMARG202003108AR
19/03/2020 3:25:12 PM - Inserir Historico IMARG202003032AR
19/03/2020 3:25:12 PM - Insert with success IMARG202003032AR
19/03/2020 3:25:12 PM - Inserir Historico EMARG202003110AR
19/03/2020 3:25:13 PM - Insert with success EMARG202003110AR
19/03/2020 3:25:13 PM - Inserir Historico IAFLT202003013AR
19/03/2020 3:25:13 PM - Insert with success IAFLT202003013AR
19/03/2020 3:25:13 PM - Inserir Historico IMARG202003036AR
19/03/2020 3:25:13 PM - Insert with success IMARG202003036AR
19/03/2020 3:25:13 PM - Inserir Historico IMFLT202002024AR
19/03/2020 3:25:13 PM - Insert with success IMFLT202002024AR
19/03/2020 3:25:13 PM - Inserir Historico IMAXA202002009AR
19/03/2020 3:25:13 PM - Insert with success IMAXA202002009AR
19/03/2020 3:25:13 PM - Inserir Historico IMAXA202001013AR
19/03/2020 3:25:14 PM - Insert with success IMAXA202001013AR
19/03/2020 3:25:14 PM - Inserir Historico EMARG202003100AR
19/03/2020 3:25:14 PM - Insert with success EMARG202003100AR
19/03/2020 3:25:14 PM - Inserir Historico EMFLT202003006AR
19/03/2020 3:25:14 PM - Insert with success EMFLT202003006AR
19/03/2020 3:25:14 PM - Inserir Historico EMARG202003221AR
19/03/2020 3:25:14 PM - Insert with success EMARG202003221AR
19/03/2020 3:25:14 PM - Inserir Historico IAARG202003006AR
19/03/2020 3:25:14 PM - Insert with success IAARG202003006AR
19/03/2020 3:25:14 PM - Inserir Historico IMARG202003035AR
19/03/2020 3:25:14 PM - Insert with success IMARG202003035AR
19/03/2020 3:25:15 PM - Inserir Historico IMBRN202003010AR
19/03/2020 3:25:15 PM - Insert with success IMBRN202003010AR
19/03/2020 3:25:15 PM - Inserir Historico IMSOL202003011AR
19/03/2020 3:25:15 PM - Insert with success IMSOL202003011AR
19/03/2020 3:25:15 PM - Inserir Historico EMARG202003222AR
19/03/2020 3:25:15 PM - Insert with success EMARG202003222AR
19/03/2020 3:25:15 PM - Inserir Historico IMSOL202003003AR
19/03/2020 3:25:15 PM - Insert with success IMSOL202003003AR
19/03/2020 3:25:15 PM - Inserir Historico IMARG202001154AR
19/03/2020 3:25:16 PM - Insert with success IMARG202001154AR
19/03/2020 3:25:16 PM - Inserir Historico IMARG202001160AR
19/03/2020 3:25:16 PM - Insert with success IMARG202001160AR
19/03/2020 3:25:16 PM - Inserir Historico IMARG202002092AR
19/03/2020 3:25:16 PM - Insert with success IMARG202002092AR
19/03/2020 3:25:16 PM - Inserir Historico IMARG202001139AR
19/03/2020 3:25:16 PM - Insert with success IMARG202001139AR
19/03/2020 3:25:16 PM - Inserir Historico IMBRN202003011AR
19/03/2020 3:25:16 PM - Insert with success IMBRN202003011AR
19/03/2020 3:25:16 PM - Inserir Historico IMARG202003002AR
19/03/2020 3:25:17 PM - Insert with success IMARG202003002AR
19/03/2020 3:25:17 PM - Inserir Historico IMBRN202003012AR
19/03/2020 3:25:17 PM - Insert with success IMBRN202003012AR
19/03/2020 3:25:17 PM - Inserir Historico IMBRN202003013AR
19/03/2020 3:25:17 PM - Insert with success IMBRN202003013AR
19/03/2020 3:25:17 PM - Inserir Historico IMKMN202003001AR
19/03/2020 3:25:17 PM - Insert with success IMKMN202003001AR
19/03/2020 3:25:17 PM - Inserir Historico EOARG202003095AR
19/03/2020 3:25:17 PM - Insert with success EOARG202003095AR
19/03/2020 3:25:17 PM - Inserir Historico EOARG202003141AR
19/03/2020 3:25:18 PM - Insert with success EOARG202003141AR
19/03/2020 3:25:18 PM - Inserir Historico EMFLT202003011AR
19/03/2020 3:25:18 PM - Insert with success EMFLT202003011AR
19/03/2020 3:25:18 PM - Inserir Historico IOKMN202003002AR
19/03/2020 3:25:18 PM - Insert with success IOKMN202003002AR
19/03/2020 3:25:18 PM - Inserir Historico IMARG202003099AR
19/03/2020 3:25:18 PM - Insert with success IMARG202003099AR
19/03/2020 3:25:18 PM - Inserir Historico EMARG202003165AR
19/03/2020 3:25:18 PM - Insert with success EMARG202003165AR
19/03/2020 3:25:18 PM - Inserir Historico IMFLT202003033AR
19/03/2020 3:25:18 PM - Insert with success IMFLT202003033AR
19/03/2020 3:25:19 PM - Inserir Historico EMARG202003167AR
19/03/2020 3:25:19 PM - Insert with success EMARG202003167AR
19/03/2020 3:25:19 PM - Inserir Historico EMARG202003168AR
19/03/2020 3:25:19 PM - Insert with success EMARG202003168AR
19/03/2020 3:25:19 PM - Inserir Historico EMFLT202002022AR
19/03/2020 3:25:19 PM - Insert with success EMFLT202002022AR
19/03/2020 3:25:19 PM - Inserir Historico EMARG202003169AR
19/03/2020 3:25:19 PM - Insert with success EMARG202003169AR
19/03/2020 3:25:19 PM - Inserir Historico EMARG202003170AR
19/03/2020 3:25:19 PM - Insert with success EMARG202003170AR
19/03/2020 3:25:19 PM - Inserir Historico IMROA202003018AR
19/03/2020 3:25:20 PM - Insert with success IMROA202003018AR
19/03/2020 3:25:20 PM - Inserir Historico EMARG202003174AR
19/03/2020 3:25:20 PM - Insert with success EMARG202003174AR
19/03/2020 3:25:20 PM - Inserir Historico EMARG202003175AR
19/03/2020 3:25:20 PM - Insert with success EMARG202003175AR
19/03/2020 3:25:20 PM - Inserir Historico EMARG202003176AR
19/03/2020 3:25:20 PM - Insert with success EMARG202003176AR
19/03/2020 3:25:20 PM - Inserir Historico EMARG202003177AR
19/03/2020 3:25:20 PM - Insert with success EMARG202003177AR
19/03/2020 3:25:20 PM - Inserir Historico EMFLT202002026AR
19/03/2020 3:25:21 PM - Insert with success EMFLT202002026AR
19/03/2020 3:25:21 PM - Inserir Historico EMARG202003178AR
19/03/2020 3:25:21 PM - Insert with success EMARG202003178AR
19/03/2020 3:25:21 PM - Inserir Historico IMARG202002044AR
19/03/2020 3:25:21 PM - Insert with success IMARG202002044AR
19/03/2020 3:25:21 PM - Inserir Historico IMBRN201908002AR
19/03/2020 3:25:21 PM - Insert with success IMBRN201908002AR
19/03/2020 3:25:21 PM - Inserir Historico IMFLT202003034AR
19/03/2020 3:25:21 PM - Insert with success IMFLT202003034AR
19/03/2020 3:25:21 PM - Inserir Historico EMFLT202002018AR
19/03/2020 3:25:22 PM - Insert with success EMFLT202002018AR
19/03/2020 3:25:22 PM - Inserir Historico IMROA202003029AR
19/03/2020 3:25:22 PM - Insert with success IMROA202003029AR
19/03/2020 3:25:22 PM - Inserir Historico EMARG202003129AR
19/03/2020 3:25:22 PM - Insert with success EMARG202003129AR
19/03/2020 3:25:22 PM - Inserir Historico IMFLT202003007AR
19/03/2020 3:25:22 PM - Insert with success IMFLT202003007AR
19/03/2020 3:25:22 PM - Inserir Historico EOARG202003063AR
19/03/2020 3:25:22 PM - Insert with success EOARG202003063AR
19/03/2020 3:25:22 PM - Inserir Historico IOGRH202003001AR
19/03/2020 3:25:23 PM - Insert with success IOGRH202003001AR
19/03/2020 3:25:23 PM - Inserir Historico EOARG202003142AR
19/03/2020 3:25:23 PM - Insert with success EOARG202003142AR
19/03/2020 3:25:23 PM - Inserir Historico IOAXA202003009AR
19/03/2020 3:25:23 PM - Insert with success IOAXA202003009AR
19/03/2020 3:25:23 PM - Inserir Historico EOARG202003143AR
19/03/2020 3:25:23 PM - Insert with success EOARG202003143AR
19/03/2020 3:25:23 PM - Inserir Historico IMFLT202003008AR
19/03/2020 3:25:23 PM - Insert with success IMFLT202003008AR
19/03/2020 3:25:23 PM - Inserir Historico EMFLT202003007AR
19/03/2020 3:25:24 PM - Insert with success EMFLT202003007AR
19/03/2020 3:25:24 PM - Inserir Historico EOARG202003144AR
19/03/2020 3:25:24 PM - Insert with success EOARG202003144AR
19/03/2020 3:25:24 PM - Inserir Historico IMROA202003035AR
19/03/2020 3:25:24 PM - Insert with success IMROA202003035AR
19/03/2020 3:25:24 PM - Inserir Historico EOARG202003145AR
19/03/2020 3:25:24 PM - Insert with success EOARG202003145AR
19/03/2020 3:25:24 PM - Inserir Historico IMARG202003100AR
19/03/2020 3:25:24 PM - Insert with success IMARG202003100AR
19/03/2020 3:25:24 PM - Inserir Historico EMARG202003223AR
19/03/2020 3:25:25 PM - Insert with success EMARG202003223AR
19/03/2020 3:25:25 PM - Inserir Historico IMFLT202001105AR
19/03/2020 3:25:25 PM - Insert with success IMFLT202001105AR
19/03/2020 3:25:25 PM - Inserir Historico EOARG202003146AR
19/03/2020 3:25:25 PM - Insert with success EOARG202003146AR
19/03/2020 3:25:25 PM - Inserir Historico EOARG202003147AR
19/03/2020 3:25:25 PM - Insert with success EOARG202003147AR
19/03/2020 3:25:25 PM - Inserir Historico EOARG202003148AR
19/03/2020 3:25:25 PM - Insert with success EOARG202003148AR
19/03/2020 3:25:25 PM - Inserir Historico EOARG202003149AR
19/03/2020 3:25:26 PM - Insert with success EOARG202003149AR
19/03/2020 3:25:26 PM - Inserir Historico EMARG202003224AR
19/03/2020 3:25:26 PM - Insert with success EMARG202003224AR
19/03/2020 3:25:26 PM - Inserir Historico EOARG202003150AR
19/03/2020 3:25:26 PM - Insert with success EOARG202003150AR
19/03/2020 3:25:26 PM - Inserir Historico EMARG202003225AR
19/03/2020 3:25:26 PM - Insert with success EMARG202003225AR
19/03/2020 3:25:26 PM - Inserir Historico EOARG202003151AR
19/03/2020 3:25:26 PM - Insert with success EOARG202003151AR
19/03/2020 3:25:26 PM - Inserir Historico EOARG202003152AR
19/03/2020 3:25:27 PM - Insert with success EOARG202003152AR
19/03/2020 3:25:27 PM - Inserir Historico IMURU202003003AR
19/03/2020 3:25:27 PM - Insert with success IMURU202003003AR
19/03/2020 3:25:27 PM - Inserir Historico EOARG202002172AR
19/03/2020 3:25:27 PM - Insert with success EOARG202002172AR
19/03/2020 3:25:27 PM - Inserir Historico EMARG202003226AR
19/03/2020 3:25:27 PM - Insert with success EMARG202003226AR
19/03/2020 3:25:27 PM - Inserir Historico EOARG202003153AR
19/03/2020 3:25:27 PM - Insert with success EOARG202003153AR
19/03/2020 3:25:27 PM - Inserir Historico EOARG202003154AR
19/03/2020 3:25:28 PM - Insert with success EOARG202003154AR
19/03/2020 3:25:28 PM - Inserir Historico EOARG202003155AR
19/03/2020 3:25:28 PM - Insert with success EOARG202003155AR
19/03/2020 3:25:28 PM - Inserir Historico EOARG202003156AR
19/03/2020 3:25:28 PM - Insert with success EOARG202003156AR
19/03/2020 3:25:28 PM - Inserir Historico EOARG202003157AR
19/03/2020 3:25:28 PM - Insert with success EOARG202003157AR
19/03/2020 3:25:28 PM - Inserir Historico EOARG202002168AR
19/03/2020 3:25:28 PM - Insert with success EOARG202002168AR
19/03/2020 3:25:28 PM - Inserir Historico EOARG202003158AR
19/03/2020 3:25:28 PM - Insert with success EOARG202003158AR
19/03/2020 3:25:29 PM - Inserir Historico IMARG202001164AR
19/03/2020 3:25:29 PM - Insert with success IMARG202001164AR
19/03/2020 3:25:29 PM - Inserir Historico IMARG202001172AR
19/03/2020 3:25:29 PM - Insert with success IMARG202001172AR
19/03/2020 3:25:29 PM - Inserir Historico IMARG202002036AR
19/03/2020 3:25:29 PM - Insert with success IMARG202002036AR
19/03/2020 3:25:29 PM - Inserir Historico IMARG202003001AR
19/03/2020 3:25:29 PM - Insert with success IMARG202003001AR
19/03/2020 3:25:29 PM - Inserir Historico IMROA202003007AR
19/03/2020 3:25:29 PM - Insert with success IMROA202003007AR
19/03/2020 3:25:29 PM - Inserir Historico IMARG202002037AR
19/03/2020 3:25:30 PM - Insert with success IMARG202002037AR
19/03/2020 3:25:30 PM - Inserir Historico IMROA202001073AR
19/03/2020 3:25:30 PM - Insert with success IMROA202001073AR
19/03/2020 3:25:30 PM - Inserir Historico IMROA202003002AR
19/03/2020 3:25:30 PM - Insert with success IMROA202003002AR
19/03/2020 3:25:30 PM - Inserir Historico IMROA202003009AR
19/03/2020 3:25:30 PM - Insert with success IMROA202003009AR
19/03/2020 3:25:30 PM - Inserir Historico IMARG202001099AR
19/03/2020 3:25:30 PM - Insert with success IMARG202001099AR
19/03/2020 3:25:30 PM - Inserir Historico IMROA202003003AR
19/03/2020 3:25:31 PM - Insert with success IMROA202003003AR
19/03/2020 3:25:31 PM - Inserir Historico IMROA202003010AR
19/03/2020 3:25:31 PM - Insert with success IMROA202003010AR
19/03/2020 3:25:31 PM - Inserir Historico EMARG202002250AR
19/03/2020 3:25:31 PM - Insert with success EMARG202002250AR
19/03/2020 3:25:31 PM - Inserir Historico EMARG202002248AR
19/03/2020 3:25:31 PM - Insert with success EMARG202002248AR
19/03/2020 3:25:31 PM - Inserir Historico EMARG202002247AR
19/03/2020 3:25:31 PM - Insert with success EMARG202002247AR
19/03/2020 3:25:31 PM - Inserir Historico EMARG202002252AR
19/03/2020 3:25:32 PM - Insert with success EMARG202002252AR
19/03/2020 3:25:32 PM - Inserir Historico EMARG202003016AR
19/03/2020 3:25:32 PM - Insert with success EMARG202003016AR
19/03/2020 3:25:32 PM - Inserir Historico EMARG202002221AR
19/03/2020 3:25:32 PM - Insert with success EMARG202002221AR
19/03/2020 3:25:32 PM - Inserir Historico EMARG202002120AR
19/03/2020 3:25:32 PM - Insert with success EMARG202002120AR
19/03/2020 3:25:32 PM - Inserir Historico EMARG202002121AR
19/03/2020 3:25:32 PM - Insert with success EMARG202002121AR
19/03/2020 3:25:32 PM - Inserir Historico EMARG202002122AR
19/03/2020 3:25:33 PM - Insert with success EMARG202002122AR
19/03/2020 3:25:33 PM - Inserir Historico EMARG202002123AR
19/03/2020 3:25:33 PM - Insert with success EMARG202002123AR
19/03/2020 3:25:33 PM - Inserir Historico EMARG202002124AR
19/03/2020 3:25:33 PM - Insert with success EMARG202002124AR
19/03/2020 3:25:33 PM - Inserir Historico EMARG202002125AR
19/03/2020 3:25:33 PM - Insert with success EMARG202002125AR
19/03/2020 3:25:33 PM - Inserir Historico EMARG202002126AR
19/03/2020 3:25:33 PM - Insert with success EMARG202002126AR
19/03/2020 3:25:33 PM - Inserir Historico EMARG202002127AR
19/03/2020 3:25:34 PM - Insert with success EMARG202002127AR
19/03/2020 3:25:34 PM - Inserir Historico EMARG202002128AR
19/03/2020 3:25:34 PM - Insert with success EMARG202002128AR
19/03/2020 3:25:34 PM - Inserir Historico IMCHP202002015AR
19/03/2020 3:25:34 PM - Insert with success IMCHP202002015AR
19/03/2020 3:25:34 PM - Inserir Historico EMARG202002129AR
19/03/2020 3:25:34 PM - Insert with success EMARG202002129AR
19/03/2020 3:25:34 PM - Inserir Historico EMARG202002130AR
19/03/2020 3:25:34 PM - Insert with success EMARG202002130AR
19/03/2020 3:25:34 PM - Inserir Historico EMARG202002200AR
19/03/2020 3:25:35 PM - Insert with success EMARG202002200AR
19/03/2020 3:25:35 PM - Inserir Historico IMCHP202003010AR
19/03/2020 3:25:35 PM - Insert with success IMCHP202003010AR
19/03/2020 3:25:35 PM - Inserir Historico IMCHP202002012AR
19/03/2020 3:25:35 PM - Insert with success IMCHP202002012AR
19/03/2020 3:25:35 PM - Inserir Historico IMCHP202002013AR
19/03/2020 3:25:35 PM - Insert with success IMCHP202002013AR
19/03/2020 3:25:35 PM - Inserir Historico IMCHP202003001AR
19/03/2020 3:25:35 PM - Insert with success IMCHP202003001AR
19/03/2020 3:25:35 PM - Inserir Historico IMCHP202003002AR
19/03/2020 3:25:36 PM - Insert with success IMCHP202003002AR
19/03/2020 3:25:36 PM - Inserir Historico IMCHP202002014AR
19/03/2020 3:25:36 PM - Insert with success IMCHP202002014AR
19/03/2020 3:25:36 PM - Inserir Historico EOUNI202003035AR
19/03/2020 3:25:36 PM - Insert with success EOUNI202003035AR
19/03/2020 3:25:36 PM - Inserir Historico EOAXA202003001AR
19/03/2020 3:25:36 PM - Insert with success EOAXA202003001AR
19/03/2020 3:25:36 PM - Inserir Historico EOARG202003043AR
19/03/2020 3:25:36 PM - Insert with success EOARG202003043AR
19/03/2020 3:25:36 PM - Inserir Historico EOARG202003066AR
19/03/2020 3:25:37 PM - Insert with success EOARG202003066AR
19/03/2020 3:25:37 PM - Inserir Historico EOARG202002200AR
19/03/2020 3:25:37 PM - Insert with success EOARG202002200AR
19/03/2020 3:25:37 PM - Inserir Historico EOARG202003040AR
19/03/2020 3:25:37 PM - Insert with success EOARG202003040AR
19/03/2020 3:25:37 PM - Inserir Historico EOARG202003064AR
19/03/2020 3:25:37 PM - Insert with success EOARG202003064AR
19/03/2020 3:25:37 PM - Inserir Historico EOUNI202003007AR
19/03/2020 3:25:37 PM - Insert with success EOUNI202003007AR
19/03/2020 3:25:37 PM - Inserir Historico EOARG202003069AR
19/03/2020 3:25:38 PM - Insert with success EOARG202003069AR
19/03/2020 3:25:38 PM - Inserir Historico EOUNI202003014AR
19/03/2020 3:25:38 PM - Insert with success EOUNI202003014AR
19/03/2020 3:25:38 PM - Inserir Historico EOARG202003068AR
19/03/2020 3:25:38 PM - Insert with success EOARG202003068AR
19/03/2020 3:25:38 PM - Inserir Historico EMARG202002037AR
19/03/2020 3:25:38 PM - Insert with success EMARG202002037AR
19/03/2020 3:25:38 PM - Inserir Historico EOARG202003129AR
19/03/2020 3:25:38 PM - Insert with success EOARG202003129AR
19/03/2020 3:25:38 PM - Inserir Historico IMROA202003020AR
19/03/2020 3:25:39 PM - Insert with success IMROA202003020AR
19/03/2020 3:25:39 PM - Inserir Historico EMARG202003227AR
19/03/2020 3:25:39 PM - Insert with success EMARG202003227AR
19/03/2020 3:25:39 PM - Inserir Historico IMBRN202003014AR
19/03/2020 3:25:39 PM - Insert with success IMBRN202003014AR
19/03/2020 3:25:39 PM - Inserir Historico IMARG202003038AR
19/03/2020 3:25:39 PM - Insert with success IMARG202003038AR
19/03/2020 3:25:39 PM - Inserir Historico IMARG202001155AR
19/03/2020 3:25:39 PM - Insert with success IMARG202001155AR
19/03/2020 3:25:39 PM - Inserir Historico EMARG202003228AR
19/03/2020 3:25:40 PM - Insert with success EMARG202003228AR
19/03/2020 3:25:40 PM - Inserir Historico IMROA202003022AR
19/03/2020 3:25:40 PM - Insert with success IMROA202003022AR
19/03/2020 3:25:40 PM - Inserir Historico EMARG202001027AR
19/03/2020 3:25:40 PM - Insert with success EMARG202001027AR
19/03/2020 3:25:40 PM - Inserir Historico EOARG202002067AR
19/03/2020 3:25:40 PM - Insert with success EOARG202002067AR
19/03/2020 3:25:40 PM - Inserir Historico IMFLT202003032AR
19/03/2020 3:25:40 PM - Insert with success IMFLT202003032AR
19/03/2020 3:25:40 PM - Inserir Historico EOARG202002102AR
19/03/2020 3:25:41 PM - Insert with success EOARG202002102AR
19/03/2020 3:25:41 PM - Inserir Historico IOSOL202003003AR
19/03/2020 3:25:41 PM - Insert with success IOSOL202003003AR
19/03/2020 3:25:41 PM - Inserir Historico EMARG202002110AR
19/03/2020 3:25:41 PM - Insert with success EMARG202002110AR
19/03/2020 3:25:41 PM - Inserir Historico IOFLT202001001AR
19/03/2020 3:25:41 PM - Insert with success IOFLT202001001AR
19/03/2020 3:25:41 PM - Inserir Historico EMARG202003229AR
19/03/2020 3:25:41 PM - Insert with success EMARG202003229AR
19/03/2020 3:25:41 PM - Inserir Historico IOFLT201911001AR
19/03/2020 3:25:42 PM - Insert with success IOFLT201911001AR
19/03/2020 3:25:42 PM - Inserir Historico IOFLT201912002AR
19/03/2020 3:25:42 PM - Insert with success IOFLT201912002AR
19/03/2020 3:25:42 PM - Inserir Historico IOFLT201912001AR
19/03/2020 3:25:42 PM - Insert with success IOFLT201912001AR
19/03/2020 3:25:42 PM - Inserir Historico IOGRH202003002AR
19/03/2020 3:25:42 PM - Insert with success IOGRH202003002AR
19/03/2020 3:25:42 PM - Inserir Historico EOARG202003088AR
19/03/2020 3:25:42 PM - Insert with success EOARG202003088AR
19/03/2020 3:25:42 PM - Inserir Historico IMCHP202003013AR
19/03/2020 3:25:42 PM - Insert with success IMCHP202003013AR
19/03/2020 3:25:43 PM - Inserir Historico EOARG202003089AR
19/03/2020 3:25:43 PM - Insert with success EOARG202003089AR
19/03/2020 3:25:43 PM - Inserir Historico IMFLT202003035AR
19/03/2020 3:25:43 PM - Insert with success IMFLT202003035AR
19/03/2020 3:25:43 PM - Inserir Historico EOARG202003159AR
19/03/2020 3:25:43 PM - Insert with success EOARG202003159AR
19/03/2020 3:25:43 PM - Inserir Historico IMFLT202003001AR
19/03/2020 3:25:43 PM - Insert with success IMFLT202003001AR
19/03/2020 3:25:43 PM - Inserir Historico EOARG202003123AR
19/03/2020 3:25:43 PM - Insert with success EOARG202003123AR
19/03/2020 3:25:43 PM - Inserir Historico EMARG202003053AR
19/03/2020 3:25:44 PM - Insert with success EMARG202003053AR
19/03/2020 3:25:44 PM - Inserir Historico IMARG202002094AR
19/03/2020 3:25:44 PM - Insert with success IMARG202002094AR
19/03/2020 3:25:44 PM - Inserir Historico EMARG202003078AR
19/03/2020 3:25:44 PM - Insert with success EMARG202003078AR
19/03/2020 3:25:44 PM - Inserir Historico EMARG202003077AR
19/03/2020 3:25:44 PM - Insert with success EMARG202003077AR
19/03/2020 3:25:44 PM - Inserir Historico EOARG202003160AR
19/03/2020 3:25:44 PM - Insert with success EOARG202003160AR
19/03/2020 3:25:45 PM - Inserir Historico IMCRE202002001AR
19/03/2020 3:25:45 PM - Insert with success IMCRE202002001AR
19/03/2020 3:25:45 PM - Inserir Historico EMARG202003076AR
19/03/2020 3:25:45 PM - Insert with success EMARG202003076AR
19/03/2020 3:25:45 PM - Inserir Historico IMKMN202001001AR
19/03/2020 3:25:45 PM - Insert with success IMKMN202001001AR
19/03/2020 3:25:45 PM - Inserir Historico IOKMN202001001AR
19/03/2020 3:25:45 PM - Insert with success IOKMN202001001AR
19/03/2020 3:25:45 PM - Inserir Historico IMARG202002093AR
19/03/2020 3:25:45 PM - Insert with success IMARG202002093AR
19/03/2020 3:25:45 PM - Inserir Historico EOARG202003161AR
19/03/2020 3:25:46 PM - Insert with success EOARG202003161AR
19/03/2020 3:25:46 PM - Inserir Historico EMARG202003230AR
19/03/2020 3:25:46 PM - Insert with success EMARG202003230AR
19/03/2020 3:25:46 PM - Inserir Historico IMROA202002030AR
19/03/2020 3:25:46 PM - Insert with success IMROA202002030AR
19/03/2020 3:25:46 PM - Inserir Historico IMKMN202002003AR
19/03/2020 3:25:46 PM - Insert with success IMKMN202002003AR
19/03/2020 3:25:46 PM - Inserir Historico IMARG202003101AR
19/03/2020 3:25:46 PM - Insert with success IMARG202003101AR
19/03/2020 3:25:46 PM - Inserir Historico IMSLT202002005AR
19/03/2020 3:25:47 PM - Insert with success IMSLT202002005AR
19/03/2020 3:25:47 PM - Inserir Historico IMSLT202002006AR
19/03/2020 3:25:47 PM - Insert with success IMSLT202002006AR
19/03/2020 3:25:47 PM - Inserir Historico IMCHP202003004AR
19/03/2020 3:25:47 PM - Insert with success IMCHP202003004AR
19/03/2020 3:25:47 PM - Inserir Historico IMCHP202003005AR
19/03/2020 3:25:47 PM - Insert with success IMCHP202003005AR
19/03/2020 3:25:47 PM - Inserir Historico IMFLT202003036AR
19/03/2020 3:25:47 PM - Insert with success IMFLT202003036AR
19/03/2020 3:25:47 PM - Inserir Historico EOARG202003067AR
19/03/2020 3:25:48 PM - Insert with success EOARG202003067AR
19/03/2020 3:25:48 PM - Inserir Historico IMCHP202003015AR
19/03/2020 3:25:48 PM - Insert with success IMCHP202003015AR
19/03/2020 3:25:48 PM - Inserir Historico IAPSP202003005AR
19/03/2020 3:25:48 PM - Insert with success IAPSP202003005AR
19/03/2020 3:25:48 PM - Inserir Historico IAAXA202003001AR
19/03/2020 3:25:48 PM - Insert with success IAAXA202003001AR
19/03/2020 3:25:48 PM - Inserir Historico IMARG202003102AR
19/03/2020 3:25:48 PM - Insert with success IMARG202003102AR
19/03/2020 3:25:48 PM - Inserir Historico EMARG202003231AR
19/03/2020 3:25:49 PM - Insert with success EMARG202003231AR
19/03/2020 3:25:49 PM - Inserir Historico IMFLT202003037AR
19/03/2020 3:25:49 PM - Insert with success IMFLT202003037AR
19/03/2020 3:25:49 PM - Inserir Historico IMCHP202003016AR
19/03/2020 3:25:49 PM - Insert with success IMCHP202003016AR
19/03/2020 3:25:49 PM - Inserir Historico IMFLT202003038AR
19/03/2020 3:25:49 PM - Insert with success IMFLT202003038AR
19/03/2020 3:25:49 PM - Inserir Historico IOAXA202003013AR
19/03/2020 3:25:49 PM - Insert with success IOAXA202003013AR
19/03/2020 3:25:49 PM - Inserir Historico IMFLT202003039AR
19/03/2020 3:25:50 PM - Insert with success IMFLT202003039AR
19/03/2020 3:25:50 PM - Inserir Historico IMFLT201906054AR
19/03/2020 3:25:50 PM - Insert with success IMFLT201906054AR
19/03/2020 3:25:50 PM - Inserir Historico IMFLT201906022AR
19/03/2020 3:25:50 PM - Insert with success IMFLT201906022AR
19/03/2020 3:25:50 PM - Inserir Historico IMFLT201908019AR
19/03/2020 3:25:50 PM - Insert with success IMFLT201908019AR
19/03/2020 3:25:50 PM - Inserir Historico IMFLT201908016AR
19/03/2020 3:25:50 PM - Insert with success IMFLT201908016AR
19/03/2020 3:25:50 PM - Inserir Historico IMFLT201910039AR
19/03/2020 3:25:51 PM - Insert with success IMFLT201910039AR
19/03/2020 3:25:51 PM - Inserir Historico IMFLT201911082AR
19/03/2020 3:25:51 PM - Insert with success IMFLT201911082AR
19/03/2020 3:25:51 PM - Inserir Historico IMFLT202003040AR
19/03/2020 3:25:51 PM - Insert with success IMFLT202003040AR
19/03/2020 3:25:51 PM - Inserir Historico IMFLT202003018AR
19/03/2020 3:25:51 PM - Insert with success IMFLT202003018AR
19/03/2020 3:25:51 PM - Inserir Historico IMBRN202003015AR
19/03/2020 3:25:51 PM - Insert with success IMBRN202003015AR
19/03/2020 3:25:51 PM - Inserir Historico IOBRN202003002AR
19/03/2020 3:25:52 PM - Insert with success IOBRN202003002AR
19/03/2020 3:25:52 PM - Inserir Historico IMFLT202003041AR
19/03/2020 3:25:52 PM - Insert with success IMFLT202003041AR
19/03/2020 3:25:52 PM - Inserir Historico IMBRN202003016AR
19/03/2020 3:25:52 PM - Insert with success IMBRN202003016AR
19/03/2020 3:25:52 PM - Inserir Historico EOARG202003162AR
19/03/2020 3:25:52 PM - Insert with success EOARG202003162AR
19/03/2020 3:25:52 PM - Inserir Historico IAFLT202003014AR
19/03/2020 3:25:52 PM - Insert with success IAFLT202003014AR
19/03/2020 3:25:52 PM - Inserir Historico EMARG202003232AR
19/03/2020 3:25:53 PM - Insert with success EMARG202003232AR
19/03/2020 3:25:53 PM - Inserir Historico IMARG202003103AR
19/03/2020 3:25:53 PM - Insert with success IMARG202003103AR
19/03/2020 3:25:53 PM - Inserir Historico EMARG202003233AR
19/03/2020 3:25:53 PM - Insert with success EMARG202003233AR
19/03/2020 3:25:53 PM - Inserir Historico IMFLT202003042AR
19/03/2020 3:25:53 PM - Insert with success IMFLT202003042AR
19/03/2020 3:25:53 PM - Inserir Historico EMARG202003234AR
19/03/2020 3:25:53 PM - Insert with success EMARG202003234AR
19/03/2020 3:25:53 PM - Inserir Historico IMBRN202003017AR
19/03/2020 3:25:54 PM - Insert with success IMBRN202003017AR
19/03/2020 3:25:54 PM - Inserir Historico IMFLT202003043AR
19/03/2020 3:25:54 PM - Insert with success IMFLT202003043AR
19/03/2020 3:25:54 PM - Inserir Historico EMARG202003235AR
19/03/2020 3:25:54 PM - Insert with success EMARG202003235AR
19/03/2020 3:25:54 PM - Inserir Historico IMARG202003104AR
19/03/2020 3:25:54 PM - Insert with success IMARG202003104AR
19/03/2020 3:25:54 PM - Inserir Historico EMARG202003236AR
19/03/2020 3:25:54 PM - Insert with success EMARG202003236AR
19/03/2020 3:25:54 PM - Inserir Historico IMROA202001056AR
19/03/2020 3:25:54 PM - Insert with success IMROA202001056AR
19/03/2020 3:25:55 PM - Inserir Historico IMROA202001062AR
19/03/2020 3:25:55 PM - Insert with success IMROA202001062AR
19/03/2020 3:25:55 PM - Inserir Historico IMROA202001063AR
19/03/2020 3:25:55 PM - Insert with success IMROA202001063AR
19/03/2020 3:25:55 PM - Inserir Historico IMROA202001040AR
19/03/2020 3:25:55 PM - Insert with success IMROA202001040AR
19/03/2020 3:25:55 PM - Inserir Historico IMROA202001053AR
19/03/2020 3:25:55 PM - Insert with success IMROA202001053AR
19/03/2020 3:25:55 PM - Inserir Historico IMROA202001038AR
19/03/2020 3:25:55 PM - Insert with success IMROA202001038AR
19/03/2020 3:25:56 PM - Inserir Historico IMROA202001045AR
19/03/2020 3:25:56 PM - Insert with success IMROA202001045AR
19/03/2020 3:25:56 PM - Inserir Historico IMROA202001047AR
19/03/2020 3:25:56 PM - Insert with success IMROA202001047AR
19/03/2020 3:25:56 PM - Inserir Historico IMROA202001050AR
19/03/2020 3:25:56 PM - Insert with success IMROA202001050AR
19/03/2020 3:25:56 PM - Inserir Historico IMROA202001049AR
19/03/2020 3:25:56 PM - Insert with success IMROA202001049AR
19/03/2020 3:25:56 PM - Inserir Historico IMARG202003033AR
19/03/2020 3:25:56 PM - Insert with success IMARG202003033AR
19/03/2020 3:25:57 PM - Inserir Historico IMARG202003034AR
19/03/2020 3:25:57 PM - Insert with success IMARG202003034AR
19/03/2020 3:25:57 PM - Inserir Historico IMARG202003037AR
19/03/2020 3:25:57 PM - Insert with success IMARG202003037AR
19/03/2020 3:25:57 PM - Inserir Historico IMARG202003043AR
19/03/2020 3:25:57 PM - Insert with success IMARG202003043AR
19/03/2020 3:25:57 PM - Inserir Historico IMARG202003044AR
19/03/2020 3:25:57 PM - Insert with success IMARG202003044AR
19/03/2020 3:25:57 PM - Inserir Historico IMARG202003057AR
19/03/2020 3:25:57 PM - Insert with success IMARG202003057AR
19/03/2020 3:25:57 PM - Inserir Historico IMARG202003028AR
19/03/2020 3:25:58 PM - Insert with success IMARG202003028AR
19/03/2020 3:25:58 PM - Inserir Historico IMARG202003030AR
19/03/2020 3:25:58 PM - Insert with success IMARG202003030AR
19/03/2020 3:25:58 PM - Inserir Historico IMARG202003008AR
19/03/2020 3:25:58 PM - Insert with success IMARG202003008AR
19/03/2020 3:25:58 PM - Inserir Historico IMARG202003007AR
19/03/2020 3:25:58 PM - Insert with success IMARG202003007AR
19/03/2020 3:25:58 PM - Inserir Historico IMARG202003006AR
19/03/2020 3:25:58 PM - Insert with success IMARG202003006AR
19/03/2020 3:25:58 PM - Inserir Historico IMARG202003068AR
19/03/2020 3:25:59 PM - Insert with success IMARG202003068AR
19/03/2020 3:25:59 PM - Inserir Historico IMARG202003066AR
19/03/2020 3:25:59 PM - Insert with success IMARG202003066AR
19/03/2020 3:25:59 PM - Inserir Historico IMARG202003067AR
19/03/2020 3:25:59 PM - Insert with success IMARG202003067AR
19/03/2020 3:25:59 PM - Inserir Historico IMARG202003065AR
19/03/2020 3:25:59 PM - Insert with success IMARG202003065AR
19/03/2020 3:25:59 PM - Inserir Historico IMARG202003064AR
19/03/2020 3:25:59 PM - Insert with success IMARG202003064AR
19/03/2020 3:25:59 PM - Inserir Historico IMARG202003029AR
19/03/2020 3:26:00 PM - Insert with success IMARG202003029AR
19/03/2020 3:26:00 PM - Inserir Historico IMARG202003009AR
19/03/2020 3:26:00 PM - Insert with success IMARG202003009AR
19/03/2020 3:26:00 PM - Inserir Historico IMARG202003010AR
19/03/2020 3:26:00 PM - Insert with success IMARG202003010AR
19/03/2020 3:26:00 PM - Inserir Historico IMARG202003011AR
19/03/2020 3:26:00 PM - Insert with success IMARG202003011AR
19/03/2020 3:26:00 PM - Inserir Historico IMARG202003012AR
19/03/2020 3:26:00 PM - Insert with success IMARG202003012AR
19/03/2020 3:26:01 PM - Inserir Historico IMARG202003013AR
19/03/2020 3:26:01 PM - Insert with success IMARG202003013AR
19/03/2020 3:26:01 PM - Inserir Historico IMARG202003014AR
19/03/2020 3:26:01 PM - Insert with success IMARG202003014AR
19/03/2020 3:26:01 PM - Inserir Historico IMARG202003025AR
19/03/2020 3:26:01 PM - Insert with success IMARG202003025AR
19/03/2020 3:26:01 PM - Inserir Historico IMARG202003039AR
19/03/2020 3:26:01 PM - Insert with success IMARG202003039AR
19/03/2020 3:26:01 PM - Inserir Historico IMARG202003079AR
19/03/2020 3:26:02 PM - Insert with success IMARG202003079AR
19/03/2020 3:26:02 PM - Inserir Historico IMARG201911083AR
19/03/2020 3:26:02 PM - Insert with success IMARG201911083AR
19/03/2020 3:26:02 PM - Inserir Historico IMARG202003023AR
19/03/2020 3:26:02 PM - Insert with success IMARG202003023AR
19/03/2020 3:26:02 PM - Inserir Historico IMARG202003078AR
19/03/2020 3:26:02 PM - Insert with success IMARG202003078AR
19/03/2020 3:26:02 PM - Inserir Historico IMARG202003077AR
19/03/2020 3:26:02 PM - Insert with success IMARG202003077AR
19/03/2020 3:26:02 PM - Inserir Historico IMARG201912073AR
19/03/2020 3:26:03 PM - Insert with success IMARG201912073AR
19/03/2020 3:26:03 PM - Inserir Historico IMARG202003075AR
19/03/2020 3:26:03 PM - Insert with success IMARG202003075AR
19/03/2020 3:26:03 PM - Inserir Historico IMARG202003074AR
19/03/2020 3:26:03 PM - Insert with success IMARG202003074AR
19/03/2020 3:26:03 PM - Inserir Historico IMARG202003072AR
19/03/2020 3:26:03 PM - Insert with success IMARG202003072AR
19/03/2020 3:26:03 PM - Inserir Historico IMROA202001051AR
19/03/2020 3:26:03 PM - Insert with success IMROA202001051AR
19/03/2020 3:26:03 PM - Inserir Historico IMROA202002034AR
19/03/2020 3:26:04 PM - Insert with success IMROA202002034AR
19/03/2020 3:26:04 PM - Inserir Historico IMARG202002050AR
19/03/2020 3:26:04 PM - Insert with success IMARG202002050AR
19/03/2020 3:26:04 PM - Inserir Historico IMARG202002057AR
19/03/2020 3:26:04 PM - Insert with success IMARG202002057AR
19/03/2020 3:26:04 PM - Inserir Historico IMARG202003055AR
19/03/2020 3:26:04 PM - Insert with success IMARG202003055AR
19/03/2020 3:26:04 PM - Inserir Historico IMARG202003046AR
19/03/2020 3:26:04 PM - Insert with success IMARG202003046AR
19/03/2020 3:26:04 PM - Inserir Historico IMARG202001166AR
19/03/2020 3:26:05 PM - Insert with success IMARG202001166AR
19/03/2020 3:26:05 PM - Inserir Historico IMARG202002053AR
19/03/2020 3:26:05 PM - Insert with success IMARG202002053AR
19/03/2020 3:26:05 PM - Inserir Historico IMARG202002051AR
19/03/2020 3:26:05 PM - Insert with success IMARG202002051AR
19/03/2020 3:26:05 PM - Inserir Historico IMARG202002052AR
19/03/2020 3:26:05 PM - Insert with success IMARG202002052AR
19/03/2020 3:26:05 PM - Inserir Historico IMARG202003059AR
19/03/2020 3:26:05 PM - Insert with success IMARG202003059AR
19/03/2020 3:26:05 PM - Inserir Historico IMARG202003058AR
19/03/2020 3:26:05 PM - Insert with success IMARG202003058AR
19/03/2020 3:26:06 PM - Inserir Historico IMARG202002054AR
19/03/2020 3:26:06 PM - Insert with success IMARG202002054AR
19/03/2020 3:26:06 PM - Inserir Historico IMARG202003015AR
19/03/2020 3:26:06 PM - Insert with success IMARG202003015AR
19/03/2020 3:26:06 PM - Inserir Historico IMARG202002031AR
19/03/2020 3:26:06 PM - Insert with success IMARG202002031AR
19/03/2020 3:26:06 PM - Inserir Historico IMARG202003076AR
19/03/2020 3:26:06 PM - Insert with success IMARG202003076AR
19/03/2020 3:26:06 PM - Inserir Historico IMROA201910009AR
19/03/2020 3:26:06 PM - Insert with success IMROA201910009AR
19/03/2020 3:26:06 PM - Inserir Historico IMROA202001019AR
19/03/2020 3:26:07 PM - Insert with success IMROA202001019AR
19/03/2020 3:26:07 PM - Inserir Historico IMROA202001023AR
19/03/2020 3:26:07 PM - Insert with success IMROA202001023AR
19/03/2020 3:26:07 PM - Inserir Historico IMROA202001024AR
19/03/2020 3:26:07 PM - Insert with success IMROA202001024AR
19/03/2020 3:26:07 PM - Inserir Historico IMROA202001028AR
19/03/2020 3:26:07 PM - Insert with success IMROA202001028AR
19/03/2020 3:26:07 PM - Inserir Historico IMROA202001029AR
19/03/2020 3:26:07 PM - Insert with success IMROA202001029AR
19/03/2020 3:26:08 PM - Inserir Historico IMROA202001052AR
19/03/2020 3:26:08 PM - Insert with success IMROA202001052AR
19/03/2020 3:26:08 PM - Inserir Historico IMROA202001046AR
19/03/2020 3:26:08 PM - Insert with success IMROA202001046AR
19/03/2020 3:26:08 PM - Inserir Historico IMROA202001033AR
19/03/2020 3:26:08 PM - Insert with success IMROA202001033AR
19/03/2020 3:26:08 PM - Inserir Historico IMROA202001032AR
19/03/2020 3:26:08 PM - Insert with success IMROA202001032AR
19/03/2020 3:26:08 PM - Inserir Historico IMROA202001031AR
19/03/2020 3:26:09 PM - Insert with success IMROA202001031AR
19/03/2020 3:26:09 PM - Inserir Historico IMROA202001030AR
19/03/2020 3:26:09 PM - Insert with success IMROA202001030AR
19/03/2020 3:26:09 PM - Inserir Historico IMROA202001068AR
19/03/2020 3:26:09 PM - Insert with success IMROA202001068AR
19/03/2020 3:26:09 PM - Inserir Historico IMROA202001061AR
19/03/2020 3:26:09 PM - Insert with success IMROA202001061AR
19/03/2020 3:26:09 PM - Inserir Historico IMROA202001067AR
19/03/2020 3:26:09 PM - Insert with success IMROA202001067AR
19/03/2020 3:26:09 PM - Inserir Historico IMROA202001065AR
19/03/2020 3:26:09 PM - Insert with success IMROA202001065AR
19/03/2020 3:26:10 PM - Inserir Historico IMROA202001058AR
19/03/2020 3:26:10 PM - Insert with success IMROA202001058AR
19/03/2020 3:26:10 PM - Inserir Historico IMROA202001057AR
19/03/2020 3:26:10 PM - Insert with success IMROA202001057AR
19/03/2020 3:26:10 PM - Inserir Historico IMROA202001055AR
19/03/2020 3:26:10 PM - Insert with success IMROA202001055AR
19/03/2020 3:26:10 PM - Inserir Historico IMROA202001069AR
19/03/2020 3:26:10 PM - Insert with success IMROA202001069AR
19/03/2020 3:26:10 PM - Inserir Historico IMROA202001071AR
19/03/2020 3:26:10 PM - Insert with success IMROA202001071AR
19/03/2020 3:26:11 PM - Inserir Historico IMROA202002003AR
19/03/2020 3:26:11 PM - Insert with success IMROA202002003AR
19/03/2020 3:26:11 PM - Inserir Historico IMROA202002005AR
19/03/2020 3:26:11 PM - Insert with success IMROA202002005AR
19/03/2020 3:26:11 PM - Inserir Historico IMROA202002001AR
19/03/2020 3:26:11 PM - Insert with success IMROA202002001AR
19/03/2020 3:26:11 PM - Inserir Historico IMROA202002011AR
19/03/2020 3:26:11 PM - Insert with success IMROA202002011AR
19/03/2020 3:26:11 PM - Inserir Historico IMROA202002002AR
19/03/2020 3:26:11 PM - Insert with success IMROA202002002AR
19/03/2020 3:26:11 PM - Inserir Historico IMROA202002009AR
19/03/2020 3:26:12 PM - Insert with success IMROA202002009AR
19/03/2020 3:26:12 PM - Inserir Historico IMROA202002021AR
19/03/2020 3:26:12 PM - Insert with success IMROA202002021AR
19/03/2020 3:26:12 PM - Inserir Historico IMROA202002020AR
19/03/2020 3:26:12 PM - Insert with success IMROA202002020AR
19/03/2020 3:26:12 PM - Inserir Historico IMROA202002017AR
19/03/2020 3:26:12 PM - Insert with success IMROA202002017AR
19/03/2020 3:26:12 PM - Inserir Historico IMROA202002018AR
19/03/2020 3:26:12 PM - Insert with success IMROA202002018AR
19/03/2020 3:26:12 PM - Inserir Historico IMROA202002016AR
19/03/2020 3:26:13 PM - Insert with success IMROA202002016AR
19/03/2020 3:26:13 PM - Inserir Historico IMROA202002015AR
19/03/2020 3:26:13 PM - Insert with success IMROA202002015AR
19/03/2020 3:26:13 PM - Inserir Historico IMROA202002014AR
19/03/2020 3:26:13 PM - Insert with success IMROA202002014AR
19/03/2020 3:26:13 PM - Inserir Historico IMROA202002012AR
19/03/2020 3:26:13 PM - Insert with success IMROA202002012AR
19/03/2020 3:26:13 PM - Inserir Historico IOROA202001003AR
19/03/2020 3:26:13 PM - Insert with success IOROA202001003AR
19/03/2020 3:26:13 PM - Inserir Historico IOROA202001007AR
19/03/2020 3:26:14 PM - Insert with success IOROA202001007AR
19/03/2020 3:26:14 PM - Inserir Historico IOROA202001005AR
19/03/2020 3:26:14 PM - Insert with success IOROA202001005AR
19/03/2020 3:26:14 PM - Inserir Historico IOROA202001004AR
19/03/2020 3:26:14 PM - Insert with success IOROA202001004AR
19/03/2020 3:26:14 PM - Inserir Historico IMROA202002026AR
19/03/2020 3:26:14 PM - Insert with success IMROA202002026AR
19/03/2020 3:26:14 PM - Inserir Historico IMROA202002006AR
19/03/2020 3:26:14 PM - Insert with success IMROA202002006AR
19/03/2020 3:26:14 PM - Inserir Historico IMROA202002023AR
19/03/2020 3:26:15 PM - Insert with success IMROA202002023AR
19/03/2020 3:26:15 PM - Inserir Historico IMARG201911039AR
19/03/2020 3:26:15 PM - Insert with success IMARG201911039AR
19/03/2020 3:26:15 PM - Inserir Historico IMARG201911003AR
19/03/2020 3:26:15 PM - Insert with success IMARG201911003AR
19/03/2020 3:26:15 PM - Inserir Historico IMARG202002030AR
19/03/2020 3:26:15 PM - Insert with success IMARG202002030AR
19/03/2020 3:26:15 PM - Inserir Historico IMARG202001069AR
19/03/2020 3:26:15 PM - Insert with success IMARG202001069AR
19/03/2020 3:26:15 PM - Inserir Historico IMARG202001024AR
19/03/2020 3:26:16 PM - Insert with success IMARG202001024AR
19/03/2020 3:26:16 PM - Inserir Historico IMARG202001061AR
19/03/2020 3:26:16 PM - Insert with success IMARG202001061AR
19/03/2020 3:26:16 PM - Inserir Historico IMARG201911006AR
19/03/2020 3:26:16 PM - Insert with success IMARG201911006AR
19/03/2020 3:26:16 PM - Inserir Historico IMARG201911046AR
19/03/2020 3:26:16 PM - Insert with success IMARG201911046AR
19/03/2020 3:26:16 PM - Inserir Historico IMARG202001137AR
19/03/2020 3:26:16 PM - Insert with success IMARG202001137AR
19/03/2020 3:26:16 PM - Inserir Historico IMARG202001136AR
19/03/2020 3:26:17 PM - Insert with success IMARG202001136AR
19/03/2020 3:26:17 PM - Inserir Historico IMARG202001080AR
19/03/2020 3:26:17 PM - Insert with success IMARG202001080AR
19/03/2020 3:26:17 PM - Inserir Historico IMARG202001138AR
19/03/2020 3:26:17 PM - Insert with success IMARG202001138AR
19/03/2020 3:26:17 PM - Inserir Historico IMARG202001140AR
19/03/2020 3:26:17 PM - Insert with success IMARG202001140AR
19/03/2020 3:26:17 PM - Inserir Historico IMARG202002047AR
19/03/2020 3:26:17 PM - Insert with success IMARG202002047AR
19/03/2020 3:26:17 PM - Inserir Historico IMARG202001035AR
19/03/2020 3:26:18 PM - Insert with success IMARG202001035AR
19/03/2020 3:26:18 PM - Inserir Historico IMARG202002017AR
19/03/2020 3:26:18 PM - Insert with success IMARG202002017AR
19/03/2020 3:26:18 PM - Inserir Historico IMARG202001168AR
19/03/2020 3:26:18 PM - Insert with success IMARG202001168AR
19/03/2020 3:26:18 PM - Inserir Historico IMARG202002091AR
19/03/2020 3:26:18 PM - Insert with success IMARG202002091AR
19/03/2020 3:26:18 PM - Inserir Historico IMARG202002076AR
19/03/2020 3:26:18 PM - Insert with success IMARG202002076AR
19/03/2020 3:26:18 PM - Inserir Historico IMARG202002088AR
19/03/2020 3:26:19 PM - Insert with success IMARG202002088AR
19/03/2020 3:26:19 PM - Inserir Historico IMARG202002089AR
19/03/2020 3:26:19 PM - Insert with success IMARG202002089AR
19/03/2020 3:26:19 PM - Inserir Historico IMARG202002086AR
19/03/2020 3:26:19 PM - Insert with success IMARG202002086AR
19/03/2020 3:26:19 PM - Inserir Historico IMARG202002077AR
19/03/2020 3:26:19 PM - Insert with success IMARG202002077AR
19/03/2020 3:26:19 PM - Inserir Historico IMARG202002075AR
19/03/2020 3:26:19 PM - Insert with success IMARG202002075AR
19/03/2020 3:26:19 PM - Inserir Historico IMARG202002082AR
19/03/2020 3:26:20 PM - Insert with success IMARG202002082AR
19/03/2020 3:26:20 PM - Inserir Historico IMARG202002081AR
19/03/2020 3:26:20 PM - Insert with success IMARG202002081AR
19/03/2020 3:26:20 PM - Inserir Historico IMARG202002060AR
19/03/2020 3:26:20 PM - Insert with success IMARG202002060AR
19/03/2020 3:26:20 PM - Inserir Historico IMARG201912072AR
19/03/2020 3:26:20 PM - Insert with success IMARG201912072AR
19/03/2020 3:26:20 PM - Inserir Historico IMARG201911007AR
19/03/2020 3:26:20 PM - Insert with success IMARG201911007AR
19/03/2020 3:26:20 PM - Inserir Historico IMARG202002079AR
19/03/2020 3:26:21 PM - Insert with success IMARG202002079AR
19/03/2020 3:26:21 PM - Inserir Historico IMARG202001125AR
19/03/2020 3:26:21 PM - Insert with success IMARG202001125AR
19/03/2020 3:26:21 PM - Inserir Historico IMARG202001127AR
19/03/2020 3:26:21 PM - Insert with success IMARG202001127AR
19/03/2020 3:26:21 PM - Inserir Historico IMARG202002035AR
19/03/2020 3:26:21 PM - Insert with success IMARG202002035AR
19/03/2020 3:26:21 PM - Inserir Historico IMARG202001073AR
19/03/2020 3:26:21 PM - Insert with success IMARG202001073AR
19/03/2020 3:26:21 PM - Inserir Historico IAARG202002003AR
19/03/2020 3:26:22 PM - Insert with success IAARG202002003AR
19/03/2020 3:26:22 PM - Inserir Historico IMARG202002008AR
19/03/2020 3:26:22 PM - Insert with success IMARG202002008AR
19/03/2020 3:26:22 PM - Inserir Historico IMARG202001165AR
19/03/2020 3:26:22 PM - Insert with success IMARG202001165AR
19/03/2020 3:26:22 PM - Inserir Historico IMARG202001167AR
19/03/2020 3:26:22 PM - Insert with success IMARG202001167AR
19/03/2020 3:26:22 PM - Inserir Historico IMARG202002033AR
19/03/2020 3:26:22 PM - Insert with success IMARG202002033AR
19/03/2020 3:26:22 PM - Inserir Historico IMARG202002038AR
19/03/2020 3:26:23 PM - Insert with success IMARG202002038AR
19/03/2020 3:26:23 PM - Inserir Historico IMARG202002020AR
19/03/2020 3:26:23 PM - Insert with success IMARG202002020AR
19/03/2020 3:26:23 PM - Inserir Historico IMARG202001130AR
19/03/2020 3:26:23 PM - Insert with success IMARG202001130AR
19/03/2020 3:26:23 PM - Inserir Historico IMARG202001132AR
19/03/2020 3:26:23 PM - Insert with success IMARG202001132AR
19/03/2020 3:26:23 PM - Inserir Historico IMARG202001129AR
19/03/2020 3:26:23 PM - Insert with success IMARG202001129AR
19/03/2020 3:26:23 PM - Inserir Historico IMARG202001158AR
19/03/2020 3:26:24 PM - Insert with success IMARG202001158AR
19/03/2020 3:26:24 PM - Inserir Historico IMARG202001152AR
19/03/2020 3:26:24 PM - Insert with success IMARG202001152AR
19/03/2020 3:26:24 PM - Inserir Historico IMARG202001157AR
19/03/2020 3:26:24 PM - Insert with success IMARG202001157AR
19/03/2020 3:26:24 PM - Inserir Historico IMARG202001151AR
19/03/2020 3:26:24 PM - Insert with success IMARG202001151AR
19/03/2020 3:26:24 PM - Inserir Historico IMARG202001131AR
19/03/2020 3:26:24 PM - Insert with success IMARG202001131AR
19/03/2020 3:26:24 PM - Inserir Historico IMARG202002018AR
19/03/2020 3:26:25 PM - Insert with success IMARG202002018AR
19/03/2020 3:26:25 PM - Inserir Historico IAARG202002001AR
19/03/2020 3:26:25 PM - Insert with success IAARG202002001AR
19/03/2020 3:26:25 PM - Inserir Historico IMARG202002064AR
19/03/2020 3:26:25 PM - Insert with success IMARG202002064AR
19/03/2020 3:26:25 PM - Inserir Historico IMARG202002007AR
19/03/2020 3:26:25 PM - Insert with success IMARG202002007AR
19/03/2020 3:26:25 PM - Inserir Historico IMARG202001031AR
19/03/2020 3:26:25 PM - Insert with success IMARG202001031AR
19/03/2020 3:26:25 PM - Inserir Historico IMARG202002068AR
19/03/2020 3:26:26 PM - Insert with success IMARG202002068AR
19/03/2020 3:26:26 PM - Inserir Historico IMARG202002066AR
19/03/2020 3:26:26 PM - Insert with success IMARG202002066AR
19/03/2020 3:26:26 PM - Inserir Historico IMARG202002067AR
19/03/2020 3:26:26 PM - Insert with success IMARG202002067AR
19/03/2020 3:26:26 PM - Inserir Historico IMARG202002023AR
19/03/2020 3:26:26 PM - Insert with success IMARG202002023AR
19/03/2020 3:26:26 PM - Inserir Historico IMARG202002022AR
19/03/2020 3:26:26 PM - Insert with success IMARG202002022AR
19/03/2020 3:26:26 PM - Inserir Historico IMARG202001070AR
19/03/2020 3:26:27 PM - Insert with success IMARG202001070AR
19/03/2020 3:26:27 PM - Inserir Historico IMARG202001033AR
19/03/2020 3:26:27 PM - Insert with success IMARG202001033AR
19/03/2020 3:26:27 PM - Inserir Historico IMARG202001068AR
19/03/2020 3:26:27 PM - Insert with success IMARG202001068AR
19/03/2020 3:26:27 PM - Inserir Historico IMARG202001072AR
19/03/2020 3:26:27 PM - Insert with success IMARG202001072AR
19/03/2020 3:26:27 PM - Inserir Historico IMARG202001049AR
19/03/2020 3:26:27 PM - Insert with success IMARG202001049AR
19/03/2020 3:26:27 PM - Inserir Historico IMARG202001062AR
19/03/2020 3:26:28 PM - Insert with success IMARG202001062AR
19/03/2020 3:26:28 PM - Inserir Historico IMARG202001153AR
19/03/2020 3:26:28 PM - Insert with success IMARG202001153AR
19/03/2020 3:26:28 PM - Inserir Historico IMARG202001064AR
19/03/2020 3:26:28 PM - Insert with success IMARG202001064AR
19/03/2020 3:26:28 PM - Inserir Historico IMARG202001146AR
19/03/2020 3:26:28 PM - Insert with success IMARG202001146AR
19/03/2020 3:26:28 PM - Inserir Historico IMARG202001066AR
19/03/2020 3:26:28 PM - Insert with success IMARG202001066AR
19/03/2020 3:26:28 PM - Inserir Historico IMARG202001065AR
19/03/2020 3:26:28 PM - Insert with success IMARG202001065AR
19/03/2020 3:26:29 PM - Inserir Historico IMARG202001071AR
19/03/2020 3:26:29 PM - Insert with success IMARG202001071AR
19/03/2020 3:26:29 PM - Inserir Historico IMARG202002021AR
19/03/2020 3:26:29 PM - Insert with success IMARG202002021AR
19/03/2020 3:26:29 PM - Inserir Historico IMARG202001074AR
19/03/2020 3:26:29 PM - Insert with success IMARG202001074AR
19/03/2020 3:26:29 PM - Inserir Historico IMARG202001150AR
19/03/2020 3:26:29 PM - Insert with success IMARG202001150AR
19/03/2020 3:26:29 PM - Inserir Historico IOARG202001016AR
19/03/2020 3:26:29 PM - Insert with success IOARG202001016AR
19/03/2020 3:26:30 PM - Inserir Historico IOARG202001007AR
19/03/2020 3:26:30 PM - Insert with success IOARG202001007AR
19/03/2020 3:26:30 PM - Inserir Historico IOARG202001013AR
19/03/2020 3:26:30 PM - Insert with success IOARG202001013AR
19/03/2020 3:26:30 PM - Inserir Historico IMROA202001054AR
19/03/2020 3:26:30 PM - Insert with success IMROA202001054AR
19/03/2020 3:26:30 PM - Inserir Historico IMARG202003105AR
19/03/2020 3:26:30 PM - Insert with success IMARG202003105AR
19/03/2020 3:26:30 PM - Inserir Historico IAROA202003002AR
19/03/2020 3:26:30 PM - Insert with success IAROA202003002AR
19/03/2020 3:26:30 PM - Inserir Historico IMBRN202001021AR
19/03/2020 3:26:31 PM - Insert with success IMBRN202001021AR
19/03/2020 3:26:31 PM - Inserir Historico IMARG202003024AR
19/03/2020 3:26:31 PM - Insert with success IMARG202003024AR
19/03/2020 3:26:31 PM - Inserir Historico IMFLT202003044AR
19/03/2020 3:26:31 PM - Insert with success IMFLT202003044AR
19/03/2020 3:26:31 PM - Inserir Historico IMARG202001067AR
19/03/2020 3:26:31 PM - Insert with success IMARG202001067AR
19/03/2020 3:26:31 PM - Inserir Historico IMBRN202003018AR
19/03/2020 3:26:31 PM - Insert with success IMBRN202003018AR
19/03/2020 3:26:31 PM - Inserir Historico EMFLT202003005AR
19/03/2020 3:26:32 PM - Insert with success EMFLT202003005AR
19/03/2020 3:26:32 PM - Inserir Historico EOARG202003163AR
19/03/2020 3:26:32 PM - Insert with success EOARG202003163AR
19/03/2020 3:26:32 PM - Inserir Historico IMFLT202003045AR
19/03/2020 3:26:32 PM - Insert with success IMFLT202003045AR
19/03/2020 3:26:32 PM - Inserir Historico IAFLT202003015AR
19/03/2020 3:26:32 PM - Insert with success IAFLT202003015AR
19/03/2020 3:26:32 PM - Inserir Historico EMARG202001349AR
19/03/2020 3:26:32 PM - Insert with success EMARG202001349AR
19/03/2020 3:26:32 PM - Inserir Historico EMARG202001352AR
19/03/2020 3:26:33 PM - Insert with success EMARG202001352AR
19/03/2020 3:26:33 PM - Inserir Historico IMARG202003106AR
19/03/2020 3:26:33 PM - Insert with success IMARG202003106AR
19/03/2020 3:26:33 PM - Inserir Historico IMFLT202003046AR
19/03/2020 3:26:33 PM - Insert with success IMFLT202003046AR
19/03/2020 3:26:33 PM - Inserir Historico IMFLT202002058AR
19/03/2020 3:26:33 PM - Insert with success IMFLT202002058AR
19/03/2020 3:26:33 PM - Inserir Historico IOAXA202003008AR
19/03/2020 3:26:33 PM - Insert with success IOAXA202003008AR
19/03/2020 3:26:33 PM - Inserir Historico IMGRH201912002AR
19/03/2020 3:26:34 PM - Insert with success IMGRH201912002AR
19/03/2020 3:26:34 PM - Inserir Historico IOAXA202003010AR
19/03/2020 3:26:34 PM - Insert with success IOAXA202003010AR
19/03/2020 3:26:34 PM - Inserir Historico IMFLT202003047AR
19/03/2020 3:26:34 PM - Insert with success IMFLT202003047AR
19/03/2020 3:26:34 PM - Inserir Historico EMARG201912182AR
19/03/2020 3:26:34 PM - Insert with success EMARG201912182AR
19/03/2020 3:26:34 PM - Inserir Historico EMARG201912184AR
19/03/2020 3:26:34 PM - Insert with success EMARG201912184AR
19/03/2020 3:26:34 PM - Inserir Historico IOAXA202003014AR
19/03/2020 3:26:35 PM - Insert with success IOAXA202003014AR
19/03/2020 3:26:35 PM - Inserir Historico EMARG201912185AR
19/03/2020 3:26:35 PM - Insert with success EMARG201912185AR
19/03/2020 3:26:35 PM - Inserir Historico EMARG201912186AR
19/03/2020 3:26:35 PM - Insert with success EMARG201912186AR
19/03/2020 3:26:35 PM - Inserir Historico EMARG201912293AR
19/03/2020 3:26:35 PM - Insert with success EMARG201912293AR
19/03/2020 3:26:35 PM - Inserir Historico EMARG201912294AR
19/03/2020 3:26:35 PM - Insert with success EMARG201912294AR
19/03/2020 3:26:35 PM - Inserir Historico EMARG201912295AR
19/03/2020 3:26:36 PM - Insert with success EMARG201912295AR
19/03/2020 3:26:36 PM - Inserir Historico EMARG201912188AR
19/03/2020 3:26:36 PM - Insert with success EMARG201912188AR
19/03/2020 3:26:36 PM - Inserir Historico EMARG201912223AR
19/03/2020 3:26:36 PM - Insert with success EMARG201912223AR
19/03/2020 3:26:36 PM - Inserir Historico EMARG201912225AR
19/03/2020 3:26:36 PM - Insert with success EMARG201912225AR
19/03/2020 3:26:36 PM - Inserir Historico EMARG201912335AR
19/03/2020 3:26:36 PM - Insert with success EMARG201912335AR
19/03/2020 3:26:36 PM - Inserir Historico EMARG201912337AR
19/03/2020 3:26:36 PM - Insert with success EMARG201912337AR
19/03/2020 3:26:37 PM - Inserir Historico EMARG201912338AR
19/03/2020 3:26:37 PM - Insert with success EMARG201912338AR
19/03/2020 3:26:37 PM - Inserir Historico EMARG201912339AR
19/03/2020 3:26:37 PM - Insert with success EMARG201912339AR
19/03/2020 3:26:37 PM - Inserir Historico EMARG201912340AR
19/03/2020 3:26:37 PM - Insert with success EMARG201912340AR
19/03/2020 3:26:37 PM - Inserir Historico EMARG201912341AR
19/03/2020 3:26:37 PM - Insert with success EMARG201912341AR
19/03/2020 3:26:37 PM - Inserir Historico EMARG201912292AR
19/03/2020 3:26:37 PM - Insert with success EMARG201912292AR
19/03/2020 3:26:37 PM - Inserir Historico EMARG201912213AR
19/03/2020 3:26:38 PM - Insert with success EMARG201912213AR
19/03/2020 3:26:38 PM - Inserir Historico EMARG201912227AR
19/03/2020 3:26:38 PM - Insert with success EMARG201912227AR
19/03/2020 3:26:38 PM - Inserir Historico EMARG201912217AR
19/03/2020 3:26:38 PM - Insert with success EMARG201912217AR
19/03/2020 3:26:38 PM - Inserir Historico EMARG201912218AR
19/03/2020 3:26:38 PM - Insert with success EMARG201912218AR
19/03/2020 3:26:38 PM - Inserir Historico EMARG201912359AR
19/03/2020 3:26:38 PM - Insert with success EMARG201912359AR
19/03/2020 3:26:38 PM - Inserir Historico EMARG201912220AR
19/03/2020 3:26:39 PM - Insert with success EMARG201912220AR
19/03/2020 3:26:39 PM - Inserir Historico EMARG201912360AR
19/03/2020 3:26:39 PM - Insert with success EMARG201912360AR
19/03/2020 3:26:39 PM - Inserir Historico EMARG201912361AR
19/03/2020 3:26:39 PM - Insert with success EMARG201912361AR
19/03/2020 3:26:39 PM - Inserir Historico EMARG201912331AR
19/03/2020 3:26:39 PM - Insert with success EMARG201912331AR
19/03/2020 3:26:39 PM - Inserir Historico EMARG201912332AR
19/03/2020 3:26:39 PM - Insert with success EMARG201912332AR
19/03/2020 3:26:39 PM - Inserir Historico EMARG201912333AR
19/03/2020 3:26:40 PM - Insert with success EMARG201912333AR
19/03/2020 3:26:40 PM - Inserir Historico EMARG201912214AR
19/03/2020 3:26:40 PM - Insert with success EMARG201912214AR
19/03/2020 3:26:40 PM - Inserir Historico EMARG201912226AR
19/03/2020 3:26:40 PM - Insert with success EMARG201912226AR
19/03/2020 3:26:40 PM - Inserir Historico EMARG201912229AR
19/03/2020 3:26:40 PM - Insert with success EMARG201912229AR
19/03/2020 3:26:40 PM - Inserir Historico EMARG201912230AR
19/03/2020 3:26:40 PM - Insert with success EMARG201912230AR
19/03/2020 3:26:40 PM - Inserir Historico EMARG201912250AR
19/03/2020 3:26:41 PM - Insert with success EMARG201912250AR
19/03/2020 3:26:41 PM - Inserir Historico EMARG201912251AR
19/03/2020 3:26:41 PM - Insert with success EMARG201912251AR
19/03/2020 3:26:41 PM - Inserir Historico EMARG201912296AR
19/03/2020 3:26:41 PM - Insert with success EMARG201912296AR
19/03/2020 3:26:41 PM - Inserir Historico EMARG201912297AR
19/03/2020 3:26:41 PM - Insert with success EMARG201912297AR
19/03/2020 3:26:41 PM - Inserir Historico EMARG201912231AR
19/03/2020 3:26:41 PM - Insert with success EMARG201912231AR
19/03/2020 3:26:41 PM - Inserir Historico EMARG201912232AR
19/03/2020 3:26:42 PM - Insert with success EMARG201912232AR
19/03/2020 3:26:42 PM - Inserir Historico EMARG201912233AR
19/03/2020 3:26:42 PM - Insert with success EMARG201912233AR
19/03/2020 3:26:42 PM - Inserir Historico EMARG201912320AR
19/03/2020 3:26:42 PM - Insert with success EMARG201912320AR
19/03/2020 3:26:42 PM - Inserir Historico EMARG201912234AR
19/03/2020 3:26:42 PM - Insert with success EMARG201912234AR
19/03/2020 3:26:42 PM - Inserir Historico EMARG202002213AR
19/03/2020 3:26:42 PM - Insert with success EMARG202002213AR
19/03/2020 3:26:42 PM - Inserir Historico EMARG202002214AR
19/03/2020 3:26:43 PM - Insert with success EMARG202002214AR
19/03/2020 3:26:43 PM - Inserir Historico EMARG202002215AR
19/03/2020 3:26:43 PM - Insert with success EMARG202002215AR
19/03/2020 3:26:43 PM - Inserir Historico EMARG202002216AR
19/03/2020 3:26:43 PM - Insert with success EMARG202002216AR
19/03/2020 3:26:43 PM - Inserir Historico EMARG202002218AR
19/03/2020 3:26:43 PM - Insert with success EMARG202002218AR
19/03/2020 3:26:43 PM - Inserir Historico EMARG202002262AR
19/03/2020 3:26:43 PM - Insert with success EMARG202002262AR
19/03/2020 3:26:43 PM - Inserir Historico EMARG202002263AR
19/03/2020 3:26:43 PM - Insert with success EMARG202002263AR
19/03/2020 3:26:44 PM - Inserir Historico EMARG202002294AR
19/03/2020 3:26:44 PM - Insert with success EMARG202002294AR
19/03/2020 3:26:44 PM - Inserir Historico EMARG201912319AR
19/03/2020 3:26:44 PM - Insert with success EMARG201912319AR
19/03/2020 3:26:44 PM - Inserir Historico EMARG201912311AR
19/03/2020 3:26:44 PM - Insert with success EMARG201912311AR
19/03/2020 3:26:44 PM - Inserir Historico EMARG201912312AR
19/03/2020 3:26:44 PM - Insert with success EMARG201912312AR
19/03/2020 3:26:44 PM - Inserir Historico EMARG201912314AR
19/03/2020 3:26:45 PM - Insert with success EMARG201912314AR
19/03/2020 3:26:45 PM - Inserir Historico EMARG201912316AR
19/03/2020 3:26:45 PM - Insert with success EMARG201912316AR
19/03/2020 3:26:45 PM - Inserir Historico EMARG201912317AR
19/03/2020 3:26:45 PM - Insert with success EMARG201912317AR
19/03/2020 3:26:45 PM - Inserir Historico EMARG201912318AR
19/03/2020 3:26:45 PM - Insert with success EMARG201912318AR
19/03/2020 3:26:45 PM - Inserir Historico EMARG201912315AR
19/03/2020 3:26:45 PM - Insert with success EMARG201912315AR
19/03/2020 3:26:45 PM - Inserir Historico EMARG201912313AR
19/03/2020 3:26:46 PM - Insert with success EMARG201912313AR
19/03/2020 3:26:46 PM - Inserir Historico EMARG201912310AR
19/03/2020 3:26:46 PM - Insert with success EMARG201912310AR
19/03/2020 3:26:46 PM - Inserir Historico IMROA202002027AR
19/03/2020 3:26:46 PM - Insert with success IMROA202002027AR
19/03/2020 3:26:46 PM - Inserir Historico EMARG201912357AR
19/03/2020 3:26:46 PM - Insert with success EMARG201912357AR
19/03/2020 3:26:46 PM - Inserir Historico IMROA202003004AR
19/03/2020 3:26:46 PM - Insert with success IMROA202003004AR
19/03/2020 3:26:46 PM - Inserir Historico EMARG202001032AR
19/03/2020 3:26:47 PM - Insert with success EMARG202001032AR
19/03/2020 3:26:47 PM - Inserir Historico IAROA202003001AR
19/03/2020 3:26:47 PM - Insert with success IAROA202003001AR
19/03/2020 3:26:47 PM - Inserir Historico EOARG202001114AR
19/03/2020 3:26:47 PM - Insert with success EOARG202001114AR
19/03/2020 3:26:47 PM - Inserir Historico IMROA202003008AR
19/03/2020 3:26:47 PM - Insert with success IMROA202003008AR
19/03/2020 3:26:47 PM - Inserir Historico EOARG202001107AR
19/03/2020 3:26:47 PM - Insert with success EOARG202001107AR
19/03/2020 3:26:47 PM - Inserir Historico EMARG202001036AR
19/03/2020 3:26:47 PM - Insert with success EMARG202001036AR
19/03/2020 3:26:48 PM - Inserir Historico EMARG202001004AR
19/03/2020 3:26:48 PM - Insert with success EMARG202001004AR
19/03/2020 3:26:48 PM - Inserir Historico EMARG202001005AR
19/03/2020 3:26:48 PM - Insert with success EMARG202001005AR
19/03/2020 3:26:48 PM - Inserir Historico EMARG202001009AR
19/03/2020 3:26:48 PM - Insert with success EMARG202001009AR
19/03/2020 3:26:48 PM - Inserir Historico EMARG202001010AR
19/03/2020 3:26:48 PM - Insert with success EMARG202001010AR
19/03/2020 3:26:48 PM - Inserir Historico EMARG202001011AR
19/03/2020 3:26:48 PM - Insert with success EMARG202001011AR
19/03/2020 3:26:49 PM - Inserir Historico EMARG202001013AR
19/03/2020 3:26:49 PM - Insert with success EMARG202001013AR
19/03/2020 3:26:49 PM - Inserir Historico EMARG202001014AR
19/03/2020 3:26:49 PM - Insert with success EMARG202001014AR
19/03/2020 3:26:49 PM - Inserir Historico EMARG202001084AR
19/03/2020 3:26:49 PM - Insert with success EMARG202001084AR
19/03/2020 3:26:49 PM - Inserir Historico EMARG201912163AR
19/03/2020 3:26:49 PM - Insert with success EMARG201912163AR
19/03/2020 3:26:49 PM - Inserir Historico EMARG201912164AR
19/03/2020 3:26:50 PM - Insert with success EMARG201912164AR
19/03/2020 3:26:50 PM - Inserir Historico EMARG201912165AR
19/03/2020 3:26:50 PM - Insert with success EMARG201912165AR
19/03/2020 3:26:50 PM - Inserir Historico EMARG201912141AR
19/03/2020 3:26:50 PM - Insert with success EMARG201912141AR
19/03/2020 3:26:50 PM - Inserir Historico EMARG201912142AR
19/03/2020 3:26:50 PM - Insert with success EMARG201912142AR
19/03/2020 3:26:50 PM - Inserir Historico EMARG201912143AR
19/03/2020 3:26:50 PM - Insert with success EMARG201912143AR
19/03/2020 3:26:50 PM - Inserir Historico EMARG202002199AR
19/03/2020 3:26:50 PM - Insert with success EMARG202002199AR
19/03/2020 3:26:51 PM - Inserir Historico EMARG202002260AR
19/03/2020 3:26:51 PM - Insert with success EMARG202002260AR
19/03/2020 3:26:51 PM - Inserir Historico EMARG202002261AR
19/03/2020 3:26:51 PM - Insert with success EMARG202002261AR
19/03/2020 3:26:51 PM - Inserir Historico EMARG202003032AR
19/03/2020 3:26:51 PM - Insert with success EMARG202003032AR
19/03/2020 3:26:51 PM - Inserir Historico EMARG202003084AR
19/03/2020 3:26:51 PM - Insert with success EMARG202003084AR
19/03/2020 3:26:51 PM - Inserir Historico EMARG202003033AR
19/03/2020 3:26:51 PM - Insert with success EMARG202003033AR
19/03/2020 3:26:51 PM - Inserir Historico EMARG201912298AR
19/03/2020 3:26:52 PM - Insert with success EMARG201912298AR
19/03/2020 3:26:52 PM - Inserir Historico EMARG201912299AR
19/03/2020 3:26:52 PM - Insert with success EMARG201912299AR
19/03/2020 3:26:52 PM - Inserir Historico EMARG201912300AR
19/03/2020 3:26:52 PM - Insert with success EMARG201912300AR
19/03/2020 3:26:52 PM - Inserir Historico EMARG201912301AR
19/03/2020 3:26:52 PM - Insert with success EMARG201912301AR
19/03/2020 3:26:52 PM - Inserir Historico EMARG201912302AR
19/03/2020 3:26:52 PM - Insert with success EMARG201912302AR
19/03/2020 3:26:52 PM - Inserir Historico EMARG202001169AR
19/03/2020 3:26:53 PM - Insert with success EMARG202001169AR
19/03/2020 3:26:53 PM - Inserir Historico EMARG202002094AR
19/03/2020 3:26:53 PM - Insert with success EMARG202002094AR
19/03/2020 3:26:53 PM - Inserir Historico EMUNI202002002AR
19/03/2020 3:26:53 PM - Insert with success EMUNI202002002AR
19/03/2020 3:26:53 PM - Inserir Historico EOUNI202003012AR
19/03/2020 3:26:53 PM - Insert with success EOUNI202003012AR
19/03/2020 3:26:53 PM - Inserir Historico EMARG202001038AR
19/03/2020 3:26:53 PM - Insert with success EMARG202001038AR
19/03/2020 3:26:53 PM - Inserir Historico EMARG202001006AR
19/03/2020 3:26:54 PM - Insert with success EMARG202001006AR
19/03/2020 3:26:54 PM - Inserir Historico EMARG202001007AR
19/03/2020 3:26:54 PM - Insert with success EMARG202001007AR
19/03/2020 3:26:54 PM - Inserir Historico EMARG202001008AR
19/03/2020 3:26:54 PM - Insert with success EMARG202001008AR
19/03/2020 3:26:54 PM - Inserir Historico EMARG202001015AR
19/03/2020 3:26:54 PM - Insert with success EMARG202001015AR
19/03/2020 3:26:54 PM - Inserir Historico EMARG202001016AR
19/03/2020 3:26:54 PM - Insert with success EMARG202001016AR
19/03/2020 3:26:54 PM - Inserir Historico EMARG202001017AR
19/03/2020 3:26:55 PM - Insert with success EMARG202001017AR
19/03/2020 3:26:55 PM - Inserir Historico EMARG202001018AR
19/03/2020 3:26:55 PM - Insert with success EMARG202001018AR
19/03/2020 3:26:55 PM - Inserir Historico EMARG202001023AR
19/03/2020 3:26:55 PM - Insert with success EMARG202001023AR
19/03/2020 3:26:55 PM - Inserir Historico EMARG202001024AR
19/03/2020 3:26:56 PM - Insert with success EMARG202001024AR
19/03/2020 3:26:56 PM - Inserir Historico EMARG202001019AR
19/03/2020 3:26:56 PM - Insert with success EMARG202001019AR
19/03/2020 3:26:56 PM - Inserir Historico EMARG202001042AR
19/03/2020 3:26:56 PM - Insert with success EMARG202001042AR
19/03/2020 3:26:56 PM - Inserir Historico EMARG202001031AR
19/03/2020 3:26:57 PM - Insert with success EMARG202001031AR
19/03/2020 3:26:57 PM - Inserir Historico EMARG201912353AR
19/03/2020 3:26:57 PM - Insert with success EMARG201912353AR
19/03/2020 3:26:57 PM - Inserir Historico EOARG202001034AR
19/03/2020 3:26:57 PM - Insert with success EOARG202001034AR
19/03/2020 3:26:57 PM - Inserir Historico EOARG202001030AR
19/03/2020 3:26:58 PM - Insert with success EOARG202001030AR
19/03/2020 3:26:58 PM - Inserir Historico EOARG202001035AR
19/03/2020 3:26:58 PM - Insert with success EOARG202001035AR
19/03/2020 3:26:58 PM - Inserir Historico EOARG202001031AR
19/03/2020 3:26:58 PM - Insert with success EOARG202001031AR
19/03/2020 3:26:58 PM - Inserir Historico EOARG202001036AR
19/03/2020 3:26:59 PM - Insert with success EOARG202001036AR
19/03/2020 3:26:59 PM - Inserir Historico EOARG202001037AR
19/03/2020 3:26:59 PM - Insert with success EOARG202001037AR
19/03/2020 3:26:59 PM - Inserir Historico EOARG202001042AR
19/03/2020 3:26:59 PM - Insert with success EOARG202001042AR
19/03/2020 3:26:59 PM - Inserir Historico EOARG202001073AR
19/03/2020 3:26:59 PM - Insert with success EOARG202001073AR
19/03/2020 3:26:59 PM - Inserir Historico EOARG202001074AR
19/03/2020 3:27:00 PM - Insert with success EOARG202001074AR
19/03/2020 3:27:00 PM - Inserir Historico EOARG202001041AR
19/03/2020 3:27:00 PM - Insert with success EOARG202001041AR
19/03/2020 3:27:00 PM - Inserir Historico EMARG201912363AR
19/03/2020 3:27:00 PM - Insert with success EMARG201912363AR
19/03/2020 3:27:00 PM - Inserir Historico EMARG201912364AR
19/03/2020 3:27:19 PM - Inserir Historico EMARG201912364AR
19/03/2020 3:27:19 PM - Insert with success EMARG201912364AR
19/03/2020 3:27:19 PM - Inserir Historico EMARG202001025AR
19/03/2020 3:27:19 PM - Insert with success EMARG202001025AR
19/03/2020 3:27:19 PM - Inserir Historico EMARG202001012AR
19/03/2020 3:27:19 PM - Insert with success EMARG202001012AR
19/03/2020 3:27:19 PM - Inserir Historico EMARG202001273AR
19/03/2020 3:27:20 PM - Insert with success EMARG202001273AR
19/03/2020 3:27:20 PM - Inserir Historico EMARG202001109AR
19/03/2020 3:27:20 PM - Insert with success EMARG202001109AR
19/03/2020 3:27:20 PM - Inserir Historico EMARG202001096AR
19/03/2020 3:27:20 PM - Insert with success EMARG202001096AR
19/03/2020 3:27:20 PM - Inserir Historico EMARG202001098AR
19/03/2020 3:27:20 PM - Insert with success EMARG202001098AR
19/03/2020 3:27:20 PM - Inserir Historico EMARG202001043AR
19/03/2020 3:27:20 PM - Insert with success EMARG202001043AR
19/03/2020 3:27:20 PM - Inserir Historico EMARG202001049AR
19/03/2020 3:27:21 PM - Insert with success EMARG202001049AR
19/03/2020 3:27:21 PM - Inserir Historico EMARG202001108AR
19/03/2020 3:27:21 PM - Insert with success EMARG202001108AR
19/03/2020 3:27:21 PM - Inserir Historico EMARG202001037AR
19/03/2020 3:27:21 PM - Insert with success EMARG202001037AR
19/03/2020 3:27:21 PM - Inserir Historico EMARG202001039AR
19/03/2020 3:27:21 PM - Insert with success EMARG202001039AR
19/03/2020 3:27:21 PM - Inserir Historico EMARG202001040AR
19/03/2020 3:27:21 PM - Insert with success EMARG202001040AR
19/03/2020 3:27:21 PM - Inserir Historico EMARG202001041AR
19/03/2020 3:27:22 PM - Insert with success EMARG202001041AR
19/03/2020 3:27:22 PM - Inserir Historico EMARG202001092AR
19/03/2020 3:27:22 PM - Insert with success EMARG202001092AR
19/03/2020 3:27:22 PM - Inserir Historico IMBRN202001017AR
19/03/2020 3:27:22 PM - Insert with success IMBRN202001017AR
19/03/2020 3:27:22 PM - Inserir Historico EMARG202001093AR
19/03/2020 3:27:22 PM - Insert with success EMARG202001093AR
19/03/2020 3:27:22 PM - Inserir Historico EMARG202001094AR
19/03/2020 3:27:22 PM - Insert with success EMARG202001094AR
19/03/2020 3:27:22 PM - Inserir Historico EMARG202001086AR
19/03/2020 3:27:23 PM - Insert with success EMARG202001086AR
19/03/2020 3:27:23 PM - Inserir Historico EMARG202001088AR
19/03/2020 3:27:23 PM - Insert with success EMARG202001088AR
19/03/2020 3:27:23 PM - Inserir Historico EMARG202001089AR
19/03/2020 3:27:23 PM - Insert with success EMARG202001089AR
19/03/2020 3:27:23 PM - Inserir Historico EMARG202001091AR
19/03/2020 3:27:23 PM - Insert with success EMARG202001091AR
19/03/2020 3:27:23 PM - Inserir Historico EMARG202001095AR
19/03/2020 3:27:23 PM - Insert with success EMARG202001095AR
19/03/2020 3:27:24 PM - Inserir Historico EMARG202001064AR
19/03/2020 3:27:24 PM - Insert with success EMARG202001064AR
19/03/2020 3:27:24 PM - Inserir Historico EMARG202001065AR
19/03/2020 3:27:24 PM - Insert with success EMARG202001065AR
19/03/2020 3:27:24 PM - Inserir Historico EMARG202001066AR
19/03/2020 3:27:24 PM - Insert with success EMARG202001066AR
19/03/2020 3:27:24 PM - Inserir Historico EMARG202001067AR
19/03/2020 3:27:24 PM - Insert with success EMARG202001067AR
19/03/2020 3:27:24 PM - Inserir Historico EMARG202001068AR
19/03/2020 3:27:24 PM - Insert with success EMARG202001068AR
19/03/2020 3:27:24 PM - Inserir Historico EMARG202001069AR
19/03/2020 3:27:25 PM - Insert with success EMARG202001069AR
19/03/2020 3:27:25 PM - Inserir Historico EMARG202001070AR
19/03/2020 3:27:25 PM - Insert with success EMARG202001070AR
19/03/2020 3:27:25 PM - Inserir Historico EMARG202001054AR
19/03/2020 3:27:25 PM - Insert with success EMARG202001054AR
19/03/2020 3:27:25 PM - Inserir Historico IMURU202003001AR
19/03/2020 3:27:25 PM - Insert with success IMURU202003001AR
19/03/2020 3:27:25 PM - Inserir Historico EMARG202001121AR
19/03/2020 3:27:25 PM - Insert with success EMARG202001121AR
19/03/2020 3:27:25 PM - Inserir Historico EMARG202001071AR
19/03/2020 3:27:26 PM - Insert with success EMARG202001071AR
19/03/2020 3:27:26 PM - Inserir Historico EMARG202001072AR
19/03/2020 3:27:26 PM - Insert with success EMARG202001072AR
19/03/2020 3:27:26 PM - Inserir Historico EMARG202001073AR
19/03/2020 3:27:26 PM - Insert with success EMARG202001073AR
19/03/2020 3:27:26 PM - Inserir Historico EMARG202001076AR
19/03/2020 3:27:26 PM - Insert with success EMARG202001076AR
19/03/2020 3:27:26 PM - Inserir Historico EMARG202001077AR
19/03/2020 3:27:26 PM - Insert with success EMARG202001077AR
19/03/2020 3:27:26 PM - Inserir Historico EMARG202001078AR
19/03/2020 3:27:27 PM - Insert with success EMARG202001078AR
19/03/2020 3:27:27 PM - Inserir Historico EMARG202001080AR
19/03/2020 3:27:27 PM - Insert with success EMARG202001080AR
19/03/2020 3:27:27 PM - Inserir Historico EMARG202001079AR
19/03/2020 3:27:27 PM - Insert with success EMARG202001079AR
19/03/2020 3:27:27 PM - Inserir Historico EMARG202001081AR
19/03/2020 3:27:27 PM - Insert with success EMARG202001081AR
19/03/2020 3:27:27 PM - Inserir Historico EMARG202001116AR
19/03/2020 3:27:27 PM - Insert with success EMARG202001116AR
19/03/2020 3:27:27 PM - Inserir Historico EMARG202001117AR
19/03/2020 3:27:28 PM - Insert with success EMARG202001117AR
19/03/2020 3:27:28 PM - Inserir Historico EMARG202001252AR
19/03/2020 3:27:28 PM - Insert with success EMARG202001252AR
19/03/2020 3:27:28 PM - Inserir Historico EMARG202003237AR
19/03/2020 3:27:28 PM - Insert with success EMARG202003237AR
19/03/2020 3:27:28 PM - Inserir Historico EMARG202001110AR
19/03/2020 3:27:28 PM - Insert with success EMARG202001110AR
19/03/2020 3:27:28 PM - Inserir Historico EMARG202001113AR
19/03/2020 3:27:28 PM - Insert with success EMARG202001113AR
19/03/2020 3:27:28 PM - Inserir Historico EMARG202001111AR
19/03/2020 3:27:29 PM - Insert with success EMARG202001111AR
19/03/2020 3:27:29 PM - Inserir Historico EMARG202001115AR
19/03/2020 3:27:29 PM - Insert with success EMARG202001115AR
19/03/2020 3:27:29 PM - Inserir Historico EMARG202001118AR
19/03/2020 3:27:29 PM - Insert with success EMARG202001118AR
19/03/2020 3:27:29 PM - Inserir Historico EMARG202001251AR
19/03/2020 3:27:29 PM - Insert with success EMARG202001251AR
19/03/2020 3:27:29 PM - Inserir Historico EMARG202001090AR
19/03/2020 3:27:29 PM - Insert with success EMARG202001090AR
19/03/2020 3:27:29 PM - Inserir Historico EMARG202001044AR
19/03/2020 3:27:30 PM - Insert with success EMARG202001044AR
19/03/2020 3:27:30 PM - Inserir Historico EMARG202001051AR
19/03/2020 3:27:30 PM - Insert with success EMARG202001051AR
19/03/2020 3:27:30 PM - Inserir Historico EMARG202001052AR
19/03/2020 3:27:30 PM - Insert with success EMARG202001052AR
19/03/2020 3:27:30 PM - Inserir Historico EMARG202001053AR
19/03/2020 3:27:30 PM - Insert with success EMARG202001053AR
19/03/2020 3:27:30 PM - Inserir Historico IMFLT202003048AR
19/03/2020 3:27:30 PM - Insert with success IMFLT202003048AR
19/03/2020 3:27:30 PM - Inserir Historico EMARG202001056AR
19/03/2020 3:27:31 PM - Insert with success EMARG202001056AR
19/03/2020 3:27:31 PM - Inserir Historico EMARG202001057AR
19/03/2020 3:27:31 PM - Insert with success EMARG202001057AR
19/03/2020 3:27:31 PM - Inserir Historico EOARG202003164AR
19/03/2020 3:27:31 PM - Insert with success EOARG202003164AR
19/03/2020 3:27:31 PM - Inserir Historico EMARG202003238AR
19/03/2020 3:27:31 PM - Insert with success EMARG202003238AR
19/03/2020 3:27:31 PM - Inserir Historico EMARG202001062AR
19/03/2020 3:27:31 PM - Insert with success EMARG202001062AR
19/03/2020 3:27:31 PM - Inserir Historico EMARG202001045AR
19/03/2020 3:27:32 PM - Insert with success EMARG202001045AR
19/03/2020 3:27:32 PM - Inserir Historico EMARG202001046AR
19/03/2020 3:27:32 PM - Insert with success EMARG202001046AR
19/03/2020 3:27:32 PM - Inserir Historico EMARG202003239AR
19/03/2020 3:27:32 PM - Insert with success EMARG202003239AR
19/03/2020 3:27:32 PM - Inserir Historico EMARG202001047AR
19/03/2020 3:27:32 PM - Insert with success EMARG202001047AR
19/03/2020 3:27:32 PM - Inserir Historico EMARG202001048AR
19/03/2020 3:27:32 PM - Insert with success EMARG202001048AR
19/03/2020 3:27:32 PM - Inserir Historico EMARG202001061AR
19/03/2020 3:27:32 PM - Insert with success EMARG202001061AR
19/03/2020 3:27:33 PM - Inserir Historico EMARG202001082AR
19/03/2020 3:27:33 PM - Insert with success EMARG202001082AR
19/03/2020 3:27:33 PM - Inserir Historico EMARG202001101AR
19/03/2020 3:27:33 PM - Insert with success EMARG202001101AR
19/03/2020 3:27:33 PM - Inserir Historico EMARG202001097AR
19/03/2020 3:27:33 PM - Insert with success EMARG202001097AR
19/03/2020 3:27:33 PM - Inserir Historico EMARG202003240AR
19/03/2020 3:27:33 PM - Insert with success EMARG202003240AR
19/03/2020 3:27:33 PM - Inserir Historico EMARG202001100AR
19/03/2020 3:27:33 PM - Insert with success EMARG202001100AR
19/03/2020 3:27:34 PM - Inserir Historico EMARG202003241AR
19/03/2020 3:27:34 PM - Insert with success EMARG202003241AR
19/03/2020 3:27:34 PM - Inserir Historico IMARG202003062AR
19/03/2020 3:27:34 PM - Insert with success IMARG202003062AR
19/03/2020 3:27:34 PM - Inserir Historico EMARG202001102AR
19/03/2020 3:27:34 PM - Insert with success EMARG202001102AR
19/03/2020 3:27:34 PM - Inserir Historico EMARG202001103AR
19/03/2020 3:27:34 PM - Insert with success EMARG202001103AR
19/03/2020 3:27:34 PM - Inserir Historico EMARG202001124AR
19/03/2020 3:27:34 PM - Insert with success EMARG202001124AR
19/03/2020 3:27:35 PM - Inserir Historico EMARG202001125AR
19/03/2020 3:27:35 PM - Insert with success EMARG202001125AR
19/03/2020 3:27:35 PM - Inserir Historico EMARG202001126AR
19/03/2020 3:27:35 PM - Insert with success EMARG202001126AR
19/03/2020 3:27:35 PM - Inserir Historico EMARG202001127AR
19/03/2020 3:27:35 PM - Insert with success EMARG202001127AR
19/03/2020 3:27:35 PM - Inserir Historico EMARG202001136AR
19/03/2020 3:27:35 PM - Insert with success EMARG202001136AR
19/03/2020 3:27:35 PM - Inserir Historico EMARG202001137AR
19/03/2020 3:27:35 PM - Insert with success EMARG202001137AR
19/03/2020 3:27:35 PM - Inserir Historico IMNOV202002006AR
19/03/2020 3:27:36 PM - Insert with success IMNOV202002006AR
19/03/2020 3:27:36 PM - Inserir Historico IMNOV202002008AR
19/03/2020 3:27:36 PM - Insert with success IMNOV202002008AR
19/03/2020 3:27:36 PM - Inserir Historico EMARG202001138AR
19/03/2020 3:27:36 PM - Insert with success EMARG202001138AR
19/03/2020 3:27:36 PM - Inserir Historico EMARG202001139AR
19/03/2020 3:27:36 PM - Insert with success EMARG202001139AR
19/03/2020 3:27:36 PM - Inserir Historico EMARG202001140AR
19/03/2020 3:27:36 PM - Insert with success EMARG202001140AR
19/03/2020 3:27:36 PM - Inserir Historico EMARG202001141AR
19/03/2020 3:27:37 PM - Insert with success EMARG202001141AR
19/03/2020 3:27:37 PM - Inserir Historico EMARG202001142AR
19/03/2020 3:27:37 PM - Insert with success EMARG202001142AR
19/03/2020 3:27:37 PM - Inserir Historico EMARG202001143AR
19/03/2020 3:27:37 PM - Insert with success EMARG202001143AR
19/03/2020 3:27:37 PM - Inserir Historico IMARG202003056AR
19/03/2020 3:27:37 PM - Insert with success IMARG202003056AR
19/03/2020 3:27:37 PM - Inserir Historico EMARG202001144AR
19/03/2020 3:27:37 PM - Insert with success EMARG202001144AR
19/03/2020 3:27:37 PM - Inserir Historico EMARG202001132AR
19/03/2020 3:27:38 PM - Insert with success EMARG202001132AR
19/03/2020 3:27:38 PM - Inserir Historico EMARG202001122AR
19/03/2020 3:27:38 PM - Insert with success EMARG202001122AR
19/03/2020 3:27:38 PM - Inserir Historico EMARG202001133AR
19/03/2020 3:27:38 PM - Insert with success EMARG202001133AR
19/03/2020 3:27:38 PM - Inserir Historico EMARG202001134AR
19/03/2020 3:27:38 PM - Insert with success EMARG202001134AR
19/03/2020 3:27:38 PM - Inserir Historico EMARG202001135AR
19/03/2020 3:27:38 PM - Insert with success EMARG202001135AR
19/03/2020 3:27:38 PM - Inserir Historico EMARG202001145AR
19/03/2020 3:27:39 PM - Insert with success EMARG202001145AR
19/03/2020 3:27:39 PM - Inserir Historico IMFLT202003013AR
19/03/2020 3:27:39 PM - Insert with success IMFLT202003013AR
19/03/2020 3:27:39 PM - Inserir Historico EMARG202001146AR
19/03/2020 3:27:39 PM - Insert with success EMARG202001146AR
19/03/2020 3:27:39 PM - Inserir Historico EMARG202001147AR
19/03/2020 3:27:39 PM - Insert with success EMARG202001147AR
19/03/2020 3:27:39 PM - Inserir Historico EMARG202001148AR
19/03/2020 3:27:39 PM - Insert with success EMARG202001148AR
19/03/2020 3:27:39 PM - Inserir Historico IMFLT202002069AR
19/03/2020 3:27:40 PM - Insert with success IMFLT202002069AR
19/03/2020 3:27:40 PM - Inserir Historico EMARG202001149AR
19/03/2020 3:27:40 PM - Insert with success EMARG202001149AR
19/03/2020 3:27:40 PM - Inserir Historico EMARG202001150AR
19/03/2020 3:27:40 PM - Insert with success EMARG202001150AR
19/03/2020 3:27:40 PM - Inserir Historico IMFLT202002075AR
19/03/2020 3:27:40 PM - Insert with success IMFLT202002075AR
19/03/2020 3:27:40 PM - Inserir Historico IMFLT202002101AR
19/03/2020 3:27:40 PM - Insert with success IMFLT202002101AR
19/03/2020 3:27:40 PM - Inserir Historico IAFLT202003010AR
19/03/2020 3:27:41 PM - Insert with success IAFLT202003010AR
19/03/2020 3:27:41 PM - Inserir Historico IAFLT202003009AR
19/03/2020 3:27:41 PM - Insert with success IAFLT202003009AR
19/03/2020 3:27:41 PM - Inserir Historico EMARG202001151AR
19/03/2020 3:27:41 PM - Insert with success EMARG202001151AR
19/03/2020 3:27:41 PM - Inserir Historico EOARG202003165AR
19/03/2020 3:27:41 PM - Insert with success EOARG202003165AR
19/03/2020 3:27:41 PM - Inserir Historico EMARG202001152AR
19/03/2020 3:27:41 PM - Insert with success EMARG202001152AR
19/03/2020 3:27:41 PM - Inserir Historico IMARG202003026AR
19/03/2020 3:27:42 PM - Insert with success IMARG202003026AR
19/03/2020 3:27:42 PM - Inserir Historico IMARG202003027AR
19/03/2020 3:27:42 PM - Insert with success IMARG202003027AR
19/03/2020 3:27:42 PM - Inserir Historico IMARG202003063AR
19/03/2020 3:27:42 PM - Insert with success IMARG202003063AR
19/03/2020 3:27:42 PM - Inserir Historico EMARG202001239AR
19/03/2020 3:27:42 PM - Insert with success EMARG202001239AR
19/03/2020 3:27:42 PM - Inserir Historico EMARG202001290AR
19/03/2020 3:27:42 PM - Insert with success EMARG202001290AR
19/03/2020 3:27:42 PM - Inserir Historico EMARG202001292AR
19/03/2020 3:27:43 PM - Insert with success EMARG202001292AR
19/03/2020 3:27:43 PM - Inserir Historico EMARG202001291AR
19/03/2020 3:27:43 PM - Insert with success EMARG202001291AR
19/03/2020 3:27:43 PM - Inserir Historico IMARG202001126AR
19/03/2020 3:27:43 PM - Insert with success IMARG202001126AR
19/03/2020 3:27:43 PM - Inserir Historico EMARG202001153AR
19/03/2020 3:27:43 PM - Insert with success EMARG202001153AR
19/03/2020 3:27:43 PM - Inserir Historico EMARG202001196AR
19/03/2020 3:27:43 PM - Insert with success EMARG202001196AR
19/03/2020 3:27:43 PM - Inserir Historico EMARG202001198AR
19/03/2020 3:27:44 PM - Insert with success EMARG202001198AR
19/03/2020 3:27:44 PM - Inserir Historico EMARG202001188AR
19/03/2020 3:27:44 PM - Insert with success EMARG202001188AR
19/03/2020 3:27:44 PM - Inserir Historico EMARG202001189AR
19/03/2020 3:27:44 PM - Insert with success EMARG202001189AR
19/03/2020 3:27:44 PM - Inserir Historico EMARG202001199AR
19/03/2020 3:27:44 PM - Insert with success EMARG202001199AR
19/03/2020 3:27:44 PM - Inserir Historico IMSOL202003012AR
19/03/2020 3:27:44 PM - Insert with success IMSOL202003012AR
19/03/2020 3:27:44 PM - Inserir Historico EMARG202001293AR
19/03/2020 3:27:45 PM - Insert with success EMARG202001293AR
19/03/2020 3:27:45 PM - Inserir Historico EMARG202001294AR
19/03/2020 3:27:45 PM - Insert with success EMARG202001294AR
19/03/2020 3:27:45 PM - Inserir Historico EOARG202001084AR
19/03/2020 3:27:45 PM - Insert with success EOARG202001084AR
19/03/2020 3:27:45 PM - Inserir Historico EMARG202001204AR
19/03/2020 3:27:45 PM - Insert with success EMARG202001204AR
19/03/2020 3:27:45 PM - Inserir Historico EMARG202001206AR
19/03/2020 3:27:45 PM - Insert with success EMARG202001206AR
19/03/2020 3:27:45 PM - Inserir Historico EMARG202001063AR
19/03/2020 3:27:46 PM - Insert with success EMARG202001063AR
19/03/2020 3:27:46 PM - Inserir Historico EMARG202001104AR
19/03/2020 3:27:46 PM - Insert with success EMARG202001104AR
19/03/2020 3:27:46 PM - Inserir Historico IOARG202003004AR
19/03/2020 3:27:46 PM - Insert with success IOARG202003004AR
19/03/2020 3:27:46 PM - Inserir Historico EMARG202001166AR
19/03/2020 3:27:46 PM - Insert with success EMARG202001166AR
19/03/2020 3:27:46 PM - Inserir Historico EMARG202001167AR
19/03/2020 3:27:46 PM - Insert with success EMARG202001167AR
19/03/2020 3:27:46 PM - Inserir Historico EMARG202001123AR
19/03/2020 3:27:46 PM - Insert with success EMARG202001123AR
19/03/2020 3:27:47 PM - Inserir Historico EMARG202001168AR
19/03/2020 3:27:47 PM - Insert with success EMARG202001168AR
19/03/2020 3:27:47 PM - Inserir Historico EMARG202001170AR
19/03/2020 3:27:47 PM - Insert with success EMARG202001170AR
19/03/2020 3:27:47 PM - Inserir Historico EMARG202001171AR
19/03/2020 3:27:47 PM - Insert with success EMARG202001171AR
19/03/2020 3:27:47 PM - Inserir Historico EMARG202001172AR
19/03/2020 3:27:47 PM - Insert with success EMARG202001172AR
19/03/2020 3:27:47 PM - Inserir Historico EMARG202001173AR
19/03/2020 3:27:47 PM - Insert with success EMARG202001173AR
19/03/2020 3:27:48 PM - Inserir Historico EMARG202001214AR
19/03/2020 3:27:48 PM - Insert with success EMARG202001214AR
19/03/2020 3:27:48 PM - Inserir Historico EMARG202001212AR
19/03/2020 3:27:48 PM - Insert with success EMARG202001212AR
19/03/2020 3:27:48 PM - Inserir Historico EMARG202001213AR
19/03/2020 3:27:48 PM - Insert with success EMARG202001213AR
19/03/2020 3:27:48 PM - Inserir Historico EMARG202001220AR
19/03/2020 3:27:48 PM - Insert with success EMARG202001220AR
19/03/2020 3:27:48 PM - Inserir Historico EMARG202001277AR
19/03/2020 3:27:48 PM - Insert with success EMARG202001277AR
19/03/2020 3:27:49 PM - Inserir Historico EMARG202001278AR
19/03/2020 3:27:49 PM - Insert with success EMARG202001278AR
19/03/2020 3:27:49 PM - Inserir Historico EMARG202001240AR
19/03/2020 3:27:49 PM - Insert with success EMARG202001240AR
19/03/2020 3:27:49 PM - Inserir Historico EMARG202001241AR
19/03/2020 3:27:49 PM - Insert with success EMARG202001241AR
19/03/2020 3:27:49 PM - Inserir Historico EMARG202001242AR
19/03/2020 3:27:49 PM - Insert with success EMARG202001242AR
19/03/2020 3:27:49 PM - Inserir Historico EMARG202001243AR
19/03/2020 3:27:49 PM - Insert with success EMARG202001243AR
19/03/2020 3:27:50 PM - Inserir Historico EMARG202001223AR
19/03/2020 3:27:50 PM - Insert with success EMARG202001223AR
19/03/2020 3:27:50 PM - Inserir Historico EMFLT202003001AR
19/03/2020 3:27:50 PM - Insert with success EMFLT202003001AR
19/03/2020 3:27:50 PM - Inserir Historico EMARG202001244AR
19/03/2020 3:27:50 PM - Insert with success EMARG202001244AR
19/03/2020 3:27:50 PM - Inserir Historico IOARG202003003AR
19/03/2020 3:27:50 PM - Insert with success IOARG202003003AR
19/03/2020 3:27:50 PM - Inserir Historico EMARG202001245AR
19/03/2020 3:27:50 PM - Insert with success EMARG202001245AR
19/03/2020 3:27:50 PM - Inserir Historico EMARG202001246AR
19/03/2020 3:27:51 PM - Insert with success EMARG202001246AR
19/03/2020 3:27:51 PM - Inserir Historico EMARG202001247AR
19/03/2020 3:27:51 PM - Insert with success EMARG202001247AR
19/03/2020 3:27:51 PM - Inserir Historico EMARG202001209AR
19/03/2020 3:27:51 PM - Insert with success EMARG202001209AR
19/03/2020 3:27:51 PM - Inserir Historico IAARG202003004AR
19/03/2020 3:27:51 PM - Insert with success IAARG202003004AR
19/03/2020 3:27:51 PM - Inserir Historico EOROA202003003AR
19/03/2020 3:27:51 PM - Insert with success EOROA202003003AR
19/03/2020 3:27:51 PM - Inserir Historico EMARG202001210AR
19/03/2020 3:27:52 PM - Insert with success EMARG202001210AR
19/03/2020 3:27:52 PM - Inserir Historico EMARG202001258AR
19/03/2020 3:27:52 PM - Insert with success EMARG202001258AR
19/03/2020 3:27:52 PM - Inserir Historico EMARG202001156AR
19/03/2020 3:27:52 PM - Insert with success EMARG202001156AR
19/03/2020 3:27:52 PM - Inserir Historico EMARG202001157AR
19/03/2020 3:27:52 PM - Insert with success EMARG202001157AR
19/03/2020 3:27:52 PM - Inserir Historico EOARG202002125AR
19/03/2020 3:27:52 PM - Insert with success EOARG202002125AR
19/03/2020 3:27:52 PM - Inserir Historico EMARG202001128AR
19/03/2020 3:27:53 PM - Insert with success EMARG202001128AR
19/03/2020 3:27:53 PM - Inserir Historico EMARG202001129AR
19/03/2020 3:27:53 PM - Insert with success EMARG202001129AR
19/03/2020 3:27:53 PM - Inserir Historico EMARG202001158AR
19/03/2020 3:27:53 PM - Insert with success EMARG202001158AR
19/03/2020 3:27:53 PM - Inserir Historico EMARG202001159AR
19/03/2020 3:27:53 PM - Insert with success EMARG202001159AR
19/03/2020 3:27:53 PM - Inserir Historico EMARG202001160AR
19/03/2020 3:27:53 PM - Insert with success EMARG202001160AR
19/03/2020 3:27:53 PM - Inserir Historico EMARG202001161AR
19/03/2020 3:27:54 PM - Insert with success EMARG202001161AR
19/03/2020 3:27:54 PM - Inserir Historico EMARG202001162AR
19/03/2020 3:27:54 PM - Insert with success EMARG202001162AR
19/03/2020 3:27:54 PM - Inserir Historico EMARG202001163AR
19/03/2020 3:27:54 PM - Insert with success EMARG202001163AR
19/03/2020 3:27:54 PM - Inserir Historico EMARG202001164AR
19/03/2020 3:27:54 PM - Insert with success EMARG202001164AR
19/03/2020 3:27:54 PM - Inserir Historico EMARG202001165AR
19/03/2020 3:27:54 PM - Insert with success EMARG202001165AR
19/03/2020 3:27:54 PM - Inserir Historico EMARG202001207AR
19/03/2020 3:27:55 PM - Insert with success EMARG202001207AR
19/03/2020 3:27:55 PM - Inserir Historico EMARG202001224AR
19/03/2020 3:27:55 PM - Insert with success EMARG202001224AR
19/03/2020 3:27:55 PM - Inserir Historico EMARG202001231AR
19/03/2020 3:27:55 PM - Insert with success EMARG202001231AR
19/03/2020 3:27:55 PM - Inserir Historico IMARG202001156AR
19/03/2020 3:27:55 PM - Insert with success IMARG202001156AR
19/03/2020 3:27:55 PM - Inserir Historico IMPME202003008AR
19/03/2020 3:27:55 PM - Insert with success IMPME202003008AR
19/03/2020 3:27:55 PM - Inserir Historico EOARG202003053AR
19/03/2020 3:27:56 PM - Insert with success EOARG202003053AR
19/03/2020 3:27:56 PM - Inserir Historico IAARG202003003AR
19/03/2020 3:27:56 PM - Insert with success IAARG202003003AR
19/03/2020 3:27:56 PM - Inserir Historico IOARG202003005AR
19/03/2020 3:27:56 PM - Insert with success IOARG202003005AR
19/03/2020 3:27:56 PM - Inserir Historico EMARG202001232AR
19/03/2020 3:27:56 PM - Insert with success EMARG202001232AR
19/03/2020 3:27:56 PM - Inserir Historico IMROA202001025AR
19/03/2020 3:27:56 PM - Insert with success IMROA202001025AR
19/03/2020 3:27:56 PM - Inserir Historico EOROA202002004AR
19/03/2020 3:27:57 PM - Insert with success EOROA202002004AR
19/03/2020 3:27:57 PM - Inserir Historico IAARG202002006AR
19/03/2020 3:27:57 PM - Insert with success IAARG202002006AR
19/03/2020 3:27:57 PM - Inserir Historico IMCHP202002002AR
19/03/2020 3:27:57 PM - Insert with success IMCHP202002002AR
19/03/2020 3:27:57 PM - Inserir Historico IMARG202001003AR
19/03/2020 3:27:57 PM - Insert with success IMARG202001003AR
19/03/2020 3:27:57 PM - Inserir Historico IMARG202001108AR
19/03/2020 3:27:57 PM - Insert with success IMARG202001108AR
19/03/2020 3:27:57 PM - Inserir Historico IOARG202002004AR
19/03/2020 3:27:58 PM - Insert with success IOARG202002004AR
19/03/2020 3:27:58 PM - Inserir Historico IMARG202001091AR
19/03/2020 3:27:58 PM - Insert with success IMARG202001091AR
19/03/2020 3:27:58 PM - Inserir Historico IMARG202001110AR
19/03/2020 3:27:58 PM - Insert with success IMARG202001110AR
19/03/2020 3:27:58 PM - Inserir Historico IMARG202001005AR
19/03/2020 3:27:58 PM - Insert with success IMARG202001005AR
19/03/2020 3:27:58 PM - Inserir Historico IOAXA202002005AR
19/03/2020 3:27:58 PM - Insert with success IOAXA202002005AR
19/03/2020 3:27:58 PM - Inserir Historico IAGRH202003001AR
19/03/2020 3:27:59 PM - Insert with success IAGRH202003001AR
19/03/2020 3:27:59 PM - Inserir Historico IMGRH202001001AR
19/03/2020 3:27:59 PM - Insert with success IMGRH202001001AR
19/03/2020 3:27:59 PM - Inserir Historico IMARG202003060AR
19/03/2020 3:27:59 PM - Insert with success IMARG202003060AR
19/03/2020 3:27:59 PM - Inserir Historico IMVTP201910008AR
19/03/2020 3:27:59 PM - Insert with success IMVTP201910008AR
19/03/2020 3:27:59 PM - Inserir Historico IMSOL202003002AR
19/03/2020 3:27:59 PM - Insert with success IMSOL202003002AR
19/03/2020 3:27:59 PM - Inserir Historico IMSOL202003008AR
19/03/2020 3:28:00 PM - Insert with success IMSOL202003008AR
19/03/2020 3:28:00 PM - Inserir Historico IMAXA202001012AR
19/03/2020 3:28:00 PM - Insert with success IMAXA202001012AR
19/03/2020 3:28:00 PM - Inserir Historico IMAXA202002007AR
19/03/2020 3:28:00 PM - Insert with success IMAXA202002007AR
19/03/2020 3:28:00 PM - Inserir Historico IMAXA202002008AR
19/03/2020 3:28:00 PM - Insert with success IMAXA202002008AR
19/03/2020 3:28:00 PM - Inserir Historico IMAXA202002005AR
19/03/2020 3:28:00 PM - Insert with success IMAXA202002005AR
19/03/2020 3:28:00 PM - Inserir Historico IMBRN202003009AR
19/03/2020 3:28:01 PM - Insert with success IMBRN202003009AR
19/03/2020 3:28:01 PM - Inserir Historico IMBRN202003006AR
19/03/2020 3:28:01 PM - Insert with success IMBRN202003006AR
19/03/2020 3:28:01 PM - Inserir Historico IMVTP201910009AR
19/03/2020 3:28:01 PM - Insert with success IMVTP201910009AR
19/03/2020 3:28:01 PM - Inserir Historico IMAXA202002006AR
19/03/2020 3:28:01 PM - Insert with success IMAXA202002006AR
19/03/2020 3:28:01 PM - Inserir Historico EOSOL202003001AR
19/03/2020 3:28:01 PM - Insert with success EOSOL202003001AR
19/03/2020 3:28:01 PM - Inserir Historico IMSOL202003009AR
19/03/2020 3:28:01 PM - Insert with success IMSOL202003009AR
19/03/2020 3:28:02 PM - Inserir Historico IMBRN202003008AR
19/03/2020 3:28:02 PM - Insert with success IMBRN202003008AR
19/03/2020 3:28:02 PM - Inserir Historico IOBRN202003001AR
19/03/2020 3:28:02 PM - Insert with success IOBRN202003001AR
19/03/2020 3:28:02 PM - Inserir Historico IOAXA202003007AR
19/03/2020 3:28:02 PM - Insert with success IOAXA202003007AR
19/03/2020 3:28:02 PM - Inserir Historico IMBRN202003007AR
19/03/2020 3:28:02 PM - Insert with success IMBRN202003007AR
19/03/2020 3:28:02 PM - Inserir Historico IMSOL202003010AR
19/03/2020 3:28:02 PM - Insert with success IMSOL202003010AR
19/03/2020 3:28:03 PM - Inserir Historico IMFLT202002057AR
19/03/2020 3:28:03 PM - Insert with success IMFLT202002057AR
19/03/2020 3:28:03 PM - Inserir Historico IMBRN202002002AR
19/03/2020 3:28:03 PM - Insert with success IMBRN202002002AR
19/03/2020 3:28:03 PM - Inserir Historico IMFLT202002073AR
19/03/2020 3:28:03 PM - Insert with success IMFLT202002073AR
19/03/2020 3:28:03 PM - Inserir Historico EASOL202002001AR
19/03/2020 3:28:03 PM - Insert with success EASOL202002001AR
19/03/2020 3:28:03 PM - Inserir Historico IAVAR202002001AR
19/03/2020 3:28:03 PM - Insert with success IAVAR202002001AR
19/03/2020 3:28:03 PM - Inserir Historico IMFLT202003025AR
19/03/2020 3:28:04 PM - Insert with success IMFLT202003025AR
19/03/2020 3:28:04 PM - Inserir Historico IMBRN202002004AR
19/03/2020 3:28:04 PM - Insert with success IMBRN202002004AR
19/03/2020 3:28:04 PM - Inserir Historico IOSOL202002001AR
19/03/2020 3:28:04 PM - Insert with success IOSOL202002001AR
19/03/2020 3:28:04 PM - Inserir Historico IMAXA202002003AR
19/03/2020 3:28:04 PM - Insert with success IMAXA202002003AR
19/03/2020 3:28:04 PM - Inserir Historico EMVTP202003001AR
19/03/2020 3:28:04 PM - Insert with success EMVTP202003001AR
19/03/2020 3:28:04 PM - Inserir Historico IMVTP202003002AR
19/03/2020 3:28:05 PM - Insert with success IMVTP202003002AR
19/03/2020 3:28:05 PM - Inserir Historico IMSOL202001015AR
19/03/2020 3:28:05 PM - Insert with success IMSOL202001015AR
19/03/2020 3:28:05 PM - Inserir Historico IOSOL202002008AR
19/03/2020 3:28:05 PM - Insert with success IOSOL202002008AR
19/03/2020 3:28:05 PM - Inserir Historico IMSOL202003001AR
19/03/2020 3:28:05 PM - Insert with success IMSOL202003001AR
19/03/2020 3:28:05 PM - Inserir Historico IMBRN202002003AR
19/03/2020 3:28:05 PM - Insert with success IMBRN202002003AR
19/03/2020 3:28:05 PM - Inserir Historico IMCRE202003002AR
19/03/2020 3:28:06 PM - Insert with success IMCRE202003002AR
19/03/2020 3:28:06 PM - Inserir Historico IMAXA202002002AR
19/03/2020 3:28:06 PM - Insert with success IMAXA202002002AR
19/03/2020 3:28:06 PM - Inserir Historico IMBRN202003005AR
19/03/2020 3:28:06 PM - Insert with success IMBRN202003005AR
19/03/2020 3:28:06 PM - Inserir Historico IMFLT202002097AR
19/03/2020 3:28:06 PM - Insert with success IMFLT202002097AR
19/03/2020 3:28:06 PM - Inserir Historico IMFLT202002099AR
19/03/2020 3:28:06 PM - Insert with success IMFLT202002099AR
19/03/2020 3:28:06 PM - Inserir Historico IASOL202003001AR
19/03/2020 3:28:07 PM - Insert with success IASOL202003001AR
19/03/2020 3:28:07 PM - Inserir Historico IMFLT202002072AR
19/03/2020 3:28:07 PM - Insert with success IMFLT202002072AR
19/03/2020 3:28:07 PM - Inserir Historico IMSLT202002004AR
19/03/2020 3:28:07 PM - Insert with success IMSLT202002004AR
19/03/2020 3:28:07 PM - Inserir Historico IMBRN202003004AR
19/03/2020 3:28:07 PM - Insert with success IMBRN202003004AR
19/03/2020 3:28:07 PM - Inserir Historico IMSLT202002003AR
19/03/2020 3:28:07 PM - Insert with success IMSLT202002003AR
19/03/2020 3:28:07 PM - Inserir Historico IOGRH202001001AR
19/03/2020 3:28:08 PM - Insert with success IOGRH202001001AR
19/03/2020 3:28:08 PM - Inserir Historico IMBRN202001003AR
19/03/2020 3:28:08 PM - Insert with success IMBRN202001003AR
19/03/2020 3:28:08 PM - Inserir Historico IMSLT202001001AR
19/03/2020 3:28:08 PM - Insert with success IMSLT202001001AR
19/03/2020 3:28:08 PM - Inserir Historico IMAXA202003005AR
19/03/2020 3:28:08 PM - Insert with success IMAXA202003005AR
19/03/2020 3:28:08 PM - Inserir Historico EOSLT202003001AR
19/03/2020 3:28:08 PM - Insert with success EOSLT202003001AR
19/03/2020 3:28:08 PM - Inserir Historico IMBRN201912009AR
19/03/2020 3:28:09 PM - Insert with success IMBRN201912009AR
19/03/2020 3:28:09 PM - Inserir Historico IMAXA202002001AR
19/03/2020 3:28:09 PM - Insert with success IMAXA202002001AR
19/03/2020 3:28:09 PM - Inserir Historico IMBRN202003003AR
19/03/2020 3:28:09 PM - Insert with success IMBRN202003003AR
19/03/2020 3:28:09 PM - Inserir Historico IOAXA202003006AR
19/03/2020 3:28:09 PM - Insert with success IOAXA202003006AR
19/03/2020 3:28:09 PM - Inserir Historico IOSOL202002009AR
19/03/2020 3:28:09 PM - Insert with success IOSOL202002009AR
19/03/2020 3:28:09 PM - Inserir Historico IMBRN202002010AR
19/03/2020 3:28:10 PM - Insert with success IMBRN202002010AR
19/03/2020 3:28:10 PM - Inserir Historico IOKMN202002001AR
19/03/2020 3:28:10 PM - Insert with success IOKMN202002001AR
19/03/2020 3:28:10 PM - Inserir Historico IMSOL202001014AR
19/03/2020 3:28:10 PM - Insert with success IMSOL202001014AR
19/03/2020 3:28:10 PM - Inserir Historico IABRN202003001AR
19/03/2020 3:28:10 PM - Insert with success IABRN202003001AR
19/03/2020 3:28:10 PM - Inserir Historico IMAXA202003002AR
19/03/2020 3:28:10 PM - Insert with success IMAXA202003002AR
19/03/2020 3:28:10 PM - Inserir Historico IMAXA202003003AR
19/03/2020 3:28:11 PM - Insert with success IMAXA202003003AR
19/03/2020 3:28:11 PM - Inserir Historico IMCRE202003001AR
19/03/2020 3:28:11 PM - Insert with success IMCRE202003001AR
19/03/2020 3:28:11 PM - Inserir Historico IMVTP202003001AR
19/03/2020 3:28:11 PM - Insert with success IMVTP202003001AR
19/03/2020 3:28:11 PM - Inserir Historico IMCHP202003008AR
19/03/2020 3:28:11 PM - Insert with success IMCHP202003008AR
19/03/2020 3:28:11 PM - Inserir Historico EOARG202001242AR
19/03/2020 3:28:11 PM - Insert with success EOARG202001242AR
19/03/2020 3:28:11 PM - Inserir Historico IMARG202002015AR
19/03/2020 3:28:12 PM - Insert with success IMARG202002015AR
19/03/2020 3:28:12 PM - Inserir Historico IMROA202002010AR
19/03/2020 3:28:12 PM - Insert with success IMROA202002010AR
19/03/2020 3:28:12 PM - Inserir Historico EMARG202003242AR
19/03/2020 3:28:12 PM - Insert with success EMARG202003242AR
19/03/2020 3:28:12 PM - Inserir Historico IMARG202002087AR
19/03/2020 3:28:12 PM - Insert with success IMARG202002087AR
19/03/2020 3:28:12 PM - Inserir Historico IMROA202002033AR
19/03/2020 3:28:12 PM - Insert with success IMROA202002033AR
19/03/2020 3:28:12 PM - Inserir Historico EOARG202003166AR
19/03/2020 3:28:13 PM - Insert with success EOARG202003166AR
19/03/2020 3:28:13 PM - Inserir Historico IMARG201912082AR
19/03/2020 3:28:13 PM - Insert with success IMARG201912082AR
19/03/2020 3:28:13 PM - Inserir Historico EMARG202003243AR
19/03/2020 3:28:13 PM - Insert with success EMARG202003243AR
19/03/2020 3:28:13 PM - Inserir Historico EMFLT202002011AR
19/03/2020 3:28:13 PM - Insert with success EMFLT202002011AR
19/03/2020 3:28:13 PM - Inserir Historico EMARG202003244AR
19/03/2020 3:28:13 PM - Insert with success EMARG202003244AR
19/03/2020 3:28:13 PM - Inserir Historico EOARG202003167AR
19/03/2020 3:28:14 PM - Insert with success EOARG202003167AR
19/03/2020 3:28:14 PM - Inserir Historico IMCHP202003017AR
19/03/2020 3:28:14 PM - Insert with success IMCHP202003017AR
19/03/2020 3:28:14 PM - Inserir Historico EMARG202003245AR
19/03/2020 3:28:14 PM - Insert with success EMARG202003245AR
19/03/2020 3:28:14 PM - Inserir Historico EMARG202003246AR
19/03/2020 3:28:14 PM - Insert with success EMARG202003246AR
19/03/2020 3:28:14 PM - Inserir Historico EMFLT202001008AR
19/03/2020 3:28:14 PM - Insert with success EMFLT202001008AR
19/03/2020 3:28:14 PM - Inserir Historico EMFLT202001021AR
19/03/2020 3:28:15 PM - Insert with success EMFLT202001021AR
19/03/2020 3:28:15 PM - Inserir Historico EMFLT202001013AR
19/03/2020 3:28:15 PM - Insert with success EMFLT202001013AR
19/03/2020 3:28:15 PM - Inserir Historico IOFLT202001002AR
19/03/2020 3:28:15 PM - Insert with success IOFLT202001002AR
19/03/2020 3:28:15 PM - Inserir Historico IMCHP202003018AR
19/03/2020 3:28:15 PM - Insert with success IMCHP202003018AR
19/03/2020 3:28:15 PM - Inserir Historico EAURU202003001AR
19/03/2020 3:28:15 PM - Insert with success EAURU202003001AR
19/03/2020 3:28:15 PM - Inserir Historico EAURU202003002AR
19/03/2020 3:28:16 PM - Insert with success EAURU202003002AR
19/03/2020 3:28:16 PM - Inserir Historico EMARG202001233AR
19/03/2020 3:28:16 PM - Insert with success EMARG202001233AR
19/03/2020 3:28:16 PM - Inserir Historico EMARG202001234AR
19/03/2020 3:28:16 PM - Insert with success EMARG202001234AR
19/03/2020 3:28:16 PM - Inserir Historico EMARG202001235AR
19/03/2020 3:28:16 PM - Insert with success EMARG202001235AR
19/03/2020 3:28:16 PM - Inserir Historico EMARG202001236AR
19/03/2020 3:28:16 PM - Insert with success EMARG202001236AR
19/03/2020 3:28:16 PM - Inserir Historico EMARG202001237AR
19/03/2020 3:28:16 PM - Insert with success EMARG202001237AR
19/03/2020 3:28:17 PM - Inserir Historico EMARG202001238AR
19/03/2020 3:28:17 PM - Insert with success EMARG202001238AR
19/03/2020 3:28:17 PM - Inserir Historico EMARG202001229AR
19/03/2020 3:28:17 PM - Insert with success EMARG202001229AR
19/03/2020 3:28:17 PM - Inserir Historico EMARG202001257AR
19/03/2020 3:28:17 PM - Insert with success EMARG202001257AR
19/03/2020 3:28:17 PM - Inserir Historico EMARG202001154AR
19/03/2020 3:28:17 PM - Insert with success EMARG202001154AR
19/03/2020 3:28:17 PM - Inserir Historico EMARG202001330AR
19/03/2020 3:28:17 PM - Insert with success EMARG202001330AR
19/03/2020 3:28:18 PM - Inserir Historico EOARG202002124AR
19/03/2020 3:28:18 PM - Insert with success EOARG202002124AR
19/03/2020 3:28:18 PM - Inserir Historico EOARG202002043AR
19/03/2020 3:28:18 PM - Insert with success EOARG202002043AR
19/03/2020 3:28:18 PM - Inserir Historico EMARG202001105AR
19/03/2020 3:28:18 PM - Insert with success EMARG202001105AR
19/03/2020 3:28:18 PM - Inserir Historico EMARG202001106AR
19/03/2020 3:28:18 PM - Insert with success EMARG202001106AR
19/03/2020 3:28:18 PM - Inserir Historico EMARG202001175AR
19/03/2020 3:28:18 PM - Insert with success EMARG202001175AR
19/03/2020 3:28:18 PM - Inserir Historico EMARG202001176AR
19/03/2020 3:28:19 PM - Insert with success EMARG202001176AR
19/03/2020 3:28:19 PM - Inserir Historico EMARG202001178AR
19/03/2020 3:28:19 PM - Insert with success EMARG202001178AR
19/03/2020 3:28:19 PM - Inserir Historico EMARG202001179AR
19/03/2020 3:28:19 PM - Insert with success EMARG202001179AR
19/03/2020 3:28:19 PM - Inserir Historico EMARG202001180AR
19/03/2020 3:28:19 PM - Insert with success EMARG202001180AR
19/03/2020 3:28:19 PM - Inserir Historico EMARG202001181AR
19/03/2020 3:28:19 PM - Insert with success EMARG202001181AR
19/03/2020 3:28:19 PM - Inserir Historico EMARG202001295AR
19/03/2020 3:28:20 PM - Insert with success EMARG202001295AR
19/03/2020 3:28:20 PM - Inserir Historico EMARG202001296AR
19/03/2020 3:28:20 PM - Insert with success EMARG202001296AR
19/03/2020 3:28:20 PM - Inserir Historico EMARG202001297AR
19/03/2020 3:28:20 PM - Insert with success EMARG202001297AR
19/03/2020 3:28:20 PM - Inserir Historico EMARG202001298AR
19/03/2020 3:28:20 PM - Insert with success EMARG202001298AR
19/03/2020 3:28:20 PM - Inserir Historico EMARG202001299AR
19/03/2020 3:28:20 PM - Insert with success EMARG202001299AR
19/03/2020 3:28:20 PM - Inserir Historico EMARG202001300AR
19/03/2020 3:28:21 PM - Insert with success EMARG202001300AR
19/03/2020 3:28:21 PM - Inserir Historico EMARG202001301AR
19/03/2020 3:28:21 PM - Insert with success EMARG202001301AR
19/03/2020 3:28:21 PM - Inserir Historico EMARG202001112AR
19/03/2020 3:28:21 PM - Insert with success EMARG202001112AR
19/03/2020 3:28:21 PM - Inserir Historico EMARG202001114AR
19/03/2020 3:28:21 PM - Insert with success EMARG202001114AR
19/03/2020 3:28:21 PM - Inserir Historico EMARG202001259AR
19/03/2020 3:28:21 PM - Insert with success EMARG202001259AR
19/03/2020 3:28:21 PM - Inserir Historico EMARG202001183AR
19/03/2020 3:28:22 PM - Insert with success EMARG202001183AR
19/03/2020 3:31:25 PM - Inserir Historico IMCHP202003019AR
19/03/2020 3:31:25 PM - Insert with success IMCHP202003019AR
