4/9/2020 8:42:12 AM - Inserir Historico IMOXT202004022BR
4/9/2020 8:42:13 AM - Insert with success IMOXT202004022BR
4/9/2020 8:42:42 AM - Inserir Historico IMUPM202004001BR
4/9/2020 8:42:42 AM - Insert with success IMUPM202004001BR
4/9/2020 8:43:06 AM - Inserir Historico IMCSR202004105BR
4/9/2020 8:43:07 AM - Insert with success IMCSR202004105BR
4/9/2020 8:43:34 AM - Inserir Historico IMSWB202002098BR
4/9/2020 8:43:35 AM - Insert with success IMSWB202002098BR
4/9/2020 8:44:06 AM - Inserir Historico IMPSP202001021BR
4/9/2020 8:44:07 AM - Insert with success IMPSP202001021BR
4/9/2020 8:44:45 AM - Inserir Historico IMCBT201912001BR
4/9/2020 8:44:45 AM - Insert with success IMCBT201912001BR
4/9/2020 8:45:14 AM - Inserir Historico IMCSR202004056BR
4/9/2020 8:45:16 AM - Insert with success IMCSR202004056BR
4/9/2020 8:45:47 AM - Inserir Historico IMSOL202001031BR
4/9/2020 8:45:48 AM - Insert with success IMSOL202001031BR
4/9/2020 8:46:25 AM - Inserir Historico IMCTV202003009BR
4/9/2020 8:46:26 AM - Insert with success IMCTV202003009BR
4/9/2020 8:46:57 AM - Inserir Historico IMCSR202004058BR
4/9/2020 8:46:58 AM - Insert with success IMCSR202004058BR
4/9/2020 8:47:28 AM - Inserir Historico IMCSR202004106BR
4/9/2020 8:47:29 AM - Insert with success IMCSR202004106BR
4/9/2020 8:48:00 AM - Inserir Historico EMOXT202003130BR
4/9/2020 8:48:01 AM - Insert with success EMOXT202003130BR
4/9/2020 8:48:28 AM - Inserir Historico IMOXT202004023BR
4/9/2020 8:48:29 AM - Insert with success IMOXT202004023BR
4/9/2020 8:49:03 AM - Inserir Historico EORHO202003051BR
4/9/2020 8:49:03 AM - Insert with success EORHO202003051BR
4/9/2020 8:49:34 AM - Inserir Historico IMCSR202003668BR
4/9/2020 8:49:35 AM - Insert with success IMCSR202003668BR
4/9/2020 8:50:05 AM - Inserir Historico IMEAS202004005BR
4/9/2020 8:50:08 AM - Insert with success IMEAS202004005BR
4/9/2020 8:50:54 AM - Inserir Historico EMOXT202003078BR
4/9/2020 8:50:56 AM - Insert with success EMOXT202003078BR
4/9/2020 8:51:31 AM - Inserir Historico IMSWB201912115BR
4/9/2020 8:51:33 AM - Insert with success IMSWB201912115BR
4/9/2020 8:52:07 AM - Inserir Historico EORHO202003016BR
4/9/2020 8:52:08 AM - Insert with success EORHO202003016BR
4/9/2020 8:52:45 AM - Inserir Historico IMEXO202002001BR
4/9/2020 8:52:47 AM - Insert with success IMEXO202002001BR
4/9/2020 8:53:17 AM - Inserir Historico IMSPC202001029BR
4/9/2020 8:53:19 AM - Insert with success IMSPC202001029BR
4/9/2020 8:53:47 AM - Inserir Historico IMEAS202004007BR
4/9/2020 8:53:49 AM - Insert with success IMEAS202004007BR
4/9/2020 8:54:21 AM - Inserir Historico IMOXT202004024BR
4/9/2020 8:54:22 AM - Insert with success IMOXT202004024BR
4/9/2020 8:54:50 AM - Inserir Historico IMOXT202004025BR
4/9/2020 8:54:52 AM - Insert with success IMOXT202004025BR
4/9/2020 8:55:23 AM - Inserir Historico IMSOL202002001BR
4/9/2020 8:55:25 AM - Insert with success IMSOL202002001BR
4/9/2020 8:55:50 AM - Inserir Historico IMPSP202001022BR
4/9/2020 8:55:51 AM - Insert with success IMPSP202001022BR
4/9/2020 8:56:19 AM - Inserir Historico IMOXT202004026BR
4/9/2020 8:56:20 AM - Insert with success IMOXT202004026BR
4/9/2020 8:56:48 AM - Inserir Historico IMCSR202004107BR
4/9/2020 8:56:49 AM - Insert with success IMCSR202004107BR
4/9/2020 8:57:17 AM - Inserir Historico IMEAS202003016BR
4/9/2020 8:57:17 AM - Insert with success IMEAS202003016BR
4/9/2020 8:57:48 AM - Inserir Historico IMCSR202003670BR
4/9/2020 8:57:49 AM - Insert with success IMCSR202003670BR
4/9/2020 8:58:16 AM - Inserir Historico EORHO202003042BR
4/9/2020 8:58:17 AM - Insert with success EORHO202003042BR
4/9/2020 8:58:45 AM - Inserir Historico IMEAS202004006BR
4/9/2020 8:58:46 AM - Insert with success IMEAS202004006BR
4/9/2020 8:59:17 AM - Inserir Historico IMSWB202003066BR
4/9/2020 8:59:18 AM - Insert with success IMSWB202003066BR
4/9/2020 8:59:45 AM - Inserir Historico EORHO202003043BR
4/9/2020 8:59:46 AM - Insert with success EORHO202003043BR
4/9/2020 9:00:19 AM - Inserir Historico EORHO202003044BR
4/9/2020 9:00:21 AM - Insert with success EORHO202003044BR
4/9/2020 9:00:53 AM - Inserir Historico IMSPC202001002BR
4/9/2020 9:00:55 AM - Insert with success IMSPC202001002BR
4/9/2020 9:01:39 AM - Inserir Historico IMIFB202001065BR
4/9/2020 9:01:40 AM - Insert with success IMIFB202001065BR
4/9/2020 9:02:12 AM - Inserir Historico IMIFB202001068BR
4/9/2020 9:02:13 AM - Insert with success IMIFB202001068BR
4/9/2020 9:02:48 AM - Inserir Historico IMIFB202001072BR
4/9/2020 9:02:49 AM - Insert with success IMIFB202001072BR
4/9/2020 9:03:20 AM - Inserir Historico IMIFB202001073BR
4/9/2020 9:03:21 AM - Insert with success IMIFB202001073BR
4/9/2020 9:04:01 AM - Inserir Historico IMIFB202002005BR
4/9/2020 9:04:03 AM - Insert with success IMIFB202002005BR
4/9/2020 9:04:37 AM - Inserir Historico IMIFB202002006BR
4/9/2020 9:04:38 AM - Insert with success IMIFB202002006BR
4/9/2020 9:05:10 AM - Inserir Historico IMIFB202002008BR
4/9/2020 9:05:12 AM - Insert with success IMIFB202002008BR
4/9/2020 9:05:42 AM - Inserir Historico IMLYB202001016BR
4/9/2020 9:05:43 AM - Insert with success IMLYB202001016BR
4/9/2020 9:06:12 AM - Inserir Historico IMLYB202001018BR
4/9/2020 9:06:12 AM - Insert with success IMLYB202001018BR
4/9/2020 9:06:43 AM - Inserir Historico IMLYB202003002BR
4/9/2020 9:06:44 AM - Insert with success IMLYB202003002BR
4/9/2020 9:07:15 AM - Inserir Historico IMSPC201910031BR
4/9/2020 9:07:16 AM - Insert with success IMSPC201910031BR
4/9/2020 9:07:35 AM - Inserir Historico IMATL202004017BR
4/9/2020 9:07:35 AM - Insert with success IMATL202004017BR
4/9/2020 9:08:06 AM - Inserir Historico IMOCV202001004BR
4/9/2020 9:08:07 AM - Insert with success IMOCV202001004BR
4/9/2020 9:08:36 AM - Inserir Historico IMSLA202003044BR
4/9/2020 9:08:36 AM - Insert with success IMSLA202003044BR
4/9/2020 9:09:09 AM - Inserir Historico IMSOL201908034BR
4/9/2020 9:09:11 AM - Insert with success IMSOL201908034BR
4/9/2020 9:09:44 AM - Inserir Historico IMSOL202001013BR
4/9/2020 9:09:45 AM - Insert with success IMSOL202001013BR
4/9/2020 9:10:19 AM - Inserir Historico IMSOL202001020BR
4/9/2020 9:10:21 AM - Insert with success IMSOL202001020BR
4/9/2020 9:10:52 AM - Inserir Historico IMSOL202001063BR
4/9/2020 9:10:53 AM - Insert with success IMSOL202001063BR
4/9/2020 9:11:32 AM - Inserir Historico IMSPC202002029BR
4/9/2020 9:11:33 AM - Insert with success IMSPC202002029BR
4/9/2020 9:12:08 AM - Inserir Historico IMSOL202001075BR
4/9/2020 9:12:09 AM - Insert with success IMSOL202001075BR
4/9/2020 9:12:47 AM - Inserir Historico IMSOL202001076BR
4/9/2020 9:12:48 AM - Insert with success IMSOL202001076BR
4/9/2020 9:13:24 AM - Inserir Historico IMCSR202004108BR
4/9/2020 9:13:25 AM - Insert with success IMCSR202004108BR
4/9/2020 9:13:59 AM - Inserir Historico IMSOL202001109BR
4/9/2020 9:14:00 AM - Insert with success IMSOL202001109BR
4/9/2020 9:14:37 AM - Inserir Historico IMSOL202002017BR
4/9/2020 9:14:38 AM - Insert with success IMSOL202002017BR
4/9/2020 9:15:13 AM - Inserir Historico IMSOL202002018BR
4/9/2020 9:15:15 AM - Insert with success IMSOL202002018BR
4/9/2020 9:15:52 AM - Inserir Historico IMSOL202002020BR
4/9/2020 9:15:53 AM - Insert with success IMSOL202002020BR
4/9/2020 9:16:26 AM - Inserir Historico IMSOL202002021BR
4/9/2020 9:16:27 AM - Insert with success IMSOL202002021BR
4/9/2020 9:17:01 AM - Inserir Historico IMSOL202002059BR
4/9/2020 9:17:02 AM - Insert with success IMSOL202002059BR
4/9/2020 9:17:32 AM - Inserir Historico IMSOL202002112BR
4/9/2020 9:17:33 AM - Insert with success IMSOL202002112BR
4/9/2020 9:18:01 AM - Inserir Historico IMSOL202002135BR
4/9/2020 9:18:03 AM - Insert with success IMSOL202002135BR
4/9/2020 9:18:32 AM - Inserir Historico IMSOL202002140BR
4/9/2020 9:18:33 AM - Insert with success IMSOL202002140BR
4/9/2020 9:19:02 AM - Inserir Historico IMSOL202002144BR
4/9/2020 9:19:05 AM - Insert with success IMSOL202002144BR
4/9/2020 9:19:41 AM - Inserir Historico IMPSP202001024BR
4/9/2020 9:19:42 AM - Insert with success IMPSP202001024BR
4/9/2020 9:20:17 AM - Inserir Historico IMCSR202003669BR
4/9/2020 9:20:19 AM - Insert with success IMCSR202003669BR
4/9/2020 9:20:38 AM - Inserir Historico EAMTE202004001BR
4/9/2020 9:20:40 AM - Insert with success EAMTE202004001BR
4/9/2020 9:21:11 AM - Inserir Historico IMCSR202003667BR
4/9/2020 9:21:13 AM - Insert with success IMCSR202003667BR
4/9/2020 9:21:40 AM - Inserir Historico IMSWB202002133BR
4/9/2020 9:21:43 AM - Insert with success IMSWB202002133BR
4/9/2020 9:22:09 AM - Inserir Historico IMPSP202001023BR
4/9/2020 9:22:10 AM - Insert with success IMPSP202001023BR
4/9/2020 9:22:30 AM - Inserir Historico EMATL202004021BR
4/9/2020 9:22:32 AM - Insert with success EMATL202004021BR
4/9/2020 9:23:04 AM - Inserir Historico IMCTV202002001BR
4/9/2020 9:23:05 AM - Insert with success IMCTV202002001BR
4/9/2020 9:23:21 AM - Inserir Historico IMCSR202004109BR
4/9/2020 9:23:22 AM - Insert with success IMCSR202004109BR
4/9/2020 9:24:05 AM - Inserir Historico IMUPM202003004BR
4/9/2020 9:24:06 AM - Insert with success IMUPM202003004BR
4/9/2020 9:24:38 AM - Inserir Historico IMSPC201911016BR
4/9/2020 9:24:39 AM - Insert with success IMSPC201911016BR
4/9/2020 9:25:12 AM - Inserir Historico IMOXT202002008BR
4/9/2020 9:25:15 AM - Insert with success IMOXT202002008BR
4/9/2020 9:25:46 AM - Inserir Historico IMOXT201911009BR
4/9/2020 9:25:49 AM - Insert with success IMOXT201911009BR
4/9/2020 9:26:25 AM - Inserir Historico IMOXT201908026BR
4/9/2020 9:26:28 AM - Insert with success IMOXT201908026BR
4/9/2020 9:27:03 AM - Inserir Historico IMOXT201901028BR
4/9/2020 9:27:05 AM - Insert with success IMOXT201901028BR
4/9/2020 9:27:35 AM - Inserir Historico IMCSR202003303BR
4/9/2020 9:27:37 AM - Insert with success IMCSR202003303BR
4/9/2020 9:28:06 AM - Inserir Historico IMOXT201803003BR
4/9/2020 9:28:08 AM - Insert with success IMOXT201803003BR
4/9/2020 9:28:45 AM - Inserir Historico IMOXT201910034BR
4/9/2020 9:28:47 AM - Insert with success IMOXT201910034BR
4/9/2020 9:29:19 AM - Inserir Historico IMOXT201907008BR
4/9/2020 9:29:19 AM - Insert with success IMOXT201907008BR
4/9/2020 9:29:53 AM - Inserir Historico IMOXT201806006BR
4/9/2020 9:29:54 AM - Insert with success IMOXT201806006BR
4/9/2020 9:30:31 AM - Inserir Historico IMOXT202001055BR
4/9/2020 9:30:33 AM - Insert with success IMOXT202001055BR
4/9/2020 9:31:07 AM - Inserir Historico IMOXT201802062BR
4/9/2020 9:31:08 AM - Insert with success IMOXT201802062BR
4/9/2020 9:31:37 AM - Inserir Historico IMOXT201810018BR
4/9/2020 9:31:37 AM - Insert with success IMOXT201810018BR
4/9/2020 9:32:08 AM - Inserir Historico IMSPC201911009BR
4/9/2020 9:32:09 AM - Insert with success IMSPC201911009BR
4/9/2020 9:32:43 AM - Inserir Historico IMOXT201908025BR
4/9/2020 9:32:45 AM - Insert with success IMOXT201908025BR
4/9/2020 9:33:09 AM - Inserir Historico IOOXT202003011BR
4/9/2020 9:33:10 AM - Insert with success IOOXT202003011BR
4/9/2020 9:34:12 AM - Inserir Historico IMEXO202003041BR
4/9/2020 9:34:13 AM - Insert with success IMEXO202003041BR
4/9/2020 9:34:51 AM - Inserir Historico IMOXT201907044BR
4/9/2020 9:34:52 AM - Insert with success IMOXT201907044BR
4/9/2020 9:35:36 AM - Inserir Historico IMOXT201812013BR
4/9/2020 9:35:37 AM - Insert with success IMOXT201812013BR
4/9/2020 9:36:14 AM - Inserir Historico IMOXT201909036BR
4/9/2020 9:36:16 AM - Insert with success IMOXT201909036BR
4/9/2020 9:36:53 AM - Inserir Historico IMOXT201812001BR
4/9/2020 9:36:54 AM - Insert with success IMOXT201812001BR
4/9/2020 9:37:25 AM - Inserir Historico IMOXT201902006BR
4/9/2020 9:37:26 AM - Insert with success IMOXT201902006BR
4/9/2020 9:37:54 AM - Inserir Historico IMOXT201901003BR
4/9/2020 9:37:56 AM - Insert with success IMOXT201901003BR
4/9/2020 9:38:30 AM - Inserir Historico IMOXT201907048BR
4/9/2020 9:38:32 AM - Insert with success IMOXT201907048BR
4/9/2020 9:39:01 AM - Inserir Historico IAATN202004002BR
4/9/2020 9:39:02 AM - Insert with success IAATN202004002BR
4/9/2020 9:39:31 AM - Inserir Historico IMCSR202004110BR
4/9/2020 9:39:32 AM - Insert with success IMCSR202004110BR
4/9/2020 9:40:02 AM - Inserir Historico IMSPC201912017BR
4/9/2020 9:40:03 AM - Insert with success IMSPC201912017BR
4/9/2020 9:40:36 AM - Inserir Historico IMOXT201902036BR
4/9/2020 9:40:38 AM - Insert with success IMOXT201902036BR
4/9/2020 9:41:07 AM - Inserir Historico IMSPC201912018BR
4/9/2020 9:41:08 AM - Insert with success IMSPC201912018BR
4/9/2020 9:41:37 AM - Inserir Historico IMIFB202001079BR
4/9/2020 9:41:37 AM - Insert with success IMIFB202001079BR
4/9/2020 9:41:59 AM - Inserir Historico IMATL202004004BR
4/9/2020 9:41:59 AM - Insert with success IMATL202004004BR
4/9/2020 9:42:27 AM - Inserir Historico IMSPC201911017BR
4/9/2020 9:42:29 AM - Insert with success IMSPC201911017BR
4/9/2020 9:42:58 AM - Inserir Historico IMOXT201911024BR
4/9/2020 9:42:59 AM - Insert with success IMOXT201911024BR
4/9/2020 9:43:32 AM - Inserir Historico IMSPC201911034BR
4/9/2020 9:43:33 AM - Insert with success IMSPC201911034BR
4/9/2020 9:44:04 AM - Inserir Historico IMSPC201911039BR
4/9/2020 9:44:05 AM - Insert with success IMSPC201911039BR
4/9/2020 9:44:22 AM - Inserir Historico IMCSR202004111BR
4/9/2020 9:44:23 AM - Insert with success IMCSR202004111BR
4/9/2020 9:44:52 AM - Inserir Historico IMSPC201911040BR
4/9/2020 9:44:53 AM - Insert with success IMSPC201911040BR
4/9/2020 9:45:27 AM - Inserir Historico IMSOL202001037BR
4/9/2020 9:45:28 AM - Insert with success IMSOL202001037BR
4/9/2020 9:45:59 AM - Inserir Historico IMCSR202001299BR
4/9/2020 9:46:00 AM - Insert with success IMCSR202001299BR
4/9/2020 9:46:21 AM - Inserir Historico IMVTP202003001BR
4/9/2020 9:46:22 AM - Insert with success IMVTP202003001BR
4/9/2020 9:46:52 AM - Inserir Historico IMPSP202001004BR
4/9/2020 9:46:53 AM - Insert with success IMPSP202001004BR
4/9/2020 9:47:24 AM - Inserir Historico IMSOL202001032BR
4/9/2020 9:47:25 AM - Insert with success IMSOL202001032BR
4/9/2020 9:47:54 AM - Inserir Historico IMIFB202002043BR
4/9/2020 9:47:55 AM - Insert with success IMIFB202002043BR
4/9/2020 9:48:28 AM - Inserir Historico IMSWB202002082BR
4/9/2020 9:48:30 AM - Insert with success IMSWB202002082BR
4/9/2020 9:49:08 AM - Inserir Historico IMSWB202002090BR
4/9/2020 9:49:09 AM - Insert with success IMSWB202002090BR
4/9/2020 9:49:49 AM - Inserir Historico IMIFB202001080BR
4/9/2020 9:49:50 AM - Insert with success IMIFB202001080BR
4/9/2020 9:50:15 AM - Inserir Historico IMSUN202003008BR
4/9/2020 9:50:17 AM - Insert with success IMSUN202003008BR
4/9/2020 9:50:47 AM - Inserir Historico IMATL202002100BR
4/9/2020 9:50:48 AM - Insert with success IMATL202002100BR
4/9/2020 9:51:22 AM - Inserir Historico IMSWB202002012BR
4/9/2020 9:51:23 AM - Insert with success IMSWB202002012BR
4/9/2020 9:51:51 AM - Inserir Historico IACTV202002007BR
4/9/2020 9:51:52 AM - Insert with success IACTV202002007BR
4/9/2020 9:52:23 AM - Inserir Historico IACSR202003020BR
4/9/2020 9:52:24 AM - Insert with success IACSR202003020BR
4/9/2020 9:52:52 AM - Inserir Historico IMCTV202002074BR
4/9/2020 9:52:54 AM - Insert with success IMCTV202002074BR
4/9/2020 9:53:21 AM - Inserir Historico IMIFB202002001BR
4/9/2020 9:53:22 AM - Insert with success IMIFB202002001BR
4/9/2020 9:53:44 AM - Inserir Historico EMCSR202003020BR
4/9/2020 9:53:45 AM - Insert with success EMCSR202003020BR
4/9/2020 9:54:12 AM - Inserir Historico EMCSR202003085BR
4/9/2020 9:54:13 AM - Insert with success EMCSR202003085BR
4/9/2020 9:54:51 AM - Inserir Historico IMCSR202003612BR
4/9/2020 9:54:52 AM - Insert with success IMCSR202003612BR
4/9/2020 9:55:22 AM - Inserir Historico IMSWB202003093BR
4/9/2020 9:55:23 AM - Insert with success IMSWB202003093BR
4/9/2020 9:55:42 AM - Inserir Historico IMSUN202003009BR
4/9/2020 9:55:43 AM - Insert with success IMSUN202003009BR
4/9/2020 9:56:13 AM - Inserir Historico IMSPC202004013BR
4/9/2020 9:56:15 AM - Insert with success IMSPC202004013BR
4/9/2020 9:56:47 AM - Inserir Historico IMIFB202001066BR
4/9/2020 9:56:48 AM - Insert with success IMIFB202001066BR
4/9/2020 9:57:20 AM - Inserir Historico IMIFB202001070BR
4/9/2020 9:57:22 AM - Insert with success IMIFB202001070BR
4/9/2020 9:57:54 AM - Inserir Historico IMIFB202001071BR
4/9/2020 9:57:56 AM - Insert with success IMIFB202001071BR
4/9/2020 9:58:28 AM - Inserir Historico IMIFB202001076BR
4/9/2020 9:58:28 AM - Insert with success IMIFB202001076BR
4/9/2020 9:59:01 AM - Inserir Historico IMIFB202002009BR
4/9/2020 9:59:02 AM - Insert with success IMIFB202002009BR
4/9/2020 9:59:42 AM - Inserir Historico IMMAU202003016BR
4/9/2020 9:59:44 AM - Insert with success IMMAU202003016BR
4/9/2020 10:00:16 AM - Inserir Historico IMSUR202004002BR
4/9/2020 10:00:18 AM - Insert with success IMSUR202004002BR
4/9/2020 10:00:50 AM - Inserir Historico IMSWB202002029BR
4/9/2020 10:00:52 AM - Insert with success IMSWB202002029BR
4/9/2020 10:01:22 AM - Inserir Historico IMSPC202003063BR
4/9/2020 10:01:23 AM - Insert with success IMSPC202003063BR
4/9/2020 10:01:51 AM - Inserir Historico IMSWB201910013BR
4/9/2020 10:01:52 AM - Insert with success IMSWB201910013BR
4/9/2020 10:02:21 AM - Inserir Historico IMSWB201912041BR
4/9/2020 10:02:22 AM - Insert with success IMSWB201912041BR
4/9/2020 10:03:05 AM - Inserir Historico IMCTV202001072BR
4/9/2020 10:03:06 AM - Insert with success IMCTV202001072BR
4/9/2020 10:03:37 AM - Inserir Historico IMSWB201912105BR
4/9/2020 10:03:39 AM - Insert with success IMSWB201912105BR
4/9/2020 10:04:05 AM - Inserir Historico IMSOL202003002BR
4/9/2020 10:04:06 AM - Insert with success IMSOL202003002BR
4/9/2020 10:04:43 AM - Inserir Historico IMSWB202001018BR
4/9/2020 10:04:44 AM - Insert with success IMSWB202001018BR
4/9/2020 10:05:20 AM - Inserir Historico IMSWB202001040BR
4/9/2020 10:05:21 AM - Insert with success IMSWB202001040BR
4/9/2020 10:05:52 AM - Inserir Historico IMSWB202001044BR
4/9/2020 10:05:53 AM - Insert with success IMSWB202001044BR
4/9/2020 10:06:26 AM - Inserir Historico IMSWB202001077BR
4/9/2020 10:06:27 AM - Insert with success IMSWB202001077BR
4/9/2020 10:06:56 AM - Inserir Historico IMSWB202001098BR
4/9/2020 10:06:57 AM - Insert with success IMSWB202001098BR
4/9/2020 10:07:25 AM - Inserir Historico IMCSR202003511BR
4/9/2020 10:07:27 AM - Insert with success IMCSR202003511BR
4/9/2020 10:07:56 AM - Inserir Historico IMSWB202002003BR
4/9/2020 10:07:58 AM - Insert with success IMSWB202002003BR
4/9/2020 10:08:26 AM - Inserir Historico IMSWB202002006BR
4/9/2020 10:08:27 AM - Insert with success IMSWB202002006BR
4/9/2020 10:08:54 AM - Inserir Historico IMSWB202002032BR
4/9/2020 10:08:56 AM - Insert with success IMSWB202002032BR
4/9/2020 10:09:25 AM - Inserir Historico IMSWB202002057BR
4/9/2020 10:09:26 AM - Insert with success IMSWB202002057BR
4/9/2020 10:09:57 AM - Inserir Historico IMSWB202002081BR
4/9/2020 10:09:59 AM - Insert with success IMSWB202002081BR
4/9/2020 10:10:36 AM - Inserir Historico EMSAM202003016BR
4/9/2020 10:10:37 AM - Insert with success EMSAM202003016BR
4/9/2020 10:11:44 AM - Inserir Historico IMSWB202003053BR
4/9/2020 10:11:46 AM - Insert with success IMSWB202003053BR
4/9/2020 10:12:16 AM - Inserir Historico IMCSR202004100BR
4/9/2020 10:12:17 AM - Insert with success IMCSR202004100BR
4/9/2020 10:13:23 AM - Inserir Historico IMUPL201701051BR
4/9/2020 10:13:24 AM - Insert with success IMUPL201701051BR
4/9/2020 10:13:50 AM - Inserir Historico EMSAM202003017BR
4/9/2020 10:13:51 AM - Insert with success EMSAM202003017BR
4/9/2020 10:14:20 AM - Inserir Historico IMCSR202004101BR
4/9/2020 10:14:21 AM - Insert with success IMCSR202004101BR
4/9/2020 10:14:49 AM - Inserir Historico IMCSR202003427BR
4/9/2020 10:14:50 AM - Insert with success IMCSR202003427BR
4/9/2020 10:15:24 AM - Inserir Historico IMSOL202003001BR
4/9/2020 10:15:25 AM - Insert with success IMSOL202003001BR
4/9/2020 10:15:52 AM - Inserir Historico IAOCV202003003BR
4/9/2020 10:15:53 AM - Insert with success IAOCV202003003BR
4/9/2020 10:16:18 AM - Inserir Historico EMSAM202003018BR
4/9/2020 10:16:18 AM - Insert with success EMSAM202003018BR
4/9/2020 10:16:43 AM - Inserir Historico EMSAM202003019BR
4/9/2020 10:16:44 AM - Insert with success EMSAM202003019BR
4/9/2020 10:17:12 AM - Inserir Historico IMEXO202003011BR
4/9/2020 10:17:13 AM - Insert with success IMEXO202003011BR
4/9/2020 10:18:15 AM - Inserir Historico EMSAM202003020BR
4/9/2020 10:18:16 AM - Insert with success EMSAM202003020BR
4/9/2020 10:18:57 AM - Inserir Historico IMEXO202003042BR
4/9/2020 10:18:58 AM - Insert with success IMEXO202003042BR
4/9/2020 10:19:30 AM - Inserir Historico IMSOL202002062BR
4/9/2020 10:19:31 AM - Insert with success IMSOL202002062BR
4/9/2020 10:20:02 AM - Inserir Historico EMSAM202003021BR
4/9/2020 10:20:03 AM - Insert with success EMSAM202003021BR
4/9/2020 10:20:39 AM - Inserir Historico IMSWB201912026BR
4/9/2020 10:20:40 AM - Insert with success IMSWB201912026BR
4/9/2020 10:21:13 AM - Inserir Historico IMSWB202001068BR
4/9/2020 10:21:14 AM - Insert with success IMSWB202001068BR
4/9/2020 10:21:43 AM - Inserir Historico IMSWB202004017BR
4/9/2020 10:21:44 AM - Insert with success IMSWB202004017BR
4/9/2020 10:22:14 AM - Inserir Historico IACSR202003012BR
4/9/2020 10:22:15 AM - Insert with success IACSR202003012BR
4/9/2020 10:22:53 AM - Inserir Historico IMSWB202002034BR
4/9/2020 10:22:54 AM - Insert with success IMSWB202002034BR
4/9/2020 10:23:23 AM - Inserir Historico EMCTV202004001BR
4/9/2020 10:23:24 AM - Insert with success EMCTV202004001BR
4/9/2020 10:23:52 AM - Inserir Historico IMOXT201910038BR
4/9/2020 10:23:53 AM - Insert with success IMOXT201910038BR
4/9/2020 10:24:18 AM - Inserir Historico IABCB202003001BR
4/9/2020 10:24:19 AM - Insert with success IABCB202003001BR
4/9/2020 10:24:51 AM - Inserir Historico IMCSR202004112BR
4/9/2020 10:24:52 AM - Insert with success IMCSR202004112BR
4/9/2020 10:25:23 AM - Inserir Historico IAOCV202003007BR
4/9/2020 10:25:24 AM - Insert with success IAOCV202003007BR
4/9/2020 10:25:56 AM - Inserir Historico IMIFB202003017BR
4/9/2020 10:25:57 AM - Insert with success IMIFB202003017BR
4/9/2020 10:26:25 AM - Inserir Historico IMCTV202002042BR
4/9/2020 10:26:26 AM - Insert with success IMCTV202002042BR
4/9/2020 10:26:55 AM - Inserir Historico IMCSR202003395BR
4/9/2020 10:26:55 AM - Insert with success IMCSR202003395BR
4/9/2020 10:27:26 AM - Inserir Historico IMCBT202003037BR
4/9/2020 10:27:26 AM - Insert with success IMCBT202003037BR
4/9/2020 10:28:00 AM - Inserir Historico IMCSR202003456BR
4/9/2020 10:28:00 AM - Insert with success IMCSR202003456BR
4/9/2020 10:28:35 AM - Inserir Historico IMCSR201912099BR
4/9/2020 10:28:36 AM - Insert with success IMCSR201912099BR
4/9/2020 10:29:08 AM - Inserir Historico EMOXT202003147BR
4/9/2020 10:29:09 AM - Insert with success EMOXT202003147BR
4/9/2020 10:29:41 AM - Inserir Historico IMCSR202002291BR
4/9/2020 10:29:42 AM - Insert with success IMCSR202002291BR
4/9/2020 10:30:23 AM - Inserir Historico IMCSR202002293BR
4/9/2020 10:30:26 AM - Insert with success IMCSR202002293BR
4/9/2020 10:31:06 AM - Inserir Historico IMCSR202003183BR
4/9/2020 10:31:07 AM - Insert with success IMCSR202003183BR
4/9/2020 10:31:43 AM - Inserir Historico IMCSR202003196BR
4/9/2020 10:31:45 AM - Insert with success IMCSR202003196BR
4/9/2020 10:32:24 AM - Inserir Historico IMCSR202003198BR
4/9/2020 10:32:26 AM - Insert with success IMCSR202003198BR
4/9/2020 10:33:01 AM - Inserir Historico IMCSR202003199BR
4/9/2020 10:33:03 AM - Insert with success IMCSR202003199BR
4/9/2020 10:33:36 AM - Inserir Historico IMCSR202003400BR
4/9/2020 10:33:38 AM - Insert with success IMCSR202003400BR
4/9/2020 10:34:11 AM - Inserir Historico IMCSR202002339BR
4/9/2020 10:34:12 AM - Insert with success IMCSR202002339BR
4/9/2020 10:35:01 AM - Inserir Historico IMEAS202003007BR
4/9/2020 10:35:02 AM - Insert with success IMEAS202003007BR
4/9/2020 10:35:37 AM - Inserir Historico IMEAS202003009BR
4/9/2020 10:35:39 AM - Insert with success IMEAS202003009BR
4/9/2020 10:36:23 AM - Inserir Historico IMIFB202001030BR
4/9/2020 10:36:25 AM - Insert with success IMIFB202001030BR
4/9/2020 10:37:01 AM - Inserir Historico IMIFB202002050BR
4/9/2020 10:37:02 AM - Insert with success IMIFB202002050BR
4/9/2020 10:37:37 AM - Inserir Historico IMMAU202003005BR
4/9/2020 10:37:39 AM - Insert with success IMMAU202003005BR
4/9/2020 10:38:15 AM - Inserir Historico IMMAU202003012BR
4/9/2020 10:38:16 AM - Insert with success IMMAU202003012BR
4/9/2020 10:38:53 AM - Inserir Historico IMSOL202003076BR
4/9/2020 10:38:55 AM - Insert with success IMSOL202003076BR
4/9/2020 10:39:30 AM - Inserir Historico IMSWB201912107BR
4/9/2020 10:39:31 AM - Insert with success IMSWB201912107BR
4/9/2020 10:40:00 AM - Inserir Historico EMCTV202004002BR
4/9/2020 10:40:02 AM - Insert with success EMCTV202004002BR
4/9/2020 10:40:39 AM - Inserir Historico IMEXO202001038BR
4/9/2020 10:40:40 AM - Insert with success IMEXO202001038BR
4/9/2020 10:41:01 AM - Inserir Historico EORHO202004014BR
4/9/2020 10:41:02 AM - Insert with success EORHO202004014BR
4/9/2020 10:41:33 AM - Inserir Historico IMSWB202001081BR
4/9/2020 10:41:34 AM - Insert with success IMSWB202001081BR
4/9/2020 10:42:05 AM - Inserir Historico IMSWB202004018BR
4/9/2020 10:42:06 AM - Insert with success IMSWB202004018BR
4/9/2020 10:42:29 AM - Inserir Historico IABSF202003022BR
4/9/2020 10:42:30 AM - Insert with success IABSF202003022BR
4/9/2020 10:43:03 AM - Inserir Historico EMSOL202004003BR
4/9/2020 10:43:04 AM - Insert with success EMSOL202004003BR
4/9/2020 10:43:38 AM - Inserir Historico EMOXT202004068BR
4/9/2020 10:43:39 AM - Insert with success EMOXT202004068BR
4/9/2020 10:44:27 AM - Inserir Historico IMSPC201912022BR
4/9/2020 10:44:29 AM - Insert with success IMSPC201912022BR
4/9/2020 10:44:59 AM - Inserir Historico IMSWB202004019BR
4/9/2020 10:44:59 AM - Insert with success IMSWB202004019BR
4/9/2020 10:45:30 AM - Inserir Historico IMOXT202002025BR
4/9/2020 10:45:32 AM - Insert with success IMOXT202002025BR
4/9/2020 10:45:59 AM - Inserir Historico EMOXT202004040BR
4/9/2020 10:46:01 AM - Insert with success EMOXT202004040BR
4/9/2020 10:46:29 AM - Inserir Historico IMCSR202003516BR
4/9/2020 10:46:30 AM - Insert with success IMCSR202003516BR
4/9/2020 10:46:56 AM - Inserir Historico IMOXT202001027BR
4/9/2020 10:46:57 AM - Insert with success IMOXT202001027BR
4/9/2020 10:47:26 AM - Inserir Historico IMCTV202001005BR
4/9/2020 10:47:27 AM - Insert with success IMCTV202001005BR
4/9/2020 10:47:58 AM - Inserir Historico IMCTV202001003BR
4/9/2020 10:47:59 AM - Insert with success IMCTV202001003BR
4/9/2020 10:48:29 AM - Inserir Historico IMCTV202001007BR
4/9/2020 10:48:29 AM - Insert with success IMCTV202001007BR
4/9/2020 10:48:59 AM - Inserir Historico IMSPC202002013BR
4/9/2020 10:48:59 AM - Insert with success IMSPC202002013BR
4/9/2020 10:49:32 AM - Inserir Historico IMCTV202002046BR
4/9/2020 10:49:34 AM - Insert with success IMCTV202002046BR
4/9/2020 10:50:06 AM - Inserir Historico IMSPC202002014BR
4/9/2020 10:50:08 AM - Insert with success IMSPC202002014BR
4/9/2020 10:50:32 AM - Inserir Historico EMATL202004022BR
4/9/2020 10:50:32 AM - Insert with success EMATL202004022BR
4/9/2020 10:51:08 AM - Inserir Historico EMOXT202004039BR
4/9/2020 10:51:10 AM - Insert with success EMOXT202004039BR
4/9/2020 10:51:38 AM - Inserir Historico IACSR202003013BR
4/9/2020 10:51:39 AM - Insert with success IACSR202003013BR
4/9/2020 10:52:07 AM - Inserir Historico IAMAU202003001BR
4/9/2020 10:52:08 AM - Insert with success IAMAU202003001BR
4/9/2020 10:52:34 AM - Inserir Historico EMCSR202004022BR
4/9/2020 10:52:35 AM - Insert with success EMCSR202004022BR
4/9/2020 10:53:02 AM - Inserir Historico IASOL202003005BR
4/9/2020 10:53:03 AM - Insert with success IASOL202003005BR
4/9/2020 10:53:29 AM - Inserir Historico IASWB202003017BR
4/9/2020 10:53:31 AM - Insert with success IASWB202003017BR
4/9/2020 10:54:03 AM - Inserir Historico EMARC202003030BR
4/9/2020 10:54:04 AM - Insert with success EMARC202003030BR
4/9/2020 10:54:33 AM - Inserir Historico IMATN202003003BR
4/9/2020 10:54:34 AM - Insert with success IMATN202003003BR
4/9/2020 10:55:11 AM - Inserir Historico IMATN202003004BR
4/9/2020 10:55:13 AM - Insert with success IMATN202003004BR
4/9/2020 10:55:41 AM - Inserir Historico IMBCB202002002BR
4/9/2020 10:55:42 AM - Insert with success IMBCB202002002BR
4/9/2020 10:56:11 AM - Inserir Historico IMCBT202003028BR
4/9/2020 10:56:12 AM - Insert with success IMCBT202003028BR
4/9/2020 10:56:42 AM - Inserir Historico IMCTV202001002BR
4/9/2020 10:56:43 AM - Insert with success IMCTV202001002BR
4/9/2020 10:57:09 AM - Inserir Historico IMEXO202001035BR
4/9/2020 10:57:10 AM - Insert with success IMEXO202001035BR
4/9/2020 10:57:37 AM - Inserir Historico IMSWB202004020BR
4/9/2020 10:57:38 AM - Insert with success IMSWB202004020BR
4/9/2020 10:58:07 AM - Inserir Historico IMSOL202002109BR
4/9/2020 10:58:08 AM - Insert with success IMSOL202002109BR
4/9/2020 10:58:37 AM - Inserir Historico IMBCB202003005BR
4/9/2020 10:58:38 AM - Insert with success IMBCB202003005BR
4/9/2020 10:59:08 AM - Inserir Historico IMSOL202002044BR
4/9/2020 10:59:09 AM - Insert with success IMSOL202002044BR
4/9/2020 10:59:37 AM - Inserir Historico IMCTV202004028BR
4/9/2020 10:59:38 AM - Insert with success IMCTV202004028BR
4/9/2020 11:00:13 AM - Inserir Historico IMCSR202003406BR
4/9/2020 11:00:14 AM - Insert with success IMCSR202003406BR
4/9/2020 11:00:50 AM - Inserir Historico IMCSR202003391BR
4/9/2020 11:00:51 AM - Insert with success IMCSR202003391BR
4/9/2020 11:01:25 AM - Inserir Historico IMSOL202001015BR
4/9/2020 11:01:27 AM - Insert with success IMSOL202001015BR
4/9/2020 11:01:59 AM - Inserir Historico IMSOL202002030BR
4/9/2020 11:02:00 AM - Insert with success IMSOL202002030BR
4/9/2020 11:02:33 AM - Inserir Historico IMSOL202002031BR
4/9/2020 11:02:35 AM - Insert with success IMSOL202002031BR
4/9/2020 11:03:08 AM - Inserir Historico IMSOL202002033BR
4/9/2020 11:03:09 AM - Insert with success IMSOL202002033BR
4/9/2020 11:03:40 AM - Inserir Historico IMCBT201912008BR
4/9/2020 11:03:41 AM - Insert with success IMCBT201912008BR
4/9/2020 11:04:13 AM - Inserir Historico IMCTV202004029BR
4/9/2020 11:04:14 AM - Insert with success IMCTV202004029BR
4/9/2020 11:04:51 AM - Inserir Historico IMCSR202001312BR
4/9/2020 11:04:52 AM - Insert with success IMCSR202001312BR
4/9/2020 11:05:27 AM - Inserir Historico IMMAU202003003BR
4/9/2020 11:05:28 AM - Insert with success IMMAU202003003BR
4/9/2020 11:06:06 AM - Inserir Historico IMSOL202002092BR
4/9/2020 11:06:07 AM - Insert with success IMSOL202002092BR
4/9/2020 11:06:36 AM - Inserir Historico IMCTV202004030BR
4/9/2020 11:06:36 AM - Insert with success IMCTV202004030BR
4/9/2020 11:07:14 AM - Inserir Historico EMSAM202003012BR
4/9/2020 11:07:16 AM - Insert with success EMSAM202003012BR
4/9/2020 11:07:46 AM - Inserir Historico IMCSR202004113BR
4/9/2020 11:07:47 AM - Insert with success IMCSR202004113BR
4/9/2020 11:08:17 AM - Inserir Historico IMSOL202001034BR
4/9/2020 11:08:18 AM - Insert with success IMSOL202001034BR
4/9/2020 11:08:59 AM - Inserir Historico EMSAM202003013BR
4/9/2020 11:09:01 AM - Insert with success EMSAM202003013BR
4/9/2020 11:09:40 AM - Inserir Historico EMSAM202003014BR
4/9/2020 11:09:41 AM - Insert with success EMSAM202003014BR
4/9/2020 11:10:15 AM - Inserir Historico IMCSR202004114BR
4/9/2020 11:10:17 AM - Insert with success IMCSR202004114BR
4/9/2020 11:10:57 AM - Inserir Historico EMSAM202003015BR
4/9/2020 11:10:58 AM - Insert with success EMSAM202003015BR
4/9/2020 11:11:33 AM - Inserir Historico IMCSR202004115BR
4/9/2020 11:11:34 AM - Insert with success IMCSR202004115BR
4/9/2020 11:12:08 AM - Inserir Historico EOCTV202004001BR
4/9/2020 11:12:09 AM - Insert with success EOCTV202004001BR
4/9/2020 11:12:37 AM - Inserir Historico IMSOL202003013BR
4/9/2020 11:12:39 AM - Insert with success IMSOL202003013BR
4/9/2020 11:13:14 AM - Inserir Historico IMCSR202001046BR
4/9/2020 11:13:15 AM - Insert with success IMCSR202001046BR
4/9/2020 11:13:46 AM - Inserir Historico IMCSR202004116BR
4/9/2020 11:13:48 AM - Insert with success IMCSR202004116BR
4/9/2020 11:14:20 AM - Inserir Historico IMCSR202002228BR
4/9/2020 11:14:21 AM - Insert with success IMCSR202002228BR
4/9/2020 11:15:00 AM - Inserir Historico IMCSR202003069BR
4/9/2020 11:15:02 AM - Insert with success IMCSR202003069BR
4/9/2020 11:15:29 AM - Inserir Historico EOCTV202004002BR
4/9/2020 11:15:31 AM - Insert with success EOCTV202004002BR
4/9/2020 11:16:06 AM - Inserir Historico IMCSR202003201BR
4/9/2020 11:16:07 AM - Insert with success IMCSR202003201BR
4/9/2020 11:16:39 AM - Inserir Historico IMCSR202003237BR
4/9/2020 11:16:40 AM - Insert with success IMCSR202003237BR
4/9/2020 11:17:08 AM - Inserir Historico IMEXO202001040BR
4/9/2020 11:17:09 AM - Insert with success IMEXO202001040BR
4/9/2020 11:17:41 AM - Inserir Historico IMCSR202003252BR
4/9/2020 11:17:42 AM - Insert with success IMCSR202003252BR
4/9/2020 11:18:12 AM - Inserir Historico IMCSR202003264BR
4/9/2020 11:18:13 AM - Insert with success IMCSR202003264BR
4/9/2020 11:18:46 AM - Inserir Historico IMCSR202003276BR
4/9/2020 11:18:47 AM - Insert with success IMCSR202003276BR
4/9/2020 11:19:22 AM - Inserir Historico IMCSR202003376BR
4/9/2020 11:19:23 AM - Insert with success IMCSR202003376BR
4/9/2020 11:20:02 AM - Inserir Historico IMCSR202003377BR
4/9/2020 11:20:03 AM - Insert with success IMCSR202003377BR
4/9/2020 11:20:37 AM - Inserir Historico EOCTV202004003BR
4/9/2020 11:20:38 AM - Insert with success EOCTV202004003BR
4/9/2020 11:21:14 AM - Inserir Historico IMCSR202003390BR
4/9/2020 11:21:15 AM - Insert with success IMCSR202003390BR
4/9/2020 11:21:47 AM - Inserir Historico IMCSR202003392BR
4/9/2020 11:21:48 AM - Insert with success IMCSR202003392BR
4/9/2020 11:22:24 AM - Inserir Historico IMCSR202003393BR
4/9/2020 11:22:25 AM - Insert with success IMCSR202003393BR
4/9/2020 11:22:58 AM - Inserir Historico IMCSR202003394BR
4/9/2020 11:22:59 AM - Insert with success IMCSR202003394BR
4/9/2020 11:23:35 AM - Inserir Historico IMCSR202003428BR
4/9/2020 11:23:36 AM - Insert with success IMCSR202003428BR
4/9/2020 11:24:13 AM - Inserir Historico IMCSR202003429BR
4/9/2020 11:24:13 AM - Insert with success IMCSR202003429BR
4/9/2020 11:24:47 AM - Inserir Historico IMCSR202003431BR
4/9/2020 11:24:48 AM - Insert with success IMCSR202003431BR
4/9/2020 11:25:24 AM - Inserir Historico IMCSR202003432BR
4/9/2020 11:25:25 AM - Insert with success IMCSR202003432BR
4/9/2020 11:26:02 AM - Inserir Historico IMCTV202001006BR
4/9/2020 11:26:03 AM - Insert with success IMCTV202001006BR
4/9/2020 11:26:51 AM - Inserir Historico IMEAS202003013BR
4/9/2020 11:26:52 AM - Insert with success IMEAS202003013BR
4/9/2020 11:27:26 AM - Inserir Historico IMEAS202003014BR
4/9/2020 11:27:27 AM - Insert with success IMEAS202003014BR
4/9/2020 11:27:57 AM - Inserir Historico IMIFB201909005BR
4/9/2020 11:27:58 AM - Insert with success IMIFB201909005BR
4/9/2020 11:28:35 AM - Inserir Historico IMIFB202001013BR
4/9/2020 11:28:35 AM - Insert with success IMIFB202001013BR
4/9/2020 11:29:14 AM - Inserir Historico IMIFB202001018BR
4/9/2020 11:29:16 AM - Insert with success IMIFB202001018BR
4/9/2020 11:29:47 AM - Inserir Historico IMIFB202001028BR
4/9/2020 11:29:48 AM - Insert with success IMIFB202001028BR
4/9/2020 11:30:28 AM - Inserir Historico IMIFB202001029BR
4/9/2020 11:30:29 AM - Insert with success IMIFB202001029BR
4/9/2020 11:31:01 AM - Inserir Historico IMIFB202001031BR
4/9/2020 11:31:02 AM - Insert with success IMIFB202001031BR
4/9/2020 11:31:35 AM - Inserir Historico IMIFB202001032BR
4/9/2020 11:31:36 AM - Insert with success IMIFB202001032BR
4/9/2020 11:32:10 AM - Inserir Historico IMIFB202001035BR
4/9/2020 11:32:11 AM - Insert with success IMIFB202001035BR
4/9/2020 11:32:48 AM - Inserir Historico IMIFB202001036BR
4/9/2020 11:32:49 AM - Insert with success IMIFB202001036BR
4/9/2020 11:33:37 AM - Inserir Historico IMIFB202001045BR
4/9/2020 11:33:38 AM - Insert with success IMIFB202001045BR
4/9/2020 11:34:15 AM - Inserir Historico IMIFB202001047BR
4/9/2020 11:34:16 AM - Insert with success IMIFB202001047BR
4/9/2020 11:34:47 AM - Inserir Historico IMIFB202001049BR
4/9/2020 11:34:48 AM - Insert with success IMIFB202001049BR
4/9/2020 11:35:19 AM - Inserir Historico IMIFB202001050BR
4/9/2020 11:35:22 AM - Insert with success IMIFB202001050BR
4/9/2020 11:36:03 AM - Inserir Historico IMIFB202001051BR
4/9/2020 11:36:04 AM - Insert with success IMIFB202001051BR
4/9/2020 11:36:35 AM - Inserir Historico IMIFB202001058BR
4/9/2020 11:36:37 AM - Insert with success IMIFB202001058BR
4/9/2020 11:37:15 AM - Inserir Historico IMOXT202004027BR
4/9/2020 11:37:16 AM - Insert with success IMOXT202004027BR
4/9/2020 11:37:47 AM - Inserir Historico IMIFB202002049BR
4/9/2020 11:37:49 AM - Insert with success IMIFB202002049BR
4/9/2020 11:38:18 AM - Inserir Historico EMOXT202002097BR
4/9/2020 11:38:19 AM - Insert with success EMOXT202002097BR
4/9/2020 11:38:49 AM - Inserir Historico EMOXT202002103BR
4/9/2020 11:38:50 AM - Insert with success EMOXT202002103BR
4/9/2020 11:39:25 AM - Inserir Historico EMOXT202002171BR
4/9/2020 11:39:26 AM - Insert with success EMOXT202002171BR
4/9/2020 11:39:53 AM - Inserir Historico EMOXT202002172BR
4/9/2020 11:39:54 AM - Insert with success EMOXT202002172BR
4/9/2020 11:40:23 AM - Inserir Historico EMOXT202002174BR
4/9/2020 11:40:24 AM - Insert with success EMOXT202002174BR
4/9/2020 11:40:52 AM - Inserir Historico EMOXT202002175BR
4/9/2020 11:40:53 AM - Insert with success EMOXT202002175BR
4/9/2020 11:41:21 AM - Inserir Historico EMOXT202002176BR
4/9/2020 11:41:22 AM - Insert with success EMOXT202002176BR
4/9/2020 11:41:50 AM - Inserir Historico EMOXT202002190BR
4/9/2020 11:41:51 AM - Insert with success EMOXT202002190BR
4/9/2020 11:42:19 AM - Inserir Historico EMOXT202002220BR
4/9/2020 11:42:19 AM - Insert with success EMOXT202002220BR
4/9/2020 11:42:46 AM - Inserir Historico EMOXT202002221BR
4/9/2020 11:42:47 AM - Insert with success EMOXT202002221BR
4/9/2020 11:43:15 AM - Inserir Historico EMOXT202003032BR
4/9/2020 11:43:17 AM - Insert with success EMOXT202003032BR
4/9/2020 11:43:45 AM - Inserir Historico EMOXT202003072BR
4/9/2020 11:43:46 AM - Insert with success EMOXT202003072BR
4/9/2020 11:44:14 AM - Inserir Historico EMOXT202003089BR
4/9/2020 11:44:15 AM - Insert with success EMOXT202003089BR
4/9/2020 11:44:43 AM - Inserir Historico IMMAU202003007BR
4/9/2020 11:44:44 AM - Insert with success IMMAU202003007BR
4/9/2020 11:45:15 AM - Inserir Historico IMOCV202001012BR
4/9/2020 11:45:17 AM - Insert with success IMOCV202001012BR
4/9/2020 11:45:51 AM - Inserir Historico IMOCV202001015BR
4/9/2020 11:45:53 AM - Insert with success IMOCV202001015BR
4/9/2020 11:46:27 AM - Inserir Historico IMSLA202003011BR
4/9/2020 11:46:28 AM - Insert with success IMSLA202003011BR
4/9/2020 11:47:00 AM - Inserir Historico IMSLA202003012BR
4/9/2020 11:47:01 AM - Insert with success IMSLA202003012BR
4/9/2020 11:47:34 AM - Inserir Historico IMSLA202003016BR
4/9/2020 11:47:35 AM - Insert with success IMSLA202003016BR
4/9/2020 11:48:10 AM - Inserir Historico IMCSR202004117BR
4/9/2020 11:48:11 AM - Insert with success IMCSR202004117BR
4/9/2020 11:48:43 AM - Inserir Historico IMATL202003119BR
4/9/2020 11:48:44 AM - Insert with success IMATL202003119BR
4/9/2020 11:49:22 AM - Inserir Historico EMCBT202003001BR
4/9/2020 11:49:23 AM - Insert with success EMCBT202003001BR
4/9/2020 11:49:43 AM - Inserir Historico IMATL202003131BR
4/9/2020 11:49:43 AM - Insert with success IMATL202003131BR
4/9/2020 11:50:18 AM - Inserir Historico IMSWB202002007BR
4/9/2020 11:50:19 AM - Insert with success IMSWB202002007BR
4/9/2020 11:50:52 AM - Inserir Historico IMTAM202003006BR
4/9/2020 11:50:53 AM - Insert with success IMTAM202003006BR
4/9/2020 11:51:40 AM - Inserir Historico IMUPM202003002BR
4/9/2020 11:51:41 AM - Insert with success IMUPM202003002BR
4/9/2020 11:52:03 AM - Inserir Historico EMATL202004006BR
4/9/2020 11:52:03 AM - Insert with success EMATL202004006BR
4/9/2020 11:52:35 AM - Inserir Historico IACSR202003019BR
4/9/2020 11:52:36 AM - Insert with success IACSR202003019BR
4/9/2020 11:53:06 AM - Inserir Historico IACSR202003022BR
4/9/2020 11:53:07 AM - Insert with success IACSR202003022BR
4/9/2020 11:53:32 AM - Inserir Historico IMATL202003133BR
4/9/2020 11:53:33 AM - Insert with success IMATL202003133BR
4/9/2020 11:54:08 AM - Inserir Historico IOOXT201803004BR
4/9/2020 11:54:09 AM - Insert with success IOOXT201803004BR
4/9/2020 11:54:46 AM - Inserir Historico IMOXT201907029BR
4/9/2020 11:54:47 AM - Insert with success IMOXT201907029BR
4/9/2020 11:55:17 AM - Inserir Historico IOOXT201912002BR
4/9/2020 11:55:18 AM - Insert with success IOOXT201912002BR
4/9/2020 11:55:45 AM - Inserir Historico IOOXT201805003BR
4/9/2020 11:55:47 AM - Insert with success IOOXT201805003BR
4/9/2020 11:56:19 AM - Inserir Historico IMOXT201805012BR
4/9/2020 11:56:20 AM - Insert with success IMOXT201805012BR
4/9/2020 11:56:58 AM - Inserir Historico IMOXT201811025BR
4/9/2020 11:56:58 AM - Insert with success IMOXT201811025BR
4/9/2020 11:57:27 AM - Inserir Historico IOOXT201802011BR
4/9/2020 11:57:28 AM - Insert with success IOOXT201802011BR
4/9/2020 11:57:59 AM - Inserir Historico IOOXT201912004BR
4/9/2020 11:58:00 AM - Insert with success IOOXT201912004BR
4/9/2020 11:58:30 AM - Inserir Historico IMOXT201811027BR
4/9/2020 11:58:31 AM - Insert with success IMOXT201811027BR
4/9/2020 11:59:11 AM - Inserir Historico IMOXT201806028BR
4/9/2020 11:59:12 AM - Insert with success IMOXT201806028BR
4/9/2020 11:59:49 AM - Inserir Historico IOOXT201902001BR
4/9/2020 11:59:50 AM - Insert with success IOOXT201902001BR
4/9/2020 12:00:27 PM - Inserir Historico IMOXT201910005BR
4/9/2020 12:00:29 PM - Insert with success IMOXT201910005BR
4/9/2020 12:01:06 PM - Inserir Historico IMOXT201811028BR
4/9/2020 12:01:07 PM - Insert with success IMOXT201811028BR
4/9/2020 12:01:47 PM - Inserir Historico IOOXT201802008BR
4/9/2020 12:01:48 PM - Insert with success IOOXT201802008BR
4/9/2020 12:02:23 PM - Inserir Historico IMOXT201910026BR
4/9/2020 12:02:24 PM - Insert with success IMOXT201910026BR
4/9/2020 12:02:54 PM - Inserir Historico IMOXT201809018BR
4/9/2020 12:02:55 PM - Insert with success IMOXT201809018BR
4/9/2020 12:03:51 PM - Inserir Historico IAOXT201810016BR
4/9/2020 12:03:53 PM - Insert with success IAOXT201810016BR
4/9/2020 12:04:27 PM - Inserir Historico IMOXT201805024BR
4/9/2020 12:04:28 PM - Insert with success IMOXT201805024BR
4/9/2020 12:04:59 PM - Inserir Historico IMOXT201810021BR
4/9/2020 12:05:00 PM - Insert with success IMOXT201810021BR
4/9/2020 12:05:35 PM - Inserir Historico IOOXT202001002BR
4/9/2020 12:05:36 PM - Insert with success IOOXT202001002BR
4/9/2020 12:06:05 PM - Inserir Historico IOOXT201912005BR
4/9/2020 12:06:06 PM - Insert with success IOOXT201912005BR
4/9/2020 12:06:39 PM - Inserir Historico IMOXT201809019BR
4/9/2020 12:06:40 PM - Insert with success IMOXT201809019BR
4/9/2020 12:07:12 PM - Inserir Historico IMOXT201907030BR
4/9/2020 12:07:13 PM - Insert with success IMOXT201907030BR
4/9/2020 12:07:48 PM - Inserir Historico IMOXT201910027BR
4/9/2020 12:07:49 PM - Insert with success IMOXT201910027BR
4/9/2020 12:08:20 PM - Inserir Historico IMOXT201905039BR
4/9/2020 12:08:21 PM - Insert with success IMOXT201905039BR
4/9/2020 12:09:15 PM - Inserir Historico IMOXT201904021BR
4/9/2020 12:09:16 PM - Insert with success IMOXT201904021BR
4/9/2020 12:09:50 PM - Inserir Historico IMOXT201906022BR
4/9/2020 12:09:52 PM - Insert with success IMOXT201906022BR
4/9/2020 12:10:35 PM - Inserir Historico IMOXT201812004BR
4/9/2020 12:10:37 PM - Insert with success IMOXT201812004BR
4/9/2020 12:11:19 PM - Inserir Historico IMOXT201904019BR
4/9/2020 12:11:20 PM - Insert with success IMOXT201904019BR
4/9/2020 12:12:10 PM - Inserir Historico IMOXT201812006BR
4/9/2020 12:12:11 PM - Insert with success IMOXT201812006BR
4/9/2020 12:12:43 PM - Inserir Historico IMOXT201906021BR
4/9/2020 12:12:44 PM - Insert with success IMOXT201906021BR
4/9/2020 12:13:17 PM - Inserir Historico IMOXT201801007BR
4/9/2020 12:13:18 PM - Insert with success IMOXT201801007BR
4/9/2020 12:13:59 PM - Inserir Historico IMOXT201808034BR
4/9/2020 12:14:00 PM - Insert with success IMOXT201808034BR
4/9/2020 12:14:33 PM - Inserir Historico IMOXT201812031BR
4/9/2020 12:14:34 PM - Insert with success IMOXT201812031BR
4/9/2020 12:15:14 PM - Inserir Historico IMOXT201903026BR
4/9/2020 12:15:15 PM - Insert with success IMOXT201903026BR
4/9/2020 12:15:48 PM - Inserir Historico IMOXT201901007BR
4/9/2020 12:15:49 PM - Insert with success IMOXT201901007BR
4/9/2020 12:16:27 PM - Inserir Historico IMOXT201911007BR
4/9/2020 12:16:28 PM - Insert with success IMOXT201911007BR
4/9/2020 12:16:57 PM - Inserir Historico IOOXT201802002BR
4/9/2020 12:16:58 PM - Insert with success IOOXT201802002BR
4/9/2020 12:17:28 PM - Inserir Historico IMOXT201812023BR
4/9/2020 12:17:29 PM - Insert with success IMOXT201812023BR
4/9/2020 12:18:02 PM - Inserir Historico IMOXT201811014BR
4/9/2020 12:18:03 PM - Insert with success IMOXT201811014BR
4/9/2020 12:18:32 PM - Inserir Historico IMOXT201905038BR
4/9/2020 12:18:33 PM - Insert with success IMOXT201905038BR
4/9/2020 12:19:15 PM - Inserir Historico IMOXT201910007BR
4/9/2020 12:19:17 PM - Insert with success IMOXT201910007BR
4/9/2020 12:19:48 PM - Inserir Historico IOOXT201902009BR
4/9/2020 12:19:49 PM - Insert with success IOOXT201902009BR
4/9/2020 12:20:25 PM - Inserir Historico IMOXT201811017BR
4/9/2020 12:20:27 PM - Insert with success IMOXT201811017BR
4/9/2020 12:21:03 PM - Inserir Historico IOOXT201903001BR
4/9/2020 12:21:04 PM - Insert with success IOOXT201903001BR
4/9/2020 12:21:31 PM - Inserir Historico IOOXT201912006BR
4/9/2020 12:21:32 PM - Insert with success IOOXT201912006BR
4/9/2020 12:22:05 PM - Inserir Historico IMOXT201910006BR
4/9/2020 12:22:06 PM - Insert with success IMOXT201910006BR
4/9/2020 12:22:54 PM - Inserir Historico IMOXT201902015BR
4/9/2020 12:22:55 PM - Insert with success IMOXT201902015BR
4/9/2020 12:23:31 PM - Inserir Historico IMOXT201911017BR
4/9/2020 12:23:33 PM - Insert with success IMOXT201911017BR
4/9/2020 12:24:01 PM - Inserir Historico IOOXT201802013BR
4/9/2020 12:24:03 PM - Insert with success IOOXT201802013BR
4/9/2020 12:24:36 PM - Inserir Historico IMOXT201812016BR
4/9/2020 12:24:39 PM - Insert with success IMOXT201812016BR
4/9/2020 12:25:13 PM - Inserir Historico IMOXT201809009BR
4/9/2020 12:25:14 PM - Insert with success IMOXT201809009BR
4/9/2020 12:25:51 PM - Inserir Historico IMOXT201806027BR
4/9/2020 12:25:52 PM - Insert with success IMOXT201806027BR
4/9/2020 12:26:19 PM - Inserir Historico IMOXT201805013BR
4/9/2020 12:26:20 PM - Insert with success IMOXT201805013BR
4/9/2020 12:26:50 PM - Inserir Historico IOOXT201810014BR
4/9/2020 12:26:50 PM - Insert with success IOOXT201810014BR
4/9/2020 12:27:40 PM - Inserir Historico IMOXT201808047BR
4/9/2020 12:27:42 PM - Insert with success IMOXT201808047BR
4/9/2020 12:28:08 PM - Inserir Historico IMCTV202003014BR
4/9/2020 12:28:08 PM - Insert with success IMCTV202003014BR
4/9/2020 12:28:38 PM - Inserir Historico IMSOL201912044BR
4/9/2020 12:28:38 PM - Insert with success IMSOL201912044BR
4/9/2020 12:29:09 PM - Inserir Historico IMCTV202003017BR
4/9/2020 12:29:10 PM - Insert with success IMCTV202003017BR
4/9/2020 12:29:38 PM - Inserir Historico IACSR202003001BR
4/9/2020 12:29:39 PM - Insert with success IACSR202003001BR
4/9/2020 12:30:31 PM - Inserir Historico IMCTV202003015BR
4/9/2020 12:30:33 PM - Insert with success IMCTV202003015BR
4/9/2020 12:31:03 PM - Inserir Historico IMSWB202002069BR
4/9/2020 12:31:04 PM - Insert with success IMSWB202002069BR
4/9/2020 12:31:38 PM - Inserir Historico IMCSR202003435BR
4/9/2020 12:31:40 PM - Insert with success IMCSR202003435BR
4/9/2020 12:32:10 PM - Inserir Historico IMCTV202003016BR
4/9/2020 12:32:11 PM - Insert with success IMCTV202003016BR
4/9/2020 12:32:43 PM - Inserir Historico IMSOL201912045BR
4/9/2020 12:32:43 PM - Insert with success IMSOL201912045BR
4/9/2020 12:33:24 PM - Inserir Historico EORHO202003022BR
4/9/2020 12:33:25 PM - Insert with success EORHO202003022BR
4/9/2020 12:33:46 PM - Inserir Historico IMATL202003068BR
4/9/2020 12:33:47 PM - Insert with success IMATL202003068BR
4/9/2020 12:34:20 PM - Inserir Historico IMSOL201912046BR
4/9/2020 12:34:21 PM - Insert with success IMSOL201912046BR
4/9/2020 12:34:52 PM - Inserir Historico IMSOL202002063BR
4/9/2020 12:34:53 PM - Insert with success IMSOL202002063BR
4/9/2020 12:35:20 PM - Inserir Historico EMCSR202003102BR
4/9/2020 12:35:22 PM - Insert with success EMCSR202003102BR
4/9/2020 12:35:44 PM - Inserir Historico IMATL202001161BR
4/9/2020 12:35:45 PM - Insert with success IMATL202001161BR
4/9/2020 12:36:30 PM - Inserir Historico EMSAM202003022BR
4/9/2020 12:36:31 PM - Insert with success EMSAM202003022BR
4/9/2020 12:37:04 PM - Inserir Historico IMSOL201912085BR
4/9/2020 12:37:05 PM - Insert with success IMSOL201912085BR
4/9/2020 12:37:46 PM - Inserir Historico EMSAM202003023BR
4/9/2020 12:37:47 PM - Insert with success EMSAM202003023BR
4/9/2020 12:38:14 PM - Inserir Historico IMSOL202002064BR
4/9/2020 12:38:15 PM - Insert with success IMSOL202002064BR
4/9/2020 12:38:53 PM - Inserir Historico EMSAM202003024BR
4/9/2020 12:38:54 PM - Insert with success EMSAM202003024BR
4/9/2020 12:39:26 PM - Inserir Historico IMOXT202001029BR
4/9/2020 12:39:27 PM - Insert with success IMOXT202001029BR
4/9/2020 12:40:03 PM - Inserir Historico EMSAM202003025BR
4/9/2020 12:40:05 PM - Insert with success EMSAM202003025BR
4/9/2020 12:40:42 PM - Inserir Historico IMSOL202001001BR
4/9/2020 12:40:43 PM - Insert with success IMSOL202001001BR
4/9/2020 12:41:14 PM - Inserir Historico IMSOL202003160BR
4/9/2020 12:41:15 PM - Insert with success IMSOL202003160BR
4/9/2020 12:41:44 PM - Inserir Historico IMCSR202003433BR
4/9/2020 12:41:45 PM - Insert with success IMCSR202003433BR
4/9/2020 12:42:17 PM - Inserir Historico IMCSR202003434BR
4/9/2020 12:42:18 PM - Insert with success IMCSR202003434BR
4/9/2020 12:42:44 PM - Inserir Historico IMSOL202003161BR
4/9/2020 12:42:45 PM - Insert with success IMSOL202003161BR
4/9/2020 12:43:21 PM - Inserir Historico IMCSR202001082BR
4/9/2020 12:43:22 PM - Insert with success IMCSR202001082BR
4/9/2020 12:43:56 PM - Inserir Historico IMOXT202001054BR
4/9/2020 12:43:57 PM - Insert with success IMOXT202001054BR
4/9/2020 12:44:27 PM - Inserir Historico IMSPC202003042BR
4/9/2020 12:44:28 PM - Insert with success IMSPC202003042BR
4/9/2020 12:44:53 PM - Inserir Historico IMSOL202003162BR
4/9/2020 12:44:54 PM - Insert with success IMSOL202003162BR
4/9/2020 12:45:24 PM - Inserir Historico IMCTV201911020BR
4/9/2020 12:45:25 PM - Insert with success IMCTV201911020BR
4/9/2020 12:45:51 PM - Inserir Historico IMSOL202003004BR
4/9/2020 12:45:52 PM - Insert with success IMSOL202003004BR
4/9/2020 12:46:20 PM - Inserir Historico IMCTV201911021BR
4/9/2020 12:46:21 PM - Insert with success IMCTV201911021BR
4/9/2020 12:46:50 PM - Inserir Historico IMCSR201911274BR
4/9/2020 12:46:51 PM - Insert with success IMCSR201911274BR
4/9/2020 12:47:19 PM - Inserir Historico IAMTH202003001BR
4/9/2020 12:47:20 PM - Insert with success IAMTH202003001BR
4/9/2020 12:47:47 PM - Inserir Historico EMSOL202003002BR
4/9/2020 12:47:47 PM - Insert with success EMSOL202003002BR
4/9/2020 12:48:16 PM - Inserir Historico IMCSR201911273BR
4/9/2020 12:48:17 PM - Insert with success IMCSR201911273BR
4/9/2020 12:48:48 PM - Inserir Historico IMCSR201911276BR
4/9/2020 12:48:49 PM - Insert with success IMCSR201911276BR
4/9/2020 12:49:15 PM - Inserir Historico IMSOL202003003BR
4/9/2020 12:49:16 PM - Insert with success IMSOL202003003BR
4/9/2020 12:49:44 PM - Inserir Historico IMCTV201911023BR
4/9/2020 12:49:46 PM - Insert with success IMCTV201911023BR
4/9/2020 12:50:21 PM - Inserir Historico IMCSR201907241BR
4/9/2020 12:50:23 PM - Insert with success IMCSR201907241BR
4/9/2020 12:50:52 PM - Inserir Historico IMSPC202003022BR
4/9/2020 12:50:53 PM - Insert with success IMSPC202003022BR
4/9/2020 12:51:26 PM - Inserir Historico IMCSR201908221BR
4/9/2020 12:51:27 PM - Insert with success IMCSR201908221BR
4/9/2020 12:51:53 PM - Inserir Historico IMEXO202004009BR
4/9/2020 12:51:54 PM - Insert with success IMEXO202004009BR
4/9/2020 12:52:27 PM - Inserir Historico IMCSR201908232BR
4/9/2020 12:52:28 PM - Insert with success IMCSR201908232BR
4/9/2020 12:52:53 PM - Inserir Historico EMCSR202002099BR
4/9/2020 12:52:54 PM - Insert with success EMCSR202002099BR
4/9/2020 12:53:18 PM - Inserir Historico EMCSR202003073BR
4/9/2020 12:53:19 PM - Insert with success EMCSR202003073BR
4/9/2020 12:53:51 PM - Inserir Historico IMCSR201908239BR
4/9/2020 12:53:52 PM - Insert with success IMCSR201908239BR
4/9/2020 12:54:09 PM - Inserir Historico IAATL202004016BR
4/9/2020 12:54:10 PM - Insert with success IAATL202004016BR
4/9/2020 12:54:41 PM - Inserir Historico IMCSR201908240BR
4/9/2020 12:54:42 PM - Insert with success IMCSR201908240BR
4/9/2020 12:55:16 PM - Inserir Historico IMCSR201908223BR
4/9/2020 12:55:17 PM - Insert with success IMCSR201908223BR
4/9/2020 12:56:24 PM - Inserir Historico IAOXT201907004BR
4/9/2020 12:56:25 PM - Insert with success IAOXT201907004BR
4/9/2020 12:56:59 PM - Inserir Historico IMOXT201904017BR
4/9/2020 12:57:00 PM - Insert with success IMOXT201904017BR
4/9/2020 12:57:33 PM - Inserir Historico IMOXT201802063BR
4/9/2020 12:57:34 PM - Insert with success IMOXT201802063BR
4/9/2020 12:58:11 PM - Inserir Historico IAOXT201907003BR
4/9/2020 12:58:13 PM - Insert with success IAOXT201907003BR
4/9/2020 12:58:55 PM - Inserir Historico IMOXT201901010BR
4/9/2020 12:58:57 PM - Insert with success IMOXT201901010BR
4/9/2020 12:59:28 PM - Inserir Historico IOOXT202001022BR
4/9/2020 12:59:29 PM - Insert with success IOOXT202001022BR
4/9/2020 12:59:59 PM - Inserir Historico IAOXT202003001BR
4/9/2020 1:00:01 PM - Insert with success IAOXT202003001BR
4/9/2020 1:00:48 PM - Inserir Historico IMOXT201907018BR
4/9/2020 1:00:50 PM - Insert with success IMOXT201907018BR
4/9/2020 1:01:28 PM - Inserir Historico IMOXT201911028BR
4/9/2020 1:01:29 PM - Insert with success IMOXT201911028BR
4/9/2020 1:02:10 PM - Inserir Historico IAOXT201803007BR
4/9/2020 1:02:12 PM - Insert with success IAOXT201803007BR
4/9/2020 1:02:40 PM - Inserir Historico IAOXT201911018BR
4/9/2020 1:02:41 PM - Insert with success IAOXT201911018BR
4/9/2020 1:03:17 PM - Inserir Historico IMOXT202003018BR
4/9/2020 1:03:19 PM - Insert with success IMOXT202003018BR
4/9/2020 1:03:45 PM - Inserir Historico IAOXT201908004BR
4/9/2020 1:03:46 PM - Insert with success IAOXT201908004BR
4/9/2020 1:04:20 PM - Inserir Historico IMOXT201911001BR
4/9/2020 1:04:21 PM - Insert with success IMOXT201911001BR
4/9/2020 1:04:47 PM - Inserir Historico IAOXT202002001BR
4/9/2020 1:04:48 PM - Insert with success IAOXT202002001BR
4/9/2020 1:05:26 PM - Inserir Historico IMOXT202001026BR
4/9/2020 1:05:28 PM - Insert with success IMOXT202001026BR
4/9/2020 1:05:58 PM - Inserir Historico IMOXT201909008BR
4/9/2020 1:05:59 PM - Insert with success IMOXT201909008BR
4/9/2020 1:06:32 PM - Inserir Historico IMOXT201912053BR
4/9/2020 1:06:33 PM - Insert with success IMOXT201912053BR
4/9/2020 1:06:59 PM - Inserir Historico IAOXT202001008BR
4/9/2020 1:07:00 PM - Insert with success IAOXT202001008BR
4/9/2020 1:07:27 PM - Inserir Historico IMOXT202001061BR
4/9/2020 1:07:28 PM - Insert with success IMOXT202001061BR
4/9/2020 1:07:58 PM - Inserir Historico IMOXT201912011BR
4/9/2020 1:08:00 PM - Insert with success IMOXT201912011BR
4/9/2020 1:08:32 PM - Inserir Historico IMOXT201805030BR
4/9/2020 1:08:33 PM - Insert with success IMOXT201805030BR
4/9/2020 1:09:01 PM - Inserir Historico IMOXT202002027BR
4/9/2020 1:09:03 PM - Insert with success IMOXT202002027BR
4/9/2020 1:09:42 PM - Inserir Historico IMOXT201907019BR
4/9/2020 1:09:43 PM - Insert with success IMOXT201907019BR
4/9/2020 1:10:11 PM - Inserir Historico IMOXT201905015BR
4/9/2020 1:10:12 PM - Insert with success IMOXT201905015BR
4/9/2020 1:10:45 PM - Inserir Historico IMOXT201911033BR
4/9/2020 1:10:46 PM - Insert with success IMOXT201911033BR
4/9/2020 1:11:12 PM - Inserir Historico IMOXT201909031BR
4/9/2020 1:11:14 PM - Insert with success IMOXT201909031BR
4/9/2020 1:11:43 PM - Inserir Historico IMCSR201907240BR
4/9/2020 1:11:45 PM - Insert with success IMCSR201907240BR
4/9/2020 1:12:20 PM - Inserir Historico IMOXT201902043BR
4/9/2020 1:12:21 PM - Insert with success IMOXT201902043BR
4/9/2020 1:12:47 PM - Inserir Historico IMOXT201905044BR
4/9/2020 1:12:48 PM - Insert with success IMOXT201905044BR
4/9/2020 1:13:14 PM - Inserir Historico IAOXT201911016BR
4/9/2020 1:13:15 PM - Insert with success IAOXT201911016BR
4/9/2020 1:13:44 PM - Inserir Historico IMOXT201912062BR
4/9/2020 1:13:45 PM - Insert with success IMOXT201912062BR
4/9/2020 1:14:17 PM - Inserir Historico IMOXT201911010BR
4/9/2020 1:14:18 PM - Insert with success IMOXT201911010BR
4/9/2020 1:14:50 PM - Inserir Historico IMOXT202002030BR
4/9/2020 1:14:51 PM - Insert with success IMOXT202002030BR
4/9/2020 1:15:19 PM - Inserir Historico IAOXT201908007BR
4/9/2020 1:15:19 PM - Insert with success IAOXT201908007BR
4/9/2020 1:15:52 PM - Inserir Historico IMOXT201909038BR
4/9/2020 1:15:53 PM - Insert with success IMOXT201909038BR
4/9/2020 1:16:21 PM - Inserir Historico IAOXT201809009BR
4/9/2020 1:16:22 PM - Insert with success IAOXT201809009BR
4/9/2020 1:16:54 PM - Inserir Historico IMOXT201901022BR
4/9/2020 1:16:54 PM - Insert with success IMOXT201901022BR
4/9/2020 1:17:26 PM - Inserir Historico IAOXT201812004BR
4/9/2020 1:17:27 PM - Insert with success IAOXT201812004BR
4/9/2020 1:17:55 PM - Inserir Historico IMOXT201811011BR
4/9/2020 1:17:55 PM - Insert with success IMOXT201811011BR
4/9/2020 1:18:26 PM - Inserir Historico IAOXT201908014BR
4/9/2020 1:18:27 PM - Insert with success IAOXT201908014BR
4/9/2020 1:19:06 PM - Inserir Historico IAOXT201906002BR
4/9/2020 1:19:08 PM - Insert with success IAOXT201906002BR
4/9/2020 1:19:37 PM - Inserir Historico IAOXT201809003BR
4/9/2020 1:19:39 PM - Insert with success IAOXT201809003BR
4/9/2020 1:20:06 PM - Inserir Historico IAOXT201806004BR
4/9/2020 1:20:08 PM - Insert with success IAOXT201806004BR
4/9/2020 1:20:41 PM - Inserir Historico IAOXT202001001BR
4/9/2020 1:20:42 PM - Insert with success IAOXT202001001BR
4/9/2020 1:21:19 PM - Inserir Historico IMOXT201908027BR
4/9/2020 1:21:20 PM - Insert with success IMOXT201908027BR
4/9/2020 1:21:53 PM - Inserir Historico IMOXT201910025BR
4/9/2020 1:21:54 PM - Insert with success IMOXT201910025BR
4/9/2020 1:22:22 PM - Inserir Historico IMOXT201909002BR
4/9/2020 1:22:23 PM - Insert with success IMOXT201909002BR
4/9/2020 1:23:04 PM - Inserir Historico IMOXT201907016BR
4/9/2020 1:23:05 PM - Insert with success IMOXT201907016BR
4/9/2020 1:23:37 PM - Inserir Historico IMOXT201911030BR
4/9/2020 1:23:39 PM - Insert with success IMOXT201911030BR
4/9/2020 1:24:22 PM - Inserir Historico IMOXT201907017BR
4/9/2020 1:24:23 PM - Insert with success IMOXT201907017BR
4/9/2020 1:24:54 PM - Inserir Historico IAOXT201810001BR
4/9/2020 1:24:55 PM - Insert with success IAOXT201810001BR
4/9/2020 1:25:32 PM - Inserir Historico IMOXT201801009BR
4/9/2020 1:25:33 PM - Insert with success IMOXT201801009BR
4/9/2020 1:26:08 PM - Inserir Historico IMOXT201905021BR
4/9/2020 1:26:09 PM - Insert with success IMOXT201905021BR
4/9/2020 1:26:39 PM - Inserir Historico IMOXT201909030BR
4/9/2020 1:26:39 PM - Insert with success IMOXT201909030BR
4/9/2020 1:27:12 PM - Inserir Historico IMOXT201912010BR
4/9/2020 1:27:13 PM - Insert with success IMOXT201912010BR
4/9/2020 1:27:41 PM - Inserir Historico IAOXT201908001BR
4/9/2020 1:27:42 PM - Insert with success IAOXT201908001BR
4/9/2020 1:28:17 PM - Inserir Historico IMOXT201907052BR
4/9/2020 1:28:18 PM - Insert with success IMOXT201907052BR
4/9/2020 1:28:56 PM - Inserir Historico IMOXT201803004BR
4/9/2020 1:28:57 PM - Insert with success IMOXT201803004BR
4/9/2020 1:29:26 PM - Inserir Historico IAOXT201908013BR
4/9/2020 1:29:27 PM - Insert with success IAOXT201908013BR
4/9/2020 1:30:25 PM - Inserir Historico IAOXT201810004BR
4/9/2020 1:30:27 PM - Insert with success IAOXT201810004BR
4/9/2020 1:30:57 PM - Inserir Historico IMOXT201903010BR
4/9/2020 1:30:58 PM - Insert with success IMOXT201903010BR
4/9/2020 1:31:27 PM - Inserir Historico IAOXT201809002BR
4/9/2020 1:31:28 PM - Insert with success IAOXT201809002BR
4/9/2020 1:32:15 PM - Inserir Historico IAOXT202001006BR
4/9/2020 1:32:17 PM - Insert with success IAOXT202001006BR
4/9/2020 1:32:53 PM - Inserir Historico IMOXT201912058BR
4/9/2020 1:32:54 PM - Insert with success IMOXT201912058BR
4/9/2020 1:33:23 PM - Inserir Historico IAOXT201907002BR
4/9/2020 1:33:24 PM - Insert with success IAOXT201907002BR
4/9/2020 1:34:00 PM - Inserir Historico IMOXT201806030BR
4/9/2020 1:34:00 PM - Insert with success IMOXT201806030BR
4/9/2020 1:34:40 PM - Inserir Historico IMOXT201806005BR
4/9/2020 1:34:41 PM - Insert with success IMOXT201806005BR
4/9/2020 1:35:17 PM - Inserir Historico IMOXT201811021BR
4/9/2020 1:35:19 PM - Insert with success IMOXT201811021BR
4/9/2020 1:35:47 PM - Inserir Historico IOOXT202003021BR
4/9/2020 1:35:48 PM - Insert with success IOOXT202003021BR
4/9/2020 1:36:23 PM - Inserir Historico IMOXT201801033BR
4/9/2020 1:36:24 PM - Insert with success IMOXT201801033BR
4/9/2020 1:37:01 PM - Inserir Historico IMOXT201911027BR
4/9/2020 1:37:02 PM - Insert with success IMOXT201911027BR
4/9/2020 1:37:32 PM - Inserir Historico IMOXT201810029BR
4/9/2020 1:37:33 PM - Insert with success IMOXT201810029BR
4/9/2020 1:38:04 PM - Inserir Historico IMOXT201906013BR
4/9/2020 1:38:05 PM - Insert with success IMOXT201906013BR
4/9/2020 1:38:41 PM - Inserir Historico IMOXT201802007BR
4/9/2020 1:38:42 PM - Insert with success IMOXT201802007BR
4/9/2020 1:39:17 PM - Inserir Historico IMOXT201910029BR
4/9/2020 1:39:17 PM - Insert with success IMOXT201910029BR
4/9/2020 1:39:50 PM - Inserir Historico IMOXT201802051BR
4/9/2020 1:39:51 PM - Insert with success IMOXT201802051BR
4/9/2020 1:40:41 PM - Inserir Historico IMOXT201911021BR
4/9/2020 1:40:42 PM - Insert with success IMOXT201911021BR
4/9/2020 1:41:16 PM - Inserir Historico EMSOL202003005BR
4/9/2020 1:41:17 PM - Insert with success EMSOL202003005BR
4/9/2020 1:41:52 PM - Inserir Historico IMOXT201907055BR
4/9/2020 1:41:53 PM - Insert with success IMOXT201907055BR
4/9/2020 1:42:22 PM - Inserir Historico IMOXT201807047BR
4/9/2020 1:42:23 PM - Insert with success IMOXT201807047BR
4/9/2020 1:42:57 PM - Inserir Historico IMOXT201902009BR
4/9/2020 1:42:57 PM - Insert with success IMOXT201902009BR
4/9/2020 1:43:29 PM - Inserir Historico IMOXT202001011BR
4/9/2020 1:43:30 PM - Insert with success IMOXT202001011BR
4/9/2020 1:43:57 PM - Inserir Historico IMSWB202004021BR
4/9/2020 1:43:58 PM - Insert with success IMSWB202004021BR
4/9/2020 1:44:28 PM - Inserir Historico IMOXT201912041BR
4/9/2020 1:44:29 PM - Insert with success IMOXT201912041BR
4/9/2020 1:44:55 PM - Inserir Historico IMOXT201909018BR
4/9/2020 1:44:56 PM - Insert with success IMOXT201909018BR
4/9/2020 1:45:25 PM - Inserir Historico IMOXT201901004BR
4/9/2020 1:45:26 PM - Insert with success IMOXT201901004BR
4/9/2020 1:45:51 PM - Inserir Historico IAOXT201804004BR
4/9/2020 1:45:52 PM - Insert with success IAOXT201804004BR
4/9/2020 1:46:25 PM - Inserir Historico IAOXT201911017BR
4/9/2020 1:46:27 PM - Insert with success IAOXT201911017BR
4/9/2020 1:46:56 PM - Inserir Historico IMOXT201912008BR
4/9/2020 1:46:59 PM - Insert with success IMOXT201912008BR
4/9/2020 1:47:34 PM - Inserir Historico IMOXT202002049BR
4/9/2020 1:47:36 PM - Insert with success IMOXT202002049BR
4/9/2020 1:48:02 PM - Inserir Historico IAOXT201808001BR
4/9/2020 1:48:04 PM - Insert with success IAOXT201808001BR
4/9/2020 1:48:34 PM - Inserir Historico IAOXT201911007BR
4/9/2020 1:48:36 PM - Insert with success IAOXT201911007BR
4/9/2020 1:49:03 PM - Inserir Historico IAOXT201810009BR
4/9/2020 1:49:04 PM - Insert with success IAOXT201810009BR
4/9/2020 1:49:29 PM - Inserir Historico IAOXT202003004BR
4/9/2020 1:49:30 PM - Insert with success IAOXT202003004BR
4/9/2020 1:50:07 PM - Inserir Historico IMOXT202003016BR
4/9/2020 1:50:09 PM - Insert with success IMOXT202003016BR
4/9/2020 1:50:46 PM - Inserir Historico IMOXT202002022BR
4/9/2020 1:50:47 PM - Insert with success IMOXT202002022BR
4/9/2020 1:51:17 PM - Inserir Historico IMOXT201911011BR
4/9/2020 1:51:18 PM - Insert with success IMOXT201911011BR
4/9/2020 1:51:59 PM - Inserir Historico IMOXT202003014BR
4/9/2020 1:51:59 PM - Insert with success IMOXT202003014BR
4/9/2020 1:52:29 PM - Inserir Historico IMOXT201809031BR
4/9/2020 1:52:30 PM - Insert with success IMOXT201809031BR
4/9/2020 1:52:59 PM - Inserir Historico IMOXT201802010BR
4/9/2020 1:53:00 PM - Insert with success IMOXT201802010BR
4/9/2020 1:53:28 PM - Inserir Historico IAOXT201811001BR
4/9/2020 1:53:29 PM - Insert with success IAOXT201811001BR
4/9/2020 1:53:58 PM - Inserir Historico IMOXT202002024BR
4/9/2020 1:53:59 PM - Insert with success IMOXT202002024BR
4/9/2020 1:54:36 PM - Inserir Historico IMOXT201803054BR
4/9/2020 1:54:36 PM - Insert with success IMOXT201803054BR
4/9/2020 1:55:05 PM - Inserir Historico IMOXT201910036BR
4/9/2020 1:55:07 PM - Insert with success IMOXT201910036BR
4/9/2020 1:55:48 PM - Inserir Historico IMOXT201911004BR
4/9/2020 1:55:49 PM - Insert with success IMOXT201911004BR
4/9/2020 1:56:17 PM - Inserir Historico IMCSR201907238BR
4/9/2020 1:56:18 PM - Insert with success IMCSR201907238BR
4/9/2020 1:56:49 PM - Inserir Historico IMOXT201906023BR
4/9/2020 1:56:50 PM - Insert with success IMOXT201906023BR
4/9/2020 1:57:15 PM - Inserir Historico IOOXT202003002BR
4/9/2020 1:57:16 PM - Insert with success IOOXT202003002BR
4/9/2020 1:57:47 PM - Inserir Historico IMOXT202003013BR
4/9/2020 1:57:48 PM - Insert with success IMOXT202003013BR
4/9/2020 1:58:15 PM - Inserir Historico IAOXT201802001BR
4/9/2020 1:58:15 PM - Insert with success IAOXT201802001BR
4/9/2020 1:58:44 PM - Inserir Historico IOOXT202003016BR
4/9/2020 1:58:45 PM - Insert with success IOOXT202003016BR
4/9/2020 1:59:15 PM - Inserir Historico IMOXT201802013BR
4/9/2020 1:59:16 PM - Insert with success IMOXT201802013BR
4/9/2020 1:59:54 PM - Inserir Historico IMOXT201801011BR
4/9/2020 1:59:54 PM - Insert with success IMOXT201801011BR
4/9/2020 2:00:30 PM - Inserir Historico IMOXT201909052BR
4/9/2020 2:00:31 PM - Insert with success IMOXT201909052BR
4/9/2020 2:01:12 PM - Inserir Historico IMOXT201910037BR
4/9/2020 2:01:13 PM - Insert with success IMOXT201910037BR
4/9/2020 2:01:53 PM - Inserir Historico IMOXT201807040BR
4/9/2020 2:01:54 PM - Insert with success IMOXT201807040BR
4/9/2020 2:02:38 PM - Inserir Historico IMOXT201805031BR
4/9/2020 2:02:39 PM - Insert with success IMOXT201805031BR
4/9/2020 2:03:15 PM - Inserir Historico IMOXT201811018BR
4/9/2020 2:03:16 PM - Insert with success IMOXT201811018BR
4/9/2020 2:03:54 PM - Inserir Historico IMOXT201902007BR
4/9/2020 2:03:55 PM - Insert with success IMOXT201902007BR
4/9/2020 2:04:29 PM - Inserir Historico IMOXT201812045BR
4/9/2020 2:04:37 PM - Insert with success IMOXT201812045BR
4/9/2020 2:05:12 PM - Inserir Historico IMOXT201809014BR
4/9/2020 2:05:13 PM - Insert with success IMOXT201809014BR
4/9/2020 2:05:45 PM - Inserir Historico IMOXT201807006BR
4/9/2020 2:05:45 PM - Insert with success IMOXT201807006BR
4/9/2020 2:06:23 PM - Inserir Historico IOOXT202003008BR
4/9/2020 2:06:24 PM - Insert with success IOOXT202003008BR
4/9/2020 2:07:50 PM - Inserir Historico IMOXT201909019BR
4/9/2020 2:07:52 PM - Insert with success IMOXT201909019BR
4/9/2020 2:08:38 PM - Inserir Historico IMOXT201811026BR
4/9/2020 2:08:38 PM - Insert with success IMOXT201811026BR
4/9/2020 2:09:12 PM - Inserir Historico IMOXT201803041BR
4/9/2020 2:09:13 PM - Insert with success IMOXT201803041BR
4/9/2020 2:09:51 PM - Inserir Historico IMOXT201907026BR
4/9/2020 2:09:52 PM - Insert with success IMOXT201907026BR
4/9/2020 2:10:33 PM - Inserir Historico EMARC202004007BR
4/9/2020 2:10:35 PM - Insert with success EMARC202004007BR
4/9/2020 2:11:11 PM - Inserir Historico IMOXT201901008BR
4/9/2020 2:11:15 PM - Insert with success IMOXT201901008BR
4/9/2020 2:11:51 PM - Inserir Historico IAOXT201910005BR
4/9/2020 2:11:53 PM - Insert with success IAOXT201910005BR
4/9/2020 2:12:37 PM - Inserir Historico IAOXT202001009BR
4/9/2020 2:12:39 PM - Insert with success IAOXT202001009BR
4/9/2020 2:13:22 PM - Inserir Historico IAOXT201903001BR
4/9/2020 2:13:23 PM - Insert with success IAOXT201903001BR
4/9/2020 2:14:03 PM - Inserir Historico IMOXT201907053BR
4/9/2020 2:14:04 PM - Insert with success IMOXT201907053BR
4/9/2020 2:14:35 PM - Inserir Historico IMOXT201910032BR
4/9/2020 2:14:37 PM - Insert with success IMOXT201910032BR
4/9/2020 2:15:25 PM - Inserir Historico IMOXT201912028BR
4/9/2020 2:15:26 PM - Insert with success IMOXT201912028BR
4/9/2020 2:15:56 PM - Inserir Historico IMOXT202003031BR
4/9/2020 2:15:57 PM - Insert with success IMOXT202003031BR
4/9/2020 2:16:36 PM - Inserir Historico IMOXT201806025BR
4/9/2020 2:16:37 PM - Insert with success IMOXT201806025BR
4/9/2020 2:17:08 PM - Inserir Historico IMOXT201807035BR
4/9/2020 2:17:10 PM - Insert with success IMOXT201807035BR
4/9/2020 2:17:40 PM - Inserir Historico IAOXT201911012BR
4/9/2020 2:17:41 PM - Insert with success IAOXT201911012BR
4/9/2020 2:18:11 PM - Inserir Historico IAOXT201802007BR
4/9/2020 2:18:12 PM - Insert with success IAOXT201802007BR
4/9/2020 2:18:48 PM - Inserir Historico IMOXT201812003BR
4/9/2020 2:18:50 PM - Insert with success IMOXT201812003BR
4/9/2020 2:19:29 PM - Inserir Historico IMOXT201912059BR
4/9/2020 2:19:31 PM - Insert with success IMOXT201912059BR
4/9/2020 2:20:05 PM - Inserir Historico IMOXT201911015BR
4/9/2020 2:20:07 PM - Insert with success IMOXT201911015BR
4/9/2020 2:20:46 PM - Inserir Historico IMCSR201907237BR
4/9/2020 2:20:47 PM - Insert with success IMCSR201907237BR
4/9/2020 2:21:21 PM - Inserir Historico IMOXT201911014BR
4/9/2020 2:21:22 PM - Insert with success IMOXT201911014BR
4/9/2020 2:21:55 PM - Inserir Historico IMOXT201805032BR
4/9/2020 2:21:56 PM - Insert with success IMOXT201805032BR
4/9/2020 2:22:33 PM - Inserir Historico IMOXT201911035BR
4/9/2020 2:22:34 PM - Insert with success IMOXT201911035BR
4/9/2020 2:23:06 PM - Inserir Historico IAOXT201905010BR
4/9/2020 2:23:07 PM - Insert with success IAOXT201905010BR
4/9/2020 2:23:39 PM - Inserir Historico IMOXT201810015BR
4/9/2020 2:23:40 PM - Insert with success IMOXT201810015BR
4/9/2020 2:24:13 PM - Inserir Historico IOOXT202003019BR
4/9/2020 2:24:14 PM - Insert with success IOOXT202003019BR
4/9/2020 2:24:48 PM - Inserir Historico IMOXT201807048BR
4/9/2020 2:24:49 PM - Insert with success IMOXT201807048BR
4/9/2020 2:25:28 PM - Inserir Historico IMOXT202001034BR
4/9/2020 2:25:29 PM - Insert with success IMOXT202001034BR
4/9/2020 2:26:09 PM - Inserir Historico IMOXT201807011BR
4/9/2020 2:26:10 PM - Insert with success IMOXT201807011BR
4/9/2020 2:26:42 PM - Inserir Historico IOOXT202002001BR
4/9/2020 2:26:43 PM - Insert with success IOOXT202002001BR
4/9/2020 2:27:16 PM - Inserir Historico IAOXT201811003BR
4/9/2020 2:27:17 PM - Insert with success IAOXT201811003BR
4/9/2020 2:27:51 PM - Inserir Historico IMOXT201911002BR
4/9/2020 2:27:52 PM - Insert with success IMOXT201911002BR
4/9/2020 2:28:22 PM - Inserir Historico IMOXT201811029BR
4/9/2020 2:28:23 PM - Insert with success IMOXT201811029BR
4/9/2020 2:28:57 PM - Inserir Historico IMOXT201912038BR
4/9/2020 2:28:58 PM - Insert with success IMOXT201912038BR
4/9/2020 2:29:34 PM - Inserir Historico IMOXT201805026BR
4/9/2020 2:29:35 PM - Insert with success IMOXT201805026BR
4/9/2020 2:30:06 PM - Inserir Historico IMOXT201909032BR
4/9/2020 2:30:08 PM - Insert with success IMOXT201909032BR
4/9/2020 2:30:41 PM - Inserir Historico IMOXT202001010BR
4/9/2020 2:30:43 PM - Insert with success IMOXT202001010BR
4/9/2020 2:31:15 PM - Inserir Historico IMOXT201805018BR
4/9/2020 2:31:16 PM - Insert with success IMOXT201805018BR
4/9/2020 2:31:52 PM - Inserir Historico IMOXT201806024BR
4/9/2020 2:31:54 PM - Insert with success IMOXT201806024BR
4/9/2020 2:32:31 PM - Inserir Historico IMOXT201801038BR
4/9/2020 2:32:32 PM - Insert with success IMOXT201801038BR
4/9/2020 2:33:16 PM - Inserir Historico IAOXT201905008BR
4/9/2020 2:33:17 PM - Insert with success IAOXT201905008BR
4/9/2020 2:33:50 PM - Inserir Historico IMOXT201804012BR
4/9/2020 2:33:51 PM - Insert with success IMOXT201804012BR
4/9/2020 2:34:28 PM - Inserir Historico IMOXT201807010BR
4/9/2020 2:34:29 PM - Insert with success IMOXT201807010BR
4/9/2020 2:35:03 PM - Inserir Historico IMCSR201907236BR
4/9/2020 2:35:04 PM - Insert with success IMCSR201907236BR
4/9/2020 2:35:34 PM - Inserir Historico IAOXT201907006BR
4/9/2020 2:35:35 PM - Insert with success IAOXT201907006BR
4/9/2020 2:36:11 PM - Inserir Historico IMOXT201809012BR
4/9/2020 2:36:14 PM - Insert with success IMOXT201809012BR
4/9/2020 2:36:45 PM - Inserir Historico IMOXT201912052BR
4/9/2020 2:36:47 PM - Insert with success IMOXT201912052BR
4/9/2020 2:37:20 PM - Inserir Historico IMOXT201807008BR
4/9/2020 2:37:21 PM - Insert with success IMOXT201807008BR
4/9/2020 2:37:59 PM - Inserir Historico IMOXT201805025BR
4/9/2020 2:38:03 PM - Insert with success IMOXT201805025BR
4/9/2020 2:38:32 PM - Inserir Historico IMOXT201805019BR
4/9/2020 2:38:33 PM - Insert with success IMOXT201805019BR
4/9/2020 2:39:06 PM - Inserir Historico IMOXT201904002BR
4/9/2020 2:39:07 PM - Insert with success IMOXT201904002BR
4/9/2020 2:39:36 PM - Inserir Historico IMOXT201801035BR
4/9/2020 2:39:37 PM - Insert with success IMOXT201801035BR
4/9/2020 2:40:08 PM - Inserir Historico IMOXT201907007BR
4/9/2020 2:40:09 PM - Insert with success IMOXT201907007BR
4/9/2020 2:40:37 PM - Inserir Historico IOOXT202003017BR
4/9/2020 2:40:39 PM - Insert with success IOOXT202003017BR
4/9/2020 2:41:06 PM - Inserir Historico IMOXT201808003BR
4/9/2020 2:41:07 PM - Insert with success IMOXT201808003BR
4/9/2020 2:41:34 PM - Inserir Historico IAOXT201911011BR
4/9/2020 2:41:35 PM - Insert with success IAOXT201911011BR
4/9/2020 2:42:04 PM - Inserir Historico IMOXT201812046BR
4/9/2020 2:42:05 PM - Insert with success IMOXT201812046BR
4/9/2020 2:42:35 PM - Inserir Historico IMOXT201907027BR
4/9/2020 2:42:36 PM - Insert with success IMOXT201907027BR
4/9/2020 2:43:15 PM - Inserir Historico IMOXT201807045BR
4/9/2020 2:43:16 PM - Insert with success IMOXT201807045BR
4/9/2020 2:43:47 PM - Inserir Historico IMOXT201806029BR
4/9/2020 2:43:48 PM - Insert with success IMOXT201806029BR
4/9/2020 2:44:18 PM - Inserir Historico IMOXT201906014BR
4/9/2020 2:44:19 PM - Insert with success IMOXT201906014BR
4/9/2020 2:44:53 PM - Inserir Historico IMOXT201912031BR
4/9/2020 2:44:55 PM - Insert with success IMOXT201912031BR
4/9/2020 2:45:29 PM - Inserir Historico IMCSR201911272BR
4/9/2020 2:45:31 PM - Insert with success IMCSR201911272BR
4/9/2020 2:46:09 PM - Inserir Historico IMOXT201803039BR
4/9/2020 2:46:10 PM - Insert with success IMOXT201803039BR
4/9/2020 2:46:46 PM - Inserir Historico IMOXT201804036BR
4/9/2020 2:46:47 PM - Insert with success IMOXT201804036BR
4/9/2020 2:47:17 PM - Inserir Historico IMOXT201804011BR
4/9/2020 2:47:18 PM - Insert with success IMOXT201804011BR
4/9/2020 2:47:53 PM - Inserir Historico IMOXT201902021BR
4/9/2020 2:47:54 PM - Insert with success IMOXT201902021BR
4/9/2020 2:48:18 PM - Inserir Historico IMATL202003128BR
4/9/2020 2:48:19 PM - Insert with success IMATL202003128BR
4/9/2020 2:49:00 PM - Inserir Historico IAOXT201902004BR
4/9/2020 2:49:01 PM - Insert with success IAOXT201902004BR
4/9/2020 2:49:34 PM - Inserir Historico IMOXT201905045BR
4/9/2020 2:49:35 PM - Insert with success IMOXT201905045BR
4/9/2020 2:50:11 PM - Inserir Historico IMOXT202001024BR
4/9/2020 2:50:14 PM - Insert with success IMOXT202001024BR
4/9/2020 2:50:59 PM - Inserir Historico IMOXT201912050BR
4/9/2020 2:51:00 PM - Insert with success IMOXT201912050BR
4/9/2020 2:51:31 PM - Inserir Historico IOOXT202001017BR
4/9/2020 2:51:32 PM - Insert with success IOOXT202001017BR
4/9/2020 2:52:09 PM - Inserir Historico IMOXT201808001BR
4/9/2020 2:52:10 PM - Insert with success IMOXT201808001BR
4/9/2020 2:52:46 PM - Inserir Historico IMOXT201807027BR
4/9/2020 2:52:48 PM - Insert with success IMOXT201807027BR
4/9/2020 2:53:24 PM - Inserir Historico IMOXT201806032BR
4/9/2020 2:53:25 PM - Insert with success IMOXT201806032BR
4/9/2020 2:54:01 PM - Inserir Historico IOOXT202001011BR
4/9/2020 2:54:02 PM - Insert with success IOOXT202001011BR
4/9/2020 2:54:33 PM - Inserir Historico IMOXT201809023BR
4/9/2020 2:54:33 PM - Insert with success IMOXT201809023BR
4/9/2020 2:55:10 PM - Inserir Historico IMOXT201911038BR
4/9/2020 2:55:11 PM - Insert with success IMOXT201911038BR
4/9/2020 2:55:43 PM - Inserir Historico IMOXT201911018BR
4/9/2020 2:55:45 PM - Insert with success IMOXT201911018BR
4/9/2020 2:56:20 PM - Inserir Historico IMOXT201909049BR
4/9/2020 2:56:21 PM - Insert with success IMOXT201909049BR
4/9/2020 2:56:57 PM - Inserir Historico IMOXT202002002BR
4/9/2020 2:56:58 PM - Insert with success IMOXT202002002BR
4/9/2020 2:57:35 PM - Inserir Historico IMOXT201907054BR
4/9/2020 2:57:36 PM - Insert with success IMOXT201907054BR
4/9/2020 2:58:07 PM - Inserir Historico EOEXO202004002BR
4/9/2020 2:58:08 PM - Insert with success EOEXO202004002BR
4/9/2020 2:58:42 PM - Inserir Historico IMOXT201908031BR
4/9/2020 2:58:43 PM - Insert with success IMOXT201908031BR
4/9/2020 2:59:13 PM - Inserir Historico IOOXT202001013BR
4/9/2020 2:59:14 PM - Insert with success IOOXT202001013BR
4/9/2020 2:59:45 PM - Inserir Historico IMOXT202002026BR
4/9/2020 2:59:46 PM - Insert with success IMOXT202002026BR
4/9/2020 3:00:28 PM - Inserir Historico EMARC202003010BR
4/9/2020 3:00:30 PM - Insert with success EMARC202003010BR
4/9/2020 3:01:06 PM - Inserir Historico IMCSR201907239BR
4/9/2020 3:01:08 PM - Insert with success IMCSR201907239BR
4/9/2020 3:01:38 PM - Inserir Historico IMSWB202004022BR
4/9/2020 3:01:39 PM - Insert with success IMSWB202004022BR
4/9/2020 3:02:16 PM - Inserir Historico IMCSR201908241BR
4/9/2020 3:02:17 PM - Insert with success IMCSR201908241BR
4/9/2020 3:02:45 PM - Inserir Historico EORHO202003021BR
4/9/2020 3:02:46 PM - Insert with success EORHO202003021BR
4/9/2020 3:03:07 PM - Inserir Historico IMATL202004003BR
4/9/2020 3:03:09 PM - Insert with success IMATL202004003BR
4/9/2020 3:03:44 PM - Inserir Historico IMCTV202002021BR
4/9/2020 3:03:45 PM - Insert with success IMCTV202002021BR
4/9/2020 3:04:17 PM - Inserir Historico EAOXT202004001BR
4/9/2020 3:04:18 PM - Insert with success EAOXT202004001BR
4/9/2020 3:04:48 PM - Inserir Historico EOEXO202004001BR
4/9/2020 3:04:49 PM - Insert with success EOEXO202004001BR
4/9/2020 3:05:28 PM - Inserir Historico IMCSR202003281BR
4/9/2020 3:05:29 PM - Insert with success IMCSR202003281BR
4/9/2020 3:06:03 PM - Inserir Historico IMOXT202003028BR
4/9/2020 3:06:04 PM - Insert with success IMOXT202003028BR
4/9/2020 3:06:44 PM - Inserir Historico IMCSR202003407BR
4/9/2020 3:06:45 PM - Insert with success IMCSR202003407BR
4/9/2020 3:07:14 PM - Inserir Historico IMATL202003129BR
4/9/2020 3:07:15 PM - Insert with success IMATL202003129BR
4/9/2020 3:07:44 PM - Inserir Historico IAATH202003002BR
4/9/2020 3:07:46 PM - Insert with success IAATH202003002BR
4/9/2020 3:08:19 PM - Inserir Historico IMCSR202003280BR
4/9/2020 3:08:20 PM - Insert with success IMCSR202003280BR
4/9/2020 3:08:52 PM - Inserir Historico IMSWB202004023BR
4/9/2020 3:08:53 PM - Insert with success IMSWB202004023BR
4/9/2020 3:09:23 PM - Inserir Historico IABSF202004002BR
4/9/2020 3:09:25 PM - Insert with success IABSF202004002BR
4/9/2020 3:10:00 PM - Inserir Historico IMSOL201910104BR
4/9/2020 3:10:01 PM - Insert with success IMSOL201910104BR
4/9/2020 3:10:30 PM - Inserir Historico EMCSR202003100BR
4/9/2020 3:10:30 PM - Insert with success EMCSR202003100BR
4/9/2020 3:10:50 PM - Inserir Historico IMATL202004007BR
4/9/2020 3:10:51 PM - Insert with success IMATL202004007BR
4/9/2020 3:12:07 PM - Inserir Historico IMEXO202002022BR
4/9/2020 3:12:08 PM - Insert with success IMEXO202002022BR
4/9/2020 3:12:39 PM - Inserir Historico IOCTV202003017BR
4/9/2020 3:12:39 PM - Insert with success IOCTV202003017BR
4/9/2020 3:13:09 PM - Inserir Historico IOCTV202003018BR
4/9/2020 3:13:10 PM - Insert with success IOCTV202003018BR
4/9/2020 3:13:40 PM - Inserir Historico IOCTV202003019BR
4/9/2020 3:13:41 PM - Insert with success IOCTV202003019BR
4/9/2020 3:14:14 PM - Inserir Historico IMSWB202004024BR
4/9/2020 3:14:14 PM - Insert with success IMSWB202004024BR
4/9/2020 3:14:42 PM - Inserir Historico EMCSR202003091BR
4/9/2020 3:14:43 PM - Insert with success EMCSR202003091BR
4/9/2020 3:15:19 PM - Inserir Historico IMCSR202003258BR
4/9/2020 3:15:20 PM - Insert with success IMCSR202003258BR
4/9/2020 3:15:50 PM - Inserir Historico IOCTV202003038BR
4/9/2020 3:15:51 PM - Insert with success IOCTV202003038BR
4/9/2020 3:16:16 PM - Inserir Historico EMCSR202003135BR
4/9/2020 3:16:17 PM - Insert with success EMCSR202003135BR
4/9/2020 3:16:42 PM - Inserir Historico EMCSR202002098BR
4/9/2020 3:16:43 PM - Insert with success EMCSR202002098BR
4/9/2020 3:17:11 PM - Inserir Historico IOCTV202003039BR
4/9/2020 3:17:11 PM - Insert with success IOCTV202003039BR
4/9/2020 3:17:32 PM - Inserir Historico EMCSR202003111BR
4/9/2020 3:17:33 PM - Insert with success EMCSR202003111BR
4/9/2020 3:18:02 PM - Inserir Historico IMCSR201910335BR
4/9/2020 3:18:03 PM - Insert with success IMCSR201910335BR
4/9/2020 3:18:26 PM - Inserir Historico EMCSR202003101BR
4/9/2020 3:18:27 PM - Insert with success EMCSR202003101BR
4/9/2020 3:18:48 PM - Inserir Historico EMCSR202003134BR
4/9/2020 3:18:49 PM - Insert with success EMCSR202003134BR
4/9/2020 3:19:21 PM - Inserir Historico IMCSR201910336BR
4/9/2020 3:19:21 PM - Insert with success IMCSR201910336BR
4/9/2020 3:19:52 PM - Inserir Historico IMCSR201911277BR
4/9/2020 3:19:53 PM - Insert with success IMCSR201911277BR
4/9/2020 3:20:40 PM - Inserir Historico IMSPC202003029BR
4/9/2020 3:20:41 PM - Insert with success IMSPC202003029BR
4/9/2020 3:21:11 PM - Inserir Historico IMCSR201910340BR
4/9/2020 3:21:13 PM - Insert with success IMCSR201910340BR
4/9/2020 3:21:44 PM - Inserir Historico IMSOL202004055BR
4/9/2020 3:21:45 PM - Insert with success IMSOL202004055BR
4/9/2020 3:22:16 PM - Inserir Historico EMCBE202003003BR
4/9/2020 3:22:16 PM - Insert with success EMCBE202003003BR
4/9/2020 3:22:46 PM - Inserir Historico IMSOL202004054BR
4/9/2020 3:22:48 PM - Insert with success IMSOL202004054BR
4/9/2020 3:23:21 PM - Inserir Historico EMOXT202003132BR
4/9/2020 3:23:22 PM - Insert with success EMOXT202003132BR
4/9/2020 3:23:51 PM - Inserir Historico IMCSR201910343BR
4/9/2020 3:23:53 PM - Insert with success IMCSR201910343BR
4/9/2020 3:24:21 PM - Inserir Historico EOOXT202004001BR
4/9/2020 3:24:22 PM - Insert with success EOOXT202004001BR
4/9/2020 3:24:51 PM - Inserir Historico IMCTV202002033BR
4/9/2020 3:24:53 PM - Insert with success IMCTV202002033BR
4/9/2020 3:25:25 PM - Inserir Historico IMCSR201910338BR
4/9/2020 3:25:26 PM - Insert with success IMCSR201910338BR
4/9/2020 3:25:53 PM - Inserir Historico IMSWB202002077BR
4/9/2020 3:25:54 PM - Insert with success IMSWB202002077BR
4/9/2020 3:26:20 PM - Inserir Historico IMSOL202004098BR
4/9/2020 3:26:21 PM - Insert with success IMSOL202004098BR
4/9/2020 3:26:49 PM - Inserir Historico IMCSR202003510BR
4/9/2020 3:26:50 PM - Insert with success IMCSR202003510BR
4/9/2020 3:27:18 PM - Inserir Historico IMSOL202003034BR
4/9/2020 3:27:18 PM - Insert with success IMSOL202003034BR
4/9/2020 3:27:43 PM - Inserir Historico IOOXT202001023BR
4/9/2020 3:27:44 PM - Insert with success IOOXT202001023BR
4/9/2020 3:28:18 PM - Inserir Historico IMCSR201910339BR
4/9/2020 3:28:19 PM - Insert with success IMCSR201910339BR
4/9/2020 3:28:48 PM - Inserir Historico IMCSR201910341BR
4/9/2020 3:28:49 PM - Insert with success IMCSR201910341BR
4/9/2020 3:29:06 PM - Inserir Historico IAATL202004017BR
4/9/2020 3:29:08 PM - Insert with success IAATL202004017BR
4/9/2020 3:29:29 PM - Inserir Historico EOCPE202003001BR
4/9/2020 3:29:31 PM - Insert with success EOCPE202003001BR
4/9/2020 3:30:00 PM - Inserir Historico EOCPE202002006BR
4/9/2020 3:30:02 PM - Insert with success EOCPE202002006BR
4/9/2020 3:30:34 PM - Inserir Historico IMCSR201910342BR
4/9/2020 3:30:35 PM - Insert with success IMCSR201910342BR
4/9/2020 3:30:57 PM - Inserir Historico EMATL202004023BR
4/9/2020 3:30:58 PM - Insert with success EMATL202004023BR
4/9/2020 3:31:28 PM - Inserir Historico IMCSR202003459BR
4/9/2020 3:31:28 PM - Insert with success IMCSR202003459BR
4/9/2020 3:31:56 PM - Inserir Historico IMCTV202004094BR
4/9/2020 3:31:57 PM - Insert with success IMCTV202004094BR
4/9/2020 3:32:27 PM - Inserir Historico IMCTV202003029BR
4/9/2020 3:32:28 PM - Insert with success IMCTV202003029BR
4/9/2020 3:32:57 PM - Inserir Historico EMSOL202003006BR
4/9/2020 3:32:58 PM - Insert with success EMSOL202003006BR
4/9/2020 3:33:25 PM - Inserir Historico IMSOL202004099BR
4/9/2020 3:33:26 PM - Insert with success IMSOL202004099BR
4/9/2020 3:33:55 PM - Inserir Historico IMCTV202003030BR
4/9/2020 3:33:56 PM - Insert with success IMCTV202003030BR
4/9/2020 3:34:27 PM - Inserir Historico IMSOL202002078BR
4/9/2020 3:34:27 PM - Insert with success IMSOL202002078BR
4/9/2020 3:34:56 PM - Inserir Historico IMCTV202004095BR
4/9/2020 3:34:57 PM - Insert with success IMCTV202004095BR
4/9/2020 3:35:33 PM - Inserir Historico IMCTV202003031BR
4/9/2020 3:35:34 PM - Insert with success IMCTV202003031BR
4/9/2020 3:36:00 PM - Inserir Historico EMCSR202003096BR
4/9/2020 3:36:01 PM - Insert with success EMCSR202003096BR
4/9/2020 3:36:32 PM - Inserir Historico IMOCV202003005BR
4/9/2020 3:36:33 PM - Insert with success IMOCV202003005BR
4/9/2020 3:37:02 PM - Inserir Historico EMARC202004008BR
4/9/2020 3:37:03 PM - Insert with success EMARC202004008BR
4/9/2020 3:37:33 PM - Inserir Historico IMCTV202003028BR
4/9/2020 3:37:34 PM - Insert with success IMCTV202003028BR
4/9/2020 3:38:03 PM - Inserir Historico IMSOL202002121BR
4/9/2020 3:38:04 PM - Insert with success IMSOL202002121BR
4/9/2020 3:38:35 PM - Inserir Historico IMCSR201910334BR
4/9/2020 3:38:36 PM - Insert with success IMCSR201910334BR
4/9/2020 3:39:12 PM - Inserir Historico IMCSR202003211BR
4/9/2020 3:39:14 PM - Insert with success IMCSR202003211BR
4/9/2020 3:39:47 PM - Inserir Historico IMCSR202003504BR
4/9/2020 3:39:48 PM - Insert with success IMCSR202003504BR
4/9/2020 3:40:39 PM - Inserir Historico IMEXO202002018BR
4/9/2020 3:40:40 PM - Insert with success IMEXO202002018BR
4/9/2020 3:41:13 PM - Inserir Historico IMCTV202004038BR
4/9/2020 3:41:14 PM - Insert with success IMCTV202004038BR
4/9/2020 3:41:47 PM - Inserir Historico IMIFB202002048BR
4/9/2020 3:41:48 PM - Insert with success IMIFB202002048BR
4/9/2020 3:42:18 PM - Inserir Historico EMSLA202003007BR
4/9/2020 3:42:19 PM - Insert with success EMSLA202003007BR
4/9/2020 3:42:45 PM - Inserir Historico IMOXT202001056BR
4/9/2020 3:42:47 PM - Insert with success IMOXT202001056BR
4/9/2020 3:43:04 PM - Inserir Historico IMSLA202004001BR
4/9/2020 3:43:05 PM - Insert with success IMSLA202004001BR
4/9/2020 3:43:28 PM - Inserir Historico EMSAM202004005BR
4/9/2020 3:43:29 PM - Insert with success EMSAM202004005BR
4/9/2020 3:44:01 PM - Inserir Historico IMSWB202002075BR
4/9/2020 3:44:02 PM - Insert with success IMSWB202002075BR
4/9/2020 3:44:25 PM - Inserir Historico EMSAM202004006BR
4/9/2020 3:44:26 PM - Insert with success EMSAM202004006BR
4/9/2020 3:44:56 PM - Inserir Historico IMSWB202004025BR
4/9/2020 3:44:57 PM - Insert with success IMSWB202004025BR
4/9/2020 3:45:28 PM - Inserir Historico EMCSR202003064BR
4/9/2020 3:45:28 PM - Insert with success EMCSR202003064BR
4/9/2020 3:45:53 PM - Inserir Historico EMSAM202004007BR
4/9/2020 3:45:56 PM - Insert with success EMSAM202004007BR
4/9/2020 3:46:27 PM - Inserir Historico IMEXO202001037BR
4/9/2020 3:46:28 PM - Insert with success IMEXO202001037BR
4/9/2020 3:47:00 PM - Inserir Historico IMSOL202001039BR
4/9/2020 3:47:01 PM - Insert with success IMSOL202001039BR
4/9/2020 3:47:44 PM - Inserir Historico IMOXT201807012BR
4/9/2020 3:47:46 PM - Insert with success IMOXT201807012BR
4/9/2020 3:48:40 PM - Inserir Historico IMOXT201908012BR
4/9/2020 3:48:42 PM - Insert with success IMOXT201908012BR
4/9/2020 3:49:17 PM - Inserir Historico IMOXT201810026BR
4/9/2020 3:49:18 PM - Insert with success IMOXT201810026BR
4/9/2020 3:49:52 PM - Inserir Historico IMOXT201809022BR
4/9/2020 3:49:53 PM - Insert with success IMOXT201809022BR
4/9/2020 3:50:39 PM - Inserir Historico IMOXT201903027BR
4/9/2020 3:50:40 PM - Insert with success IMOXT201903027BR
4/9/2020 3:51:20 PM - Inserir Historico IMOXT201803047BR
4/9/2020 3:51:21 PM - Insert with success IMOXT201803047BR
4/9/2020 3:51:59 PM - Inserir Historico IMOXT201803027BR
4/9/2020 3:52:00 PM - Insert with success IMOXT201803027BR
4/9/2020 3:52:32 PM - Inserir Historico IMOXT201802008BR
4/9/2020 3:52:33 PM - Insert with success IMOXT201802008BR
4/9/2020 3:53:10 PM - Inserir Historico IMOXT201802011BR
4/9/2020 3:53:11 PM - Insert with success IMOXT201802011BR
4/9/2020 3:53:48 PM - Inserir Historico IMOXT201803048BR
4/9/2020 3:53:50 PM - Insert with success IMOXT201803048BR
4/9/2020 3:54:24 PM - Inserir Historico IMOXT201806033BR
4/9/2020 3:54:25 PM - Insert with success IMOXT201806033BR
4/9/2020 3:54:54 PM - Inserir Historico IMOXT201809013BR
4/9/2020 3:54:55 PM - Insert with success IMOXT201809013BR
4/9/2020 3:55:27 PM - Inserir Historico IMOXT201912009BR
4/9/2020 3:55:28 PM - Insert with success IMOXT201912009BR
4/9/2020 3:56:01 PM - Inserir Historico IMOXT201807041BR
4/9/2020 3:56:02 PM - Insert with success IMOXT201807041BR
4/9/2020 3:56:34 PM - Inserir Historico IMOXT201903019BR
4/9/2020 3:56:35 PM - Insert with success IMOXT201903019BR
4/9/2020 3:57:06 PM - Inserir Historico IMOXT201911016BR
4/9/2020 3:57:07 PM - Insert with success IMOXT201911016BR
4/9/2020 3:57:41 PM - Inserir Historico IMOXT201911036BR
4/9/2020 3:57:41 PM - Insert with success IMOXT201911036BR
4/9/2020 3:58:19 PM - Inserir Historico IMOXT201801018BR
4/9/2020 3:58:20 PM - Insert with success IMOXT201801018BR
4/9/2020 3:58:54 PM - Inserir Historico IMOXT201810007BR
4/9/2020 3:58:56 PM - Insert with success IMOXT201810007BR
4/9/2020 3:59:35 PM - Inserir Historico IMOXT201802055BR
4/9/2020 3:59:35 PM - Insert with success IMOXT201802055BR
4/9/2020 4:00:07 PM - Inserir Historico IMOXT201911025BR
4/9/2020 4:00:10 PM - Insert with success IMOXT201911025BR
4/9/2020 4:00:49 PM - Inserir Historico IMOXT201807022BR
4/9/2020 4:00:49 PM - Insert with success IMOXT201807022BR
4/9/2020 4:01:26 PM - Inserir Historico IMOXT201910016BR
4/9/2020 4:01:27 PM - Insert with success IMOXT201910016BR
4/9/2020 4:02:03 PM - Inserir Historico IMOXT201807017BR
4/9/2020 4:02:04 PM - Insert with success IMOXT201807017BR
4/9/2020 4:02:36 PM - Inserir Historico IMOXT201809006BR
4/9/2020 4:02:38 PM - Insert with success IMOXT201809006BR
4/9/2020 4:03:09 PM - Inserir Historico IMOXT201902002BR
4/9/2020 4:03:09 PM - Insert with success IMOXT201902002BR
4/9/2020 4:03:45 PM - Inserir Historico IMOXT201802053BR
4/9/2020 4:03:46 PM - Insert with success IMOXT201802053BR
4/9/2020 4:04:15 PM - Inserir Historico IMOXT201902003BR
4/9/2020 4:04:17 PM - Insert with success IMOXT201902003BR
4/9/2020 4:04:44 PM - Inserir Historico IMOXT201812002BR
4/9/2020 4:04:45 PM - Insert with success IMOXT201812002BR
4/9/2020 4:05:15 PM - Inserir Historico IMOXT201811015BR
4/9/2020 4:05:17 PM - Insert with success IMOXT201811015BR
4/9/2020 4:05:48 PM - Inserir Historico IMOXT201806026BR
4/9/2020 4:05:49 PM - Insert with success IMOXT201806026BR
4/9/2020 4:06:17 PM - Inserir Historico IMOXT201909029BR
4/9/2020 4:06:18 PM - Insert with success IMOXT201909029BR
4/9/2020 4:06:44 PM - Inserir Historico IMCTV202004041BR
4/9/2020 4:06:45 PM - Insert with success IMCTV202004041BR
4/9/2020 4:07:09 PM - Inserir Historico IMSPC202004023BR
4/9/2020 4:07:10 PM - Insert with success IMSPC202004023BR
4/9/2020 4:07:37 PM - Inserir Historico EMSOL202004002BR
4/9/2020 4:07:38 PM - Insert with success EMSOL202004002BR
4/9/2020 4:08:05 PM - Inserir Historico IMMAU202003014BR
4/9/2020 4:08:06 PM - Insert with success IMMAU202003014BR
4/9/2020 4:08:34 PM - Inserir Historico EMSOL202003009BR
4/9/2020 4:08:35 PM - Insert with success EMSOL202003009BR
4/9/2020 4:08:59 PM - Inserir Historico EMCSR202003074BR
4/9/2020 4:09:00 PM - Insert with success EMCSR202003074BR
4/9/2020 4:09:27 PM - Inserir Historico IMSWB202004026BR
4/9/2020 4:09:29 PM - Insert with success IMSWB202004026BR
4/9/2020 4:09:56 PM - Inserir Historico IMCSR202004118BR
4/9/2020 4:09:56 PM - Insert with success IMCSR202004118BR
4/9/2020 4:10:13 PM - Inserir Historico IAMTE202004011BR
4/9/2020 4:10:14 PM - Insert with success IAMTE202004011BR
4/9/2020 4:10:40 PM - Inserir Historico IMMAU202003013BR
4/9/2020 4:10:41 PM - Insert with success IMMAU202003013BR
4/9/2020 4:11:01 PM - Inserir Historico EMCSR202003123BR
4/9/2020 4:11:03 PM - Insert with success EMCSR202003123BR
4/9/2020 4:11:28 PM - Inserir Historico IOCTV201911018BR
4/9/2020 4:11:29 PM - Insert with success IOCTV201911018BR
4/9/2020 4:11:54 PM - Inserir Historico IMSOL202002132BR
4/9/2020 4:11:55 PM - Insert with success IMSOL202002132BR
4/9/2020 4:12:15 PM - Inserir Historico EMCSR202003124BR
4/9/2020 4:12:16 PM - Insert with success EMCSR202003124BR
4/9/2020 4:12:42 PM - Inserir Historico IMSWB202002092BR
4/9/2020 4:12:43 PM - Insert with success IMSWB202002092BR
4/9/2020 4:12:58 PM - Inserir Historico EMFUN202004001BR
4/9/2020 4:12:59 PM - Insert with success EMFUN202004001BR
4/9/2020 4:13:25 PM - Inserir Historico IMSOL201912033BR
4/9/2020 4:13:26 PM - Insert with success IMSOL201912033BR
4/9/2020 4:13:52 PM - Inserir Historico EMCSR202003132BR
4/9/2020 4:13:54 PM - Insert with success EMCSR202003132BR
4/9/2020 4:14:27 PM - Inserir Historico IMSWB202004027BR
4/9/2020 4:14:28 PM - Insert with success IMSWB202004027BR
4/9/2020 4:14:50 PM - Inserir Historico IMLAN202004001BR
4/9/2020 4:14:51 PM - Insert with success IMLAN202004001BR
4/9/2020 4:15:10 PM - Inserir Historico EMATL202001032BR
4/9/2020 4:15:12 PM - Insert with success EMATL202001032BR
4/9/2020 4:15:38 PM - Inserir Historico IACSR202003014BR
4/9/2020 4:15:39 PM - Insert with success IACSR202003014BR
4/9/2020 4:16:06 PM - Inserir Historico IMSWB202002130BR
4/9/2020 4:16:07 PM - Insert with success IMSWB202002130BR
4/9/2020 4:16:36 PM - Inserir Historico IACSR202004003BR
4/9/2020 4:16:37 PM - Insert with success IACSR202004003BR
4/9/2020 4:17:02 PM - Inserir Historico IAOCV202002003BR
4/9/2020 4:17:03 PM - Insert with success IAOCV202002003BR
4/9/2020 4:17:30 PM - Inserir Historico IMATN202003009BR
4/9/2020 4:17:31 PM - Insert with success IMATN202003009BR
4/9/2020 4:17:58 PM - Inserir Historico IMCBT202003030BR
4/9/2020 4:17:59 PM - Insert with success IMCBT202003030BR
4/9/2020 4:18:18 PM - Inserir Historico EMCSR202003112BR
4/9/2020 4:18:19 PM - Insert with success EMCSR202003112BR
4/9/2020 4:18:50 PM - Inserir Historico IMCSR201912201BR
4/9/2020 4:18:50 PM - Insert with success IMCSR201912201BR
4/9/2020 4:19:23 PM - Inserir Historico EMARC202003039BR
4/9/2020 4:19:24 PM - Insert with success EMARC202003039BR
4/9/2020 4:19:54 PM - Inserir Historico IMCSR202001295BR
4/9/2020 4:19:54 PM - Insert with success IMCSR202001295BR
4/9/2020 4:20:17 PM - Inserir Historico EMFUN202004002BR
4/9/2020 4:20:18 PM - Insert with success EMFUN202004002BR
4/9/2020 4:20:53 PM - Inserir Historico IMCSR202003200BR
4/9/2020 4:20:54 PM - Insert with success IMCSR202003200BR
4/9/2020 4:21:23 PM - Inserir Historico IMCSR202003255BR
4/9/2020 4:21:24 PM - Insert with success IMCSR202003255BR
4/9/2020 4:21:55 PM - Inserir Historico IMCSR202003256BR
4/9/2020 4:21:56 PM - Insert with success IMCSR202003256BR
4/9/2020 4:22:26 PM - Inserir Historico IMCSR202003272BR
4/9/2020 4:22:27 PM - Insert with success IMCSR202003272BR
4/9/2020 4:22:46 PM - Inserir Historico EMATL202002029BR
4/9/2020 4:22:47 PM - Insert with success EMATL202002029BR
4/9/2020 4:23:14 PM - Inserir Historico EMOXT202003156BR
4/9/2020 4:23:14 PM - Insert with success EMOXT202003156BR
4/9/2020 4:23:43 PM - Inserir Historico IMCTV202002020BR
4/9/2020 4:23:44 PM - Insert with success IMCTV202002020BR
4/9/2020 4:24:15 PM - Inserir Historico IMCTV202002022BR
4/9/2020 4:24:15 PM - Insert with success IMCTV202002022BR
4/9/2020 4:24:48 PM - Inserir Historico IMCTV202002035BR
4/9/2020 4:24:49 PM - Insert with success IMCTV202002035BR
4/9/2020 4:25:22 PM - Inserir Historico EMOXT202003049BR
4/9/2020 4:25:23 PM - Insert with success EMOXT202003049BR
4/9/2020 4:25:55 PM - Inserir Historico EMOXT202003196BR
4/9/2020 4:25:56 PM - Insert with success EMOXT202003196BR
4/9/2020 4:26:17 PM - Inserir Historico EAOXT202003005BR
4/9/2020 4:26:17 PM - Insert with success EAOXT202003005BR
4/9/2020 4:26:48 PM - Inserir Historico IMIFB202002007BR
4/9/2020 4:26:49 PM - Insert with success IMIFB202002007BR
4/9/2020 4:27:18 PM - Inserir Historico IMIFB202002038BR
4/9/2020 4:27:19 PM - Insert with success IMIFB202002038BR
4/9/2020 4:27:47 PM - Inserir Historico IMIFB202002059BR
4/9/2020 4:27:48 PM - Insert with success IMIFB202002059BR
4/9/2020 4:28:17 PM - Inserir Historico IMCTV202004003BR
4/9/2020 4:28:18 PM - Insert with success IMCTV202004003BR
4/9/2020 4:28:49 PM - Inserir Historico IMCTV202004005BR
4/9/2020 4:28:49 PM - Insert with success IMCTV202004005BR
4/9/2020 4:29:21 PM - Inserir Historico IMCTV202004007BR
4/9/2020 4:29:22 PM - Insert with success IMCTV202004007BR
4/9/2020 4:29:49 PM - Inserir Historico IMCTV202004011BR
4/9/2020 4:29:50 PM - Insert with success IMCTV202004011BR
4/9/2020 4:30:28 PM - Inserir Historico IMCTV202004012BR
4/9/2020 4:30:30 PM - Insert with success IMCTV202004012BR
4/9/2020 4:31:02 PM - Inserir Historico IMCTV202004013BR
4/9/2020 4:31:03 PM - Insert with success IMCTV202004013BR
4/9/2020 4:31:37 PM - Inserir Historico IMCTV202004014BR
4/9/2020 4:31:38 PM - Insert with success IMCTV202004014BR
4/9/2020 4:32:07 PM - Inserir Historico IMCTV202004015BR
4/9/2020 4:32:09 PM - Insert with success IMCTV202004015BR
4/9/2020 4:32:40 PM - Inserir Historico IMCTV202004017BR
4/9/2020 4:32:41 PM - Insert with success IMCTV202004017BR
4/9/2020 4:33:11 PM - Inserir Historico IMCTV202004006BR
4/9/2020 4:33:12 PM - Insert with success IMCTV202004006BR
4/9/2020 4:33:44 PM - Inserir Historico IMCTV202004008BR
4/9/2020 4:33:44 PM - Insert with success IMCTV202004008BR
4/9/2020 4:34:16 PM - Inserir Historico IMCTV202004009BR
4/9/2020 4:34:17 PM - Insert with success IMCTV202004009BR
4/9/2020 4:34:49 PM - Inserir Historico IMCTV202004010BR
4/9/2020 4:34:51 PM - Insert with success IMCTV202004010BR
4/9/2020 4:35:26 PM - Inserir Historico IMCTV202004016BR
4/9/2020 4:35:27 PM - Insert with success IMCTV202004016BR
4/9/2020 4:35:55 PM - Inserir Historico IMCTV202004018BR
4/9/2020 4:35:56 PM - Insert with success IMCTV202004018BR
4/9/2020 4:36:30 PM - Inserir Historico IMSLA202003029BR
4/9/2020 4:36:31 PM - Insert with success IMSLA202003029BR
4/9/2020 4:37:02 PM - Inserir Historico IMCSR201910321BR
4/9/2020 4:37:03 PM - Insert with success IMCSR201910321BR
4/9/2020 4:37:33 PM - Inserir Historico IMCTV202004021BR
4/9/2020 4:37:34 PM - Insert with success IMCTV202004021BR
4/9/2020 4:38:05 PM - Inserir Historico IMCTV202004023BR
4/9/2020 4:38:06 PM - Insert with success IMCTV202004023BR
4/9/2020 4:38:36 PM - Inserir Historico IMCTV202004025BR
4/9/2020 4:38:37 PM - Insert with success IMCTV202004025BR
4/9/2020 4:39:11 PM - Inserir Historico IMCSR201910344BR
4/9/2020 4:39:14 PM - Insert with success IMCSR201910344BR
4/9/2020 4:39:45 PM - Inserir Historico IMCTV202004019BR
4/9/2020 4:39:46 PM - Insert with success IMCTV202004019BR
4/9/2020 4:40:20 PM - Inserir Historico IMCTV202004020BR
4/9/2020 4:40:21 PM - Insert with success IMCTV202004020BR
4/9/2020 4:40:53 PM - Inserir Historico IMCTV202004022BR
4/9/2020 4:40:54 PM - Insert with success IMCTV202004022BR
4/9/2020 4:41:24 PM - Inserir Historico IMCTV202004027BR
4/9/2020 4:41:25 PM - Insert with success IMCTV202004027BR
4/9/2020 4:41:54 PM - Inserir Historico IMCSR201910324BR
4/9/2020 4:41:55 PM - Insert with success IMCSR201910324BR
4/9/2020 4:42:26 PM - Inserir Historico IMCSR201910332BR
4/9/2020 4:42:27 PM - Insert with success IMCSR201910332BR
4/9/2020 4:42:59 PM - Inserir Historico IMCSR201910333BR
4/9/2020 4:43:00 PM - Insert with success IMCSR201910333BR
4/9/2020 4:43:32 PM - Inserir Historico IMCTV202004024BR
4/9/2020 4:43:33 PM - Insert with success IMCTV202004024BR
4/9/2020 4:44:03 PM - Inserir Historico IMCTV202004026BR
4/9/2020 4:44:04 PM - Insert with success IMCTV202004026BR
4/9/2020 4:44:33 PM - Inserir Historico IMCTV202004036BR
4/9/2020 4:44:34 PM - Insert with success IMCTV202004036BR
4/9/2020 4:45:07 PM - Inserir Historico IMCTV202004047BR
4/9/2020 4:45:09 PM - Insert with success IMCTV202004047BR
4/9/2020 4:45:40 PM - Inserir Historico IMCTV202004052BR
4/9/2020 4:45:41 PM - Insert with success IMCTV202004052BR
4/9/2020 4:46:14 PM - Inserir Historico IMSLA202003014BR
4/9/2020 4:46:15 PM - Insert with success IMSLA202003014BR
4/9/2020 4:46:50 PM - Inserir Historico IMCTV202004054BR
4/9/2020 4:46:51 PM - Insert with success IMCTV202004054BR
4/9/2020 4:47:20 PM - Inserir Historico IMCTV202004031BR
4/9/2020 4:47:21 PM - Insert with success IMCTV202004031BR
4/9/2020 4:47:48 PM - Inserir Historico IMCTV202004034BR
4/9/2020 4:47:49 PM - Insert with success IMCTV202004034BR
4/9/2020 4:48:17 PM - Inserir Historico IMCTV202004037BR
4/9/2020 4:48:18 PM - Insert with success IMCTV202004037BR
4/9/2020 4:48:44 PM - Inserir Historico IMCTV202004048BR
4/9/2020 4:48:45 PM - Insert with success IMCTV202004048BR
4/9/2020 4:49:14 PM - Inserir Historico IMCTV202004049BR
4/9/2020 4:49:15 PM - Insert with success IMCTV202004049BR
4/9/2020 4:49:43 PM - Inserir Historico IMCTV202004032BR
4/9/2020 4:49:44 PM - Insert with success IMCTV202004032BR
4/9/2020 4:50:13 PM - Inserir Historico IMCTV202004033BR
4/9/2020 4:50:14 PM - Insert with success IMCTV202004033BR
4/9/2020 4:50:44 PM - Inserir Historico IMCTV202004035BR
4/9/2020 4:50:45 PM - Insert with success IMCTV202004035BR
4/9/2020 4:51:15 PM - Inserir Historico IMCTV202004046BR
4/9/2020 4:51:16 PM - Insert with success IMCTV202004046BR
4/9/2020 4:51:45 PM - Inserir Historico IMCTV202004051BR
4/9/2020 4:51:46 PM - Insert with success IMCTV202004051BR
4/9/2020 4:52:14 PM - Inserir Historico IMCTV202004053BR
4/9/2020 4:52:14 PM - Insert with success IMCTV202004053BR
4/9/2020 4:52:54 PM - Inserir Historico IMSLA202003020BR
4/9/2020 4:52:56 PM - Insert with success IMSLA202003020BR
4/9/2020 4:53:23 PM - Inserir Historico IMCTV202004056BR
4/9/2020 4:53:24 PM - Insert with success IMCTV202004056BR
4/9/2020 4:53:53 PM - Inserir Historico IMCTV202004055BR
4/9/2020 4:53:54 PM - Insert with success IMCTV202004055BR
4/9/2020 4:54:20 PM - Inserir Historico IMCTV202004057BR
4/9/2020 4:54:20 PM - Insert with success IMCTV202004057BR
4/9/2020 4:54:46 PM - Inserir Historico IMCTV202004058BR
4/9/2020 4:54:47 PM - Insert with success IMCTV202004058BR
4/9/2020 4:55:14 PM - Inserir Historico IMCTV202004059BR
4/9/2020 4:55:16 PM - Insert with success IMCTV202004059BR
4/9/2020 4:55:41 PM - Inserir Historico IMCTV202004060BR
4/9/2020 4:55:42 PM - Insert with success IMCTV202004060BR
4/9/2020 4:56:08 PM - Inserir Historico IMCTV202004063BR
4/9/2020 4:56:09 PM - Insert with success IMCTV202004063BR
4/9/2020 4:56:35 PM - Inserir Historico IMCTV202004066BR
4/9/2020 4:56:36 PM - Insert with success IMCTV202004066BR
4/9/2020 4:57:03 PM - Inserir Historico IMCTV202004061BR
4/9/2020 4:57:04 PM - Insert with success IMCTV202004061BR
4/9/2020 4:57:30 PM - Inserir Historico IMCTV202004064BR
4/9/2020 4:57:30 PM - Insert with success IMCTV202004064BR
4/9/2020 4:57:59 PM - Inserir Historico IMCTV202004065BR
4/9/2020 4:58:00 PM - Insert with success IMCTV202004065BR
4/9/2020 4:58:26 PM - Inserir Historico IMCTV202004067BR
4/9/2020 4:58:27 PM - Insert with success IMCTV202004067BR
4/9/2020 4:58:56 PM - Inserir Historico IMCTV202004068BR
4/9/2020 4:58:57 PM - Insert with success IMCTV202004068BR
4/9/2020 4:59:31 PM - Inserir Historico IMCTV202004062BR
4/9/2020 4:59:33 PM - Insert with success IMCTV202004062BR
4/9/2020 5:00:06 PM - Inserir Historico IMCTV202004070BR
4/9/2020 5:00:09 PM - Insert with success IMCTV202004070BR
4/9/2020 5:00:44 PM - Inserir Historico IMCTV202004069BR
4/9/2020 5:00:46 PM - Insert with success IMCTV202004069BR
4/9/2020 5:01:20 PM - Inserir Historico IMCTV202004071BR
4/9/2020 5:01:23 PM - Insert with success IMCTV202004071BR
4/9/2020 5:02:00 PM - Inserir Historico IMCTV202004072BR
4/9/2020 5:02:01 PM - Insert with success IMCTV202004072BR
4/9/2020 5:02:36 PM - Inserir Historico IMCTV202004074BR
4/9/2020 5:02:38 PM - Insert with success IMCTV202004074BR
4/9/2020 5:03:14 PM - Inserir Historico IMCTV202004073BR
4/9/2020 5:03:16 PM - Insert with success IMCTV202004073BR
4/9/2020 5:03:48 PM - Inserir Historico IMCTV202004075BR
4/9/2020 5:03:50 PM - Insert with success IMCTV202004075BR
4/9/2020 5:04:24 PM - Inserir Historico IMCTV202004076BR
4/9/2020 5:04:25 PM - Insert with success IMCTV202004076BR
4/9/2020 5:05:03 PM - Inserir Historico IMCTV202004077BR
4/9/2020 5:05:04 PM - Insert with success IMCTV202004077BR
4/9/2020 5:05:36 PM - Inserir Historico IMCTV202004078BR
4/9/2020 5:05:38 PM - Insert with success IMCTV202004078BR
4/9/2020 5:06:10 PM - Inserir Historico IMCTV202004079BR
4/9/2020 5:06:11 PM - Insert with success IMCTV202004079BR
4/9/2020 5:06:43 PM - Inserir Historico IMCTV202004080BR
4/9/2020 5:06:44 PM - Insert with success IMCTV202004080BR
4/9/2020 5:07:15 PM - Inserir Historico IMCTV202004084BR
4/9/2020 5:07:16 PM - Insert with success IMCTV202004084BR
4/9/2020 5:07:47 PM - Inserir Historico IMCTV202004088BR
4/9/2020 5:07:48 PM - Insert with success IMCTV202004088BR
4/9/2020 5:08:19 PM - Inserir Historico IMCTV202004081BR
4/9/2020 5:08:20 PM - Insert with success IMCTV202004081BR
4/9/2020 5:08:54 PM - Inserir Historico IMCTV202004083BR
4/9/2020 5:08:55 PM - Insert with success IMCTV202004083BR
4/9/2020 5:09:28 PM - Inserir Historico IMCTV202004085BR
4/9/2020 5:09:29 PM - Insert with success IMCTV202004085BR
4/9/2020 5:10:06 PM - Inserir Historico IMCTV202004089BR
4/9/2020 5:10:09 PM - Insert with success IMCTV202004089BR
4/9/2020 5:10:44 PM - Inserir Historico IMCTV202004082BR
4/9/2020 5:10:45 PM - Insert with success IMCTV202004082BR
4/9/2020 5:11:21 PM - Inserir Historico IMCTV202004086BR
4/9/2020 5:11:22 PM - Insert with success IMCTV202004086BR
4/9/2020 5:11:56 PM - Inserir Historico IMSLA202003032BR
4/9/2020 5:11:57 PM - Insert with success IMSLA202003032BR
4/9/2020 5:12:32 PM - Inserir Historico IMCTV202004087BR
4/9/2020 5:12:33 PM - Insert with success IMCTV202004087BR
4/9/2020 5:13:07 PM - Inserir Historico IMCTV202004091BR
4/9/2020 5:13:08 PM - Insert with success IMCTV202004091BR
4/9/2020 5:13:39 PM - Inserir Historico IMCTV202004090BR
4/9/2020 5:13:40 PM - Insert with success IMCTV202004090BR
4/9/2020 5:14:13 PM - Inserir Historico IMSOL201912048BR
4/9/2020 5:14:14 PM - Insert with success IMSOL201912048BR
4/9/2020 5:14:45 PM - Inserir Historico IMSWB202004028BR
4/9/2020 5:14:45 PM - Insert with success IMSWB202004028BR
4/9/2020 5:15:18 PM - Inserir Historico IMSOL202001102BR
4/9/2020 5:15:19 PM - Insert with success IMSOL202001102BR
4/9/2020 5:15:49 PM - Inserir Historico IMSOL202001108BR
4/9/2020 5:15:50 PM - Insert with success IMSOL202001108BR
4/9/2020 5:16:17 PM - Inserir Historico IOCTV201911021BR
4/9/2020 5:16:18 PM - Insert with success IOCTV201911021BR
4/9/2020 5:16:48 PM - Inserir Historico IMSOL202002010BR
4/9/2020 5:16:49 PM - Insert with success IMSOL202002010BR
4/9/2020 5:17:15 PM - Inserir Historico IOCTV201911024BR
4/9/2020 5:17:16 PM - Insert with success IOCTV201911024BR
4/9/2020 5:17:45 PM - Inserir Historico IMSWB202002100BR
4/9/2020 5:17:47 PM - Insert with success IMSWB202002100BR
4/9/2020 5:18:17 PM - Inserir Historico IMSOL202002042BR
4/9/2020 5:18:18 PM - Insert with success IMSOL202002042BR
4/9/2020 5:18:45 PM - Inserir Historico IMSWB202002099BR
4/9/2020 5:18:46 PM - Insert with success IMSWB202002099BR
4/9/2020 5:19:18 PM - Inserir Historico IMSOL202002130BR
4/9/2020 5:19:19 PM - Insert with success IMSOL202002130BR
4/9/2020 5:19:51 PM - Inserir Historico IMSWB202002009BR
4/9/2020 5:19:52 PM - Insert with success IMSWB202002009BR
4/9/2020 5:20:25 PM - Inserir Historico IMSPC202003045BR
4/9/2020 5:20:27 PM - Insert with success IMSPC202003045BR
4/9/2020 5:21:04 PM - Inserir Historico IMSPC202003046BR
4/9/2020 5:21:05 PM - Insert with success IMSPC202003046BR
4/9/2020 5:21:37 PM - Inserir Historico IMSPC202004005BR
4/9/2020 5:21:37 PM - Insert with success IMSPC202004005BR
4/9/2020 5:22:05 PM - Inserir Historico IOCTV201911022BR
4/9/2020 5:22:05 PM - Insert with success IOCTV201911022BR
4/9/2020 5:22:33 PM - Inserir Historico IOCTV201911023BR
4/9/2020 5:22:34 PM - Insert with success IOCTV201911023BR
4/9/2020 5:23:12 PM - Inserir Historico IMSWB202002033BR
4/9/2020 5:23:13 PM - Insert with success IMSWB202002033BR
4/9/2020 5:23:52 PM - Inserir Historico IMSWB202002035BR
4/9/2020 5:23:53 PM - Insert with success IMSWB202002035BR
4/9/2020 5:24:24 PM - Inserir Historico IMSWB202002094BR
4/9/2020 5:24:25 PM - Insert with success IMSWB202002094BR
4/9/2020 5:25:25 PM - Inserir Historico IMSWB202002102BR
4/9/2020 5:25:26 PM - Insert with success IMSWB202002102BR
4/9/2020 5:27:05 PM - Inserir Historico IMTAM202003020BR
4/9/2020 5:27:06 PM - Insert with success IMTAM202003020BR
4/9/2020 5:27:42 PM - Inserir Historico IMUPM202003003BR
4/9/2020 5:27:43 PM - Insert with success IMUPM202003003BR
4/9/2020 5:28:13 PM - Inserir Historico IMEAS202003011BR
4/9/2020 5:28:14 PM - Insert with success IMEAS202003011BR
4/9/2020 5:28:44 PM - Inserir Historico IMCSR202004119BR
4/9/2020 5:28:45 PM - Insert with success IMCSR202004119BR
4/9/2020 5:29:13 PM - Inserir Historico IMSWB202004029BR
4/9/2020 5:29:13 PM - Insert with success IMSWB202004029BR
4/9/2020 5:29:43 PM - Inserir Historico IMCSR202004120BR
4/9/2020 5:29:44 PM - Insert with success IMCSR202004120BR
4/9/2020 5:31:11 PM - Inserir Historico IMSPC202004018BR
4/9/2020 5:31:12 PM - Insert with success IMSPC202004018BR
4/9/2020 5:31:41 PM - Inserir Historico IMSPC202004017BR
4/9/2020 5:31:42 PM - Insert with success IMSPC202004017BR
4/9/2020 5:32:12 PM - Inserir Historico IMOXT202002052BR
4/9/2020 5:32:12 PM - Insert with success IMOXT202002052BR
4/9/2020 5:32:34 PM - Inserir Historico IAATL202004013BR
4/9/2020 5:32:35 PM - Insert with success IAATL202004013BR
4/9/2020 5:33:03 PM - Inserir Historico IMCSR202002356BR
4/9/2020 5:33:05 PM - Insert with success IMCSR202002356BR
4/9/2020 5:33:21 PM - Inserir Historico IMCTV202002083BR
4/9/2020 5:33:22 PM - Insert with success IMCTV202002083BR
4/9/2020 5:33:47 PM - Inserir Historico IMLYB202004001BR
4/9/2020 5:33:48 PM - Insert with success IMLYB202004001BR
4/9/2020 5:34:11 PM - Inserir Historico IAATN202002010BR
4/9/2020 5:34:13 PM - Insert with success IAATN202002010BR
4/9/2020 5:34:50 PM - Inserir Historico IMSPC202004020BR
4/9/2020 5:34:51 PM - Insert with success IMSPC202004020BR
4/9/2020 5:35:08 PM - Inserir Historico IMBSF202004001BR
4/9/2020 5:35:10 PM - Insert with success IMBSF202004001BR
4/9/2020 5:35:35 PM - Inserir Historico IMSWB202004030BR
4/9/2020 5:35:36 PM - Insert with success IMSWB202004030BR
4/9/2020 5:36:00 PM - Inserir Historico IMCTV202002073BR
4/9/2020 5:36:01 PM - Insert with success IMCTV202002073BR
4/9/2020 5:36:26 PM - Inserir Historico IMSOL202002061BR
4/9/2020 5:36:27 PM - Insert with success IMSOL202002061BR
4/9/2020 5:36:52 PM - Inserir Historico IMSPC202004025BR
4/9/2020 5:36:52 PM - Insert with success IMSPC202004025BR
4/9/2020 5:37:07 PM - Inserir Historico IAATL202004018BR
4/9/2020 5:37:08 PM - Insert with success IAATL202004018BR
4/9/2020 5:37:31 PM - Inserir Historico EMCSR202002110BR
4/9/2020 5:37:31 PM - Insert with success EMCSR202002110BR
4/9/2020 5:37:56 PM - Inserir Historico IMIFB202001037BR
4/9/2020 5:37:57 PM - Insert with success IMIFB202001037BR
4/9/2020 5:38:26 PM - Inserir Historico IMCSR202001040BR
4/9/2020 5:38:27 PM - Insert with success IMCSR202001040BR
4/9/2020 5:38:54 PM - Inserir Historico IMCSR202002147BR
4/9/2020 5:38:54 PM - Insert with success IMCSR202002147BR
4/9/2020 5:39:30 PM - Inserir Historico EMSOL202003003BR
4/9/2020 5:39:30 PM - Insert with success EMSOL202003003BR
4/9/2020 5:39:57 PM - Inserir Historico IMCSR202002318BR
4/9/2020 5:39:57 PM - Insert with success IMCSR202002318BR
4/9/2020 5:40:22 PM - Inserir Historico EMOXT202004027BR
4/9/2020 5:40:23 PM - Insert with success EMOXT202004027BR
4/9/2020 5:40:46 PM - Inserir Historico IMSPC202004026BR
4/9/2020 5:40:47 PM - Insert with success IMSPC202004026BR
4/9/2020 5:41:12 PM - Inserir Historico IMSWB202004031BR
4/9/2020 5:41:12 PM - Insert with success IMSWB202004031BR
4/9/2020 5:41:34 PM - Inserir Historico EMCSR202002054BR
4/9/2020 5:41:34 PM - Insert with success EMCSR202002054BR
4/9/2020 5:42:01 PM - Inserir Historico IMCSR202004121BR
4/9/2020 5:42:01 PM - Insert with success IMCSR202004121BR
4/9/2020 5:42:25 PM - Inserir Historico IMLYB202002021BR
4/9/2020 5:42:25 PM - Insert with success IMLYB202002021BR
4/9/2020 5:42:48 PM - Inserir Historico IOCTV202003008BR
4/9/2020 5:42:48 PM - Insert with success IOCTV202003008BR
4/9/2020 5:43:18 PM - Inserir Historico IMIFB202001039BR
4/9/2020 5:43:18 PM - Insert with success IMIFB202001039BR
4/9/2020 5:43:44 PM - Inserir Historico IMSPC202004027BR
4/9/2020 5:43:45 PM - Insert with success IMSPC202004027BR
4/9/2020 5:43:59 PM - Inserir Historico IABSF202004003BR
4/9/2020 5:44:00 PM - Insert with success IABSF202004003BR
4/9/2020 5:44:24 PM - Inserir Historico IOCTV202003009BR
4/9/2020 5:44:25 PM - Insert with success IOCTV202003009BR
4/9/2020 5:44:50 PM - Inserir Historico IMSOL202001104BR
4/9/2020 5:44:51 PM - Insert with success IMSOL202001104BR
4/9/2020 5:45:17 PM - Inserir Historico IOCTV202003010BR
4/9/2020 5:45:18 PM - Insert with success IOCTV202003010BR
4/9/2020 5:45:59 PM - Inserir Historico IMIFB202001048BR
4/9/2020 5:46:00 PM - Insert with success IMIFB202001048BR
4/9/2020 5:46:29 PM - Inserir Historico IMSPC202003032BR
4/9/2020 5:46:30 PM - Insert with success IMSPC202003032BR
4/9/2020 5:47:02 PM - Inserir Historico IMSPC202003034BR
4/9/2020 5:47:03 PM - Insert with success IMSPC202003034BR
4/9/2020 5:47:35 PM - Inserir Historico IMIFB202001010BR
4/9/2020 5:47:37 PM - Insert with success IMIFB202001010BR
4/9/2020 5:48:05 PM - Inserir Historico IOCTV202003011BR
4/9/2020 5:48:05 PM - Insert with success IOCTV202003011BR
4/9/2020 5:48:34 PM - Inserir Historico IMCSR202004122BR
4/9/2020 5:48:35 PM - Insert with success IMCSR202004122BR
4/9/2020 5:48:52 PM - Inserir Historico IABSF202004004BR
4/9/2020 5:48:52 PM - Insert with success IABSF202004004BR
4/9/2020 5:49:23 PM - Inserir Historico IMIFB202001011BR
4/9/2020 5:49:23 PM - Insert with success IMIFB202001011BR
4/9/2020 5:49:49 PM - Inserir Historico IOCTV202003012BR
4/9/2020 5:49:51 PM - Insert with success IOCTV202003012BR
4/9/2020 5:50:21 PM - Inserir Historico EMBCB202004001BR
4/9/2020 5:50:22 PM - Insert with success EMBCB202004001BR
4/9/2020 5:50:57 PM - Inserir Historico EMOXT202004007BR
4/9/2020 5:50:57 PM - Insert with success EMOXT202004007BR
4/9/2020 5:51:44 PM - Inserir Historico IMSLA202003022BR
4/9/2020 5:51:44 PM - Insert with success IMSLA202003022BR
4/9/2020 5:52:09 PM - Inserir Historico IOCTV202003013BR
4/9/2020 5:52:10 PM - Insert with success IOCTV202003013BR
4/9/2020 5:52:40 PM - Inserir Historico IMIFB202001020BR
4/9/2020 5:52:41 PM - Insert with success IMIFB202001020BR
4/9/2020 5:53:08 PM - Inserir Historico IMIFB202001034BR
4/9/2020 5:53:09 PM - Insert with success IMIFB202001034BR
4/9/2020 5:53:32 PM - Inserir Historico IASOL202003004BR
4/9/2020 5:53:33 PM - Insert with success IASOL202003004BR
4/9/2020 5:54:02 PM - Inserir Historico IOCTV202003014BR
4/9/2020 5:54:03 PM - Insert with success IOCTV202003014BR
4/9/2020 5:54:32 PM - Inserir Historico IMIFB202001023BR
4/9/2020 5:54:34 PM - Insert with success IMIFB202001023BR
4/9/2020 5:54:58 PM - Inserir Historico IOCTV202003015BR
4/9/2020 5:54:59 PM - Insert with success IOCTV202003015BR
4/9/2020 5:55:25 PM - Inserir Historico IMSWB202004032BR
4/9/2020 5:55:25 PM - Insert with success IMSWB202004032BR
4/9/2020 5:55:53 PM - Inserir Historico IMATN202003007BR
4/9/2020 5:55:53 PM - Insert with success IMATN202003007BR
4/9/2020 5:56:30 PM - Inserir Historico IMIFB202002028BR
4/9/2020 5:56:30 PM - Insert with success IMIFB202002028BR
4/9/2020 5:56:57 PM - Inserir Historico IOCTV202003016BR
4/9/2020 5:56:58 PM - Insert with success IOCTV202003016BR
4/9/2020 5:57:15 PM - Inserir Historico EMATL202004004BR
4/9/2020 5:57:17 PM - Insert with success EMATL202004004BR
4/9/2020 5:57:46 PM - Inserir Historico IMCSR202002001BR
4/9/2020 5:57:47 PM - Insert with success IMCSR202002001BR
4/9/2020 5:58:18 PM - Inserir Historico IMCSR202002002BR
4/9/2020 5:58:19 PM - Insert with success IMCSR202002002BR
4/9/2020 5:58:57 PM - Inserir Historico IMCSR202003203BR
4/9/2020 5:58:58 PM - Insert with success IMCSR202003203BR
4/9/2020 5:59:26 PM - Inserir Historico IMCSR202003206BR
4/9/2020 5:59:28 PM - Insert with success IMCSR202003206BR
4/9/2020 5:59:56 PM - Inserir Historico IMCSR202003210BR
4/9/2020 5:59:58 PM - Insert with success IMCSR202003210BR
4/9/2020 6:00:32 PM - Inserir Historico IMCSR202003222BR
4/9/2020 6:00:33 PM - Insert with success IMCSR202003222BR
4/9/2020 6:01:18 PM - Inserir Historico IMCSR202003260BR
4/9/2020 6:01:19 PM - Insert with success IMCSR202003260BR
4/9/2020 6:01:52 PM - Inserir Historico IMCSR202003263BR
4/9/2020 6:01:53 PM - Insert with success IMCSR202003263BR
4/9/2020 6:02:28 PM - Inserir Historico IMCSR202003279BR
4/9/2020 6:02:29 PM - Insert with success IMCSR202003279BR
4/9/2020 6:03:01 PM - Inserir Historico IMCSR202003285BR
4/9/2020 6:03:02 PM - Insert with success IMCSR202003285BR
4/9/2020 6:03:35 PM - Inserir Historico IMCSR202003383BR
4/9/2020 6:03:37 PM - Insert with success IMCSR202003383BR
4/9/2020 6:04:14 PM - Inserir Historico IMCSR202003402BR
4/9/2020 6:04:14 PM - Insert with success IMCSR202003402BR
4/9/2020 6:04:48 PM - Inserir Historico IMCSR202003404BR
4/9/2020 6:04:50 PM - Insert with success IMCSR202003404BR
4/9/2020 6:05:26 PM - Inserir Historico IMCSR202003499BR
4/9/2020 6:05:27 PM - Insert with success IMCSR202003499BR
4/9/2020 6:06:03 PM - Inserir Historico IMCSR202003513BR
4/9/2020 6:06:03 PM - Insert with success IMCSR202003513BR
4/9/2020 6:06:39 PM - Inserir Historico IMCSR202003514BR
4/9/2020 6:06:40 PM - Insert with success IMCSR202003514BR
4/9/2020 6:07:15 PM - Inserir Historico IMCSR202003515BR
4/9/2020 6:07:16 PM - Insert with success IMCSR202003515BR
4/9/2020 6:07:49 PM - Inserir Historico IMCSR202004014BR
4/9/2020 6:07:50 PM - Insert with success IMCSR202004014BR
4/9/2020 6:08:23 PM - Inserir Historico IMCSR202004024BR
4/9/2020 6:08:24 PM - Insert with success IMCSR202004024BR
4/9/2020 6:08:59 PM - Inserir Historico IMSOL202001043BR
4/9/2020 6:09:00 PM - Insert with success IMSOL202001043BR
4/9/2020 6:09:38 PM - Inserir Historico IASWB201912012BR
4/9/2020 6:09:39 PM - Insert with success IASWB201912012BR
4/9/2020 6:10:35 PM - Inserir Historico IMSOL202001051BR
4/9/2020 6:10:37 PM - Insert with success IMSOL202001051BR
4/9/2020 6:11:20 PM - Inserir Historico IMUPM202003005BR
4/9/2020 6:11:21 PM - Insert with success IMUPM202003005BR
4/9/2020 6:13:02 PM - Inserir Historico IMIFB202001041BR
4/9/2020 6:13:04 PM - Insert with success IMIFB202001041BR
4/9/2020 6:13:48 PM - Inserir Historico IMOXT202001033BR
4/9/2020 6:13:50 PM - Insert with success IMOXT202001033BR
4/9/2020 6:14:25 PM - Inserir Historico IMIFB202001043BR
4/9/2020 6:14:26 PM - Insert with success IMIFB202001043BR
4/9/2020 6:15:00 PM - Inserir Historico IMIFB202001024BR
4/9/2020 6:15:02 PM - Insert with success IMIFB202001024BR
4/9/2020 6:15:36 PM - Inserir Historico IMSPC202004007BR
4/9/2020 6:15:37 PM - Insert with success IMSPC202004007BR
4/9/2020 6:16:34 PM - Inserir Historico IMSPC202004002BR
4/9/2020 6:16:35 PM - Insert with success IMSPC202004002BR
4/9/2020 6:17:07 PM - Inserir Historico IMSPC202004004BR
4/9/2020 6:17:08 PM - Insert with success IMSPC202004004BR
4/9/2020 6:17:36 PM - Inserir Historico IMOXT202003007BR
4/9/2020 6:17:38 PM - Insert with success IMOXT202003007BR
4/9/2020 6:18:08 PM - Inserir Historico IMSOL202002131BR
4/9/2020 6:18:09 PM - Insert with success IMSOL202002131BR
4/9/2020 6:18:36 PM - Inserir Historico IMSWB202004033BR
4/9/2020 6:18:37 PM - Insert with success IMSWB202004033BR
4/9/2020 6:19:07 PM - Inserir Historico EMOXT202002087BR
4/9/2020 6:19:08 PM - Insert with success EMOXT202002087BR
4/9/2020 6:19:32 PM - Inserir Historico EMCSR202003066BR
4/9/2020 6:19:33 PM - Insert with success EMCSR202003066BR
4/9/2020 6:20:08 PM - Inserir Historico IMIFB202001044BR
4/9/2020 6:20:10 PM - Insert with success IMIFB202001044BR
4/9/2020 6:20:41 PM - Inserir Historico IMCTV202003006BR
4/9/2020 6:20:42 PM - Insert with success IMCTV202003006BR
4/9/2020 6:21:09 PM - Inserir Historico IAATN202002003BR
4/9/2020 6:21:10 PM - Insert with success IAATN202002003BR
4/9/2020 6:21:38 PM - Inserir Historico IMTAM202003010BR
4/9/2020 6:21:39 PM - Insert with success IMTAM202003010BR
4/9/2020 6:22:08 PM - Inserir Historico IMCBT202003025BR
4/9/2020 6:22:09 PM - Insert with success IMCBT202003025BR
4/9/2020 6:22:43 PM - Inserir Historico IMCBT202003029BR
4/9/2020 6:22:45 PM - Insert with success IMCBT202003029BR
4/9/2020 6:23:10 PM - Inserir Historico IMCTV202002032BR
4/9/2020 6:23:11 PM - Insert with success IMCTV202002032BR
4/9/2020 6:23:36 PM - Inserir Historico IMCBT202003050BR
4/9/2020 6:23:36 PM - Insert with success IMCBT202003050BR
4/9/2020 6:24:02 PM - Inserir Historico IMCTV202002007BR
4/9/2020 6:24:03 PM - Insert with success IMCTV202002007BR
4/9/2020 6:24:29 PM - Inserir Historico IMCTV202003071BR
4/9/2020 6:24:29 PM - Insert with success IMCTV202003071BR
4/9/2020 6:24:55 PM - Inserir Historico IMMAU202002007BR
4/9/2020 6:24:56 PM - Insert with success IMMAU202002007BR
4/9/2020 6:25:23 PM - Inserir Historico IMCSR202003204BR
4/9/2020 6:25:25 PM - Insert with success IMCSR202003204BR
4/9/2020 6:25:51 PM - Inserir Historico IMCSR202003205BR
4/9/2020 6:25:52 PM - Insert with success IMCSR202003205BR
4/9/2020 6:26:18 PM - Inserir Historico IMCSR202003216BR
4/9/2020 6:26:19 PM - Insert with success IMCSR202003216BR
4/9/2020 6:26:44 PM - Inserir Historico IMIFB202001040BR
4/9/2020 6:26:45 PM - Insert with success IMIFB202001040BR
4/9/2020 6:27:13 PM - Inserir Historico IMCSR202003278BR
4/9/2020 6:27:14 PM - Insert with success IMCSR202003278BR
4/9/2020 6:27:37 PM - Inserir Historico EMCTV202003004BR
4/9/2020 6:27:38 PM - Insert with success EMCTV202003004BR
4/9/2020 6:28:03 PM - Inserir Historico IMMAU202002014BR
4/9/2020 6:28:03 PM - Insert with success IMMAU202002014BR
4/9/2020 6:28:40 PM - Inserir Historico EMCTV202003003BR
4/9/2020 6:28:41 PM - Insert with success EMCTV202003003BR
4/9/2020 6:29:05 PM - Inserir Historico IMCTV202002048BR
4/9/2020 6:29:06 PM - Insert with success IMCTV202002048BR
4/9/2020 6:29:33 PM - Inserir Historico IMCTV202003001BR
4/9/2020 6:29:34 PM - Insert with success IMCTV202003001BR
4/9/2020 6:29:54 PM - Inserir Historico IAATL202004014BR
4/9/2020 6:29:58 PM - Insert with success IAATL202004014BR
4/9/2020 6:30:27 PM - Inserir Historico IMEAS202004003BR
4/9/2020 6:30:28 PM - Insert with success IMEAS202004003BR
4/9/2020 6:30:58 PM - Inserir Historico IMEAS202004004BR
4/9/2020 6:30:58 PM - Insert with success IMEAS202004004BR
4/9/2020 6:31:29 PM - Inserir Historico IMMAU202003002BR
4/9/2020 6:31:30 PM - Insert with success IMMAU202003002BR
4/9/2020 6:31:59 PM - Inserir Historico IMCTV202003060BR
4/9/2020 6:32:00 PM - Insert with success IMCTV202003060BR
4/9/2020 6:32:29 PM - Inserir Historico IMIFB202001053BR
4/9/2020 6:32:30 PM - Insert with success IMIFB202001053BR
4/9/2020 6:32:57 PM - Inserir Historico IMSWB202004003BR
4/9/2020 6:32:58 PM - Insert with success IMSWB202004003BR
4/9/2020 6:33:43 PM - Inserir Historico IMMAU202003006BR
4/9/2020 6:33:44 PM - Insert with success IMMAU202003006BR
4/9/2020 6:34:18 PM - Inserir Historico IMIFB202001038BR
4/9/2020 6:34:19 PM - Insert with success IMIFB202001038BR
4/9/2020 6:34:49 PM - Inserir Historico IMSOL202002002BR
4/9/2020 6:34:51 PM - Insert with success IMSOL202002002BR
4/9/2020 6:35:22 PM - Inserir Historico IMSOL202002126BR
4/9/2020 6:35:23 PM - Insert with success IMSOL202002126BR
4/9/2020 6:35:51 PM - Inserir Historico IMSOL202002129BR
4/9/2020 6:35:51 PM - Insert with success IMSOL202002129BR
4/9/2020 6:36:23 PM - Inserir Historico IMIFB202001054BR
4/9/2020 6:36:24 PM - Insert with success IMIFB202001054BR
4/9/2020 6:36:52 PM - Inserir Historico IMSPC202003049BR
4/9/2020 6:36:53 PM - Insert with success IMSPC202003049BR
4/9/2020 6:37:19 PM - Inserir Historico IMSPC202003066BR
4/9/2020 6:37:20 PM - Insert with success IMSPC202003066BR
4/9/2020 6:37:58 PM - Inserir Historico IMSPC202004003BR
4/9/2020 6:37:59 PM - Insert with success IMSPC202004003BR
4/9/2020 6:38:28 PM - Inserir Historico IMSWB201912113BR
4/9/2020 6:38:29 PM - Insert with success IMSWB201912113BR
4/9/2020 6:38:57 PM - Inserir Historico IMSWB202001015BR
4/9/2020 6:38:58 PM - Insert with success IMSWB202001015BR
4/9/2020 6:39:26 PM - Inserir Historico IMSWB202001027BR
4/9/2020 6:39:28 PM - Insert with success IMSWB202001027BR
4/9/2020 6:39:55 PM - Inserir Historico IMIFB202001042BR
4/9/2020 6:39:56 PM - Insert with success IMIFB202001042BR
4/9/2020 6:40:20 PM - Inserir Historico EMOXT202004029BR
4/9/2020 6:40:21 PM - Insert with success EMOXT202004029BR
4/9/2020 6:40:50 PM - Inserir Historico IMSWB202002013BR
4/9/2020 6:40:51 PM - Insert with success IMSWB202002013BR
4/9/2020 6:41:20 PM - Inserir Historico IMSWB202002020BR
4/9/2020 6:41:22 PM - Insert with success IMSWB202002020BR
4/9/2020 6:41:35 PM - Inserir Historico IAATL202003045BR
4/9/2020 6:41:36 PM - Insert with success IAATL202003045BR
4/9/2020 6:42:06 PM - Inserir Historico IMSWB202002044BR
4/9/2020 6:42:07 PM - Insert with success IMSWB202002044BR
4/9/2020 6:42:35 PM - Inserir Historico IMSWB202002045BR
4/9/2020 6:42:36 PM - Insert with success IMSWB202002045BR
4/9/2020 6:43:04 PM - Inserir Historico IMSWB202002046BR
4/9/2020 6:43:05 PM - Insert with success IMSWB202002046BR
4/9/2020 6:43:27 PM - Inserir Historico IMSWB202004034BR
4/9/2020 6:43:29 PM - Insert with success IMSWB202004034BR
4/9/2020 6:43:55 PM - Inserir Historico IMSWB202002087BR
4/9/2020 6:43:56 PM - Insert with success IMSWB202002087BR
4/9/2020 6:44:24 PM - Inserir Historico IMIFB202001056BR
4/9/2020 6:44:25 PM - Insert with success IMIFB202001056BR
4/9/2020 6:44:52 PM - Inserir Historico IMCTV202002072BR
4/9/2020 6:44:53 PM - Insert with success IMCTV202002072BR
4/9/2020 6:45:08 PM - Inserir Historico IAATL202003046BR
4/9/2020 6:45:09 PM - Insert with success IAATL202003046BR
4/9/2020 6:45:34 PM - Inserir Historico IMCSR202004123BR
4/9/2020 6:45:35 PM - Insert with success IMCSR202004123BR
4/9/2020 6:46:02 PM - Inserir Historico EMOXT202003150BR
4/9/2020 6:46:02 PM - Insert with success EMOXT202003150BR
4/9/2020 6:46:26 PM - Inserir Historico IMCTV202003064BR
4/9/2020 6:46:27 PM - Insert with success IMCTV202003064BR
4/9/2020 6:47:07 PM - Inserir Historico EMCBT202004001BR
4/9/2020 6:47:08 PM - Insert with success EMCBT202004001BR
4/9/2020 6:47:30 PM - Inserir Historico IMSOL202004068BR
4/9/2020 6:47:31 PM - Insert with success IMSOL202004068BR
4/9/2020 6:47:54 PM - Inserir Historico EMOXT202004037BR
4/9/2020 6:47:55 PM - Insert with success EMOXT202004037BR
4/9/2020 6:48:22 PM - Inserir Historico EMOXT202002061BR
4/9/2020 6:48:22 PM - Insert with success EMOXT202002061BR
4/9/2020 6:48:46 PM - Inserir Historico EMSOL202004001BR
4/9/2020 6:48:48 PM - Insert with success EMSOL202004001BR
4/9/2020 6:49:23 PM - Inserir Historico EMOXT202003022BR
4/9/2020 6:49:24 PM - Insert with success EMOXT202003022BR
4/9/2020 6:50:04 PM - Inserir Historico EMOXT202004022BR
4/9/2020 6:50:05 PM - Insert with success EMOXT202004022BR
4/9/2020 6:50:33 PM - Inserir Historico IACSR202002006BR
4/9/2020 6:50:35 PM - Insert with success IACSR202002006BR
4/9/2020 6:51:03 PM - Inserir Historico IMLYB202004002BR
4/9/2020 6:51:04 PM - Insert with success IMLYB202004002BR
4/9/2020 6:51:35 PM - Inserir Historico IMIFB202001069BR
4/9/2020 6:51:36 PM - Insert with success IMIFB202001069BR
4/9/2020 6:52:09 PM - Inserir Historico IMCSR202001041BR
4/9/2020 6:52:10 PM - Insert with success IMCSR202001041BR
4/9/2020 6:52:38 PM - Inserir Historico IMOXT201808044BR
4/9/2020 6:52:39 PM - Insert with success IMOXT201808044BR
4/9/2020 6:53:10 PM - Inserir Historico IAOXT201909004BR
4/9/2020 6:53:11 PM - Insert with success IAOXT201909004BR
4/9/2020 6:54:06 PM - Inserir Historico IMOXT201912022BR
4/9/2020 6:54:07 PM - Insert with success IMOXT201912022BR
4/9/2020 6:54:40 PM - Inserir Historico IMOXT202001035BR
4/9/2020 6:54:41 PM - Insert with success IMOXT202001035BR
4/9/2020 6:55:13 PM - Inserir Historico IMOXT202001030BR
4/9/2020 6:55:14 PM - Insert with success IMOXT202001030BR
4/9/2020 6:55:44 PM - Inserir Historico IMOXT201910028BR
4/9/2020 6:55:45 PM - Insert with success IMOXT201910028BR
4/9/2020 6:56:26 PM - Inserir Historico IMOXT202002013BR
4/9/2020 6:56:27 PM - Insert with success IMOXT202002013BR
4/9/2020 6:56:59 PM - Inserir Historico IMOXT201911029BR
4/9/2020 6:56:59 PM - Insert with success IMOXT201911029BR
4/9/2020 6:57:28 PM - Inserir Historico IMOXT202002031BR
4/9/2020 6:57:29 PM - Insert with success IMOXT202002031BR
4/9/2020 6:58:03 PM - Inserir Historico IMOXT201912020BR
4/9/2020 6:58:04 PM - Insert with success IMOXT201912020BR
4/9/2020 6:58:34 PM - Inserir Historico IMOXT202002051BR
4/9/2020 6:58:35 PM - Insert with success IMOXT202002051BR
4/9/2020 6:59:02 PM - Inserir Historico IAOXT201912003BR
4/9/2020 6:59:03 PM - Insert with success IAOXT201912003BR
4/9/2020 6:59:34 PM - Inserir Historico IMOXT201804007BR
4/9/2020 6:59:35 PM - Insert with success IMOXT201804007BR
4/9/2020 7:00:37 PM - Inserir Historico IMOXT201910013BR
4/9/2020 7:00:39 PM - Insert with success IMOXT201910013BR
4/9/2020 7:01:21 PM - Inserir Historico IMOXT201912055BR
4/9/2020 7:01:23 PM - Insert with success IMOXT201912055BR
4/9/2020 7:01:52 PM - Inserir Historico IAOXT202002005BR
4/9/2020 7:01:53 PM - Insert with success IAOXT202002005BR
4/9/2020 7:02:20 PM - Inserir Historico IMSPC202003035BR
4/9/2020 7:02:21 PM - Insert with success IMSPC202003035BR
4/9/2020 7:02:48 PM - Inserir Historico IAOXT201911001BR
4/9/2020 7:02:48 PM - Insert with success IAOXT201911001BR
4/9/2020 7:03:23 PM - Inserir Historico IMOXT201912051BR
4/9/2020 7:03:25 PM - Insert with success IMOXT201912051BR
4/9/2020 7:03:55 PM - Inserir Historico IMOXT202001031BR
4/9/2020 7:03:56 PM - Insert with success IMOXT202001031BR
4/9/2020 7:04:26 PM - Inserir Historico IMOXT202003015BR
4/9/2020 7:04:27 PM - Insert with success IMOXT202003015BR
4/9/2020 7:04:55 PM - Inserir Historico IAOXT202001002BR
4/9/2020 7:04:57 PM - Insert with success IAOXT202001002BR
4/9/2020 7:05:32 PM - Inserir Historico IMOXT202002048BR
4/9/2020 7:05:33 PM - Insert with success IMOXT202002048BR
4/9/2020 7:06:01 PM - Inserir Historico IMOXT202002016BR
4/9/2020 7:06:01 PM - Insert with success IMOXT202002016BR
4/9/2020 7:06:31 PM - Inserir Historico IMOXT202002001BR
4/9/2020 7:06:32 PM - Insert with success IMOXT202002001BR
4/9/2020 7:07:15 PM - Inserir Historico IMSWB202002103BR
4/9/2020 7:07:15 PM - Insert with success IMSWB202002103BR
4/9/2020 7:07:43 PM - Inserir Historico IMOXT201810001BR
4/9/2020 7:07:44 PM - Insert with success IMOXT201810001BR
4/9/2020 7:08:11 PM - Inserir Historico IMIFB202001001BR
4/9/2020 7:08:12 PM - Insert with success IMIFB202001001BR
4/9/2020 7:08:38 PM - Inserir Historico IMOXT202002021BR
4/9/2020 7:08:39 PM - Insert with success IMOXT202002021BR
4/9/2020 7:09:09 PM - Inserir Historico IMOXT202001051BR
4/9/2020 7:09:10 PM - Insert with success IMOXT202001051BR
4/9/2020 7:09:59 PM - Inserir Historico IOOXT202003020BR
4/9/2020 7:10:00 PM - Insert with success IOOXT202003020BR
4/9/2020 7:10:34 PM - Inserir Historico IMOXT202001021BR
4/9/2020 7:10:35 PM - Insert with success IMOXT202001021BR
4/9/2020 7:11:03 PM - Inserir Historico IACTV202003003BR
4/9/2020 7:11:05 PM - Insert with success IACTV202003003BR
4/9/2020 7:11:48 PM - Inserir Historico IMOXT201912023BR
4/9/2020 7:11:49 PM - Insert with success IMOXT201912023BR
4/9/2020 7:12:19 PM - Inserir Historico IMOXT201910020BR
4/9/2020 7:12:20 PM - Insert with success IMOXT201910020BR
4/9/2020 7:12:55 PM - Inserir Historico IMOXT201910035BR
4/9/2020 7:12:56 PM - Insert with success IMOXT201910035BR
4/9/2020 7:13:21 PM - Inserir Historico IAOXT201907010BR
4/9/2020 7:13:22 PM - Insert with success IAOXT201907010BR
4/9/2020 7:14:12 PM - Inserir Historico IMATN202003005BR
4/9/2020 7:14:14 PM - Insert with success IMATN202003005BR
4/9/2020 7:14:42 PM - Inserir Historico IMATN202003008BR
4/9/2020 7:14:43 PM - Insert with success IMATN202003008BR
4/9/2020 7:15:15 PM - Inserir Historico IOOXT202003012BR
4/9/2020 7:15:17 PM - Insert with success IOOXT202003012BR
4/9/2020 7:15:46 PM - Inserir Historico IMOXT201806001BR
4/9/2020 7:15:47 PM - Insert with success IMOXT201806001BR
4/9/2020 7:16:14 PM - Inserir Historico IOOXT202003013BR
4/9/2020 7:16:15 PM - Insert with success IOOXT202003013BR
4/9/2020 7:16:46 PM - Inserir Historico IMOXT201912001BR
4/9/2020 7:16:46 PM - Insert with success IMOXT201912001BR
4/9/2020 7:17:27 PM - Inserir Historico IMOXT201911005BR
4/9/2020 7:17:28 PM - Insert with success IMOXT201911005BR
4/9/2020 7:17:55 PM - Inserir Historico IOOXT202003003BR
4/9/2020 7:17:56 PM - Insert with success IOOXT202003003BR
4/9/2020 7:18:22 PM - Inserir Historico IOOXT202003001BR
4/9/2020 7:18:23 PM - Insert with success IOOXT202003001BR
4/9/2020 7:19:02 PM - Inserir Historico IMOXT201912036BR
4/9/2020 7:19:04 PM - Insert with success IMOXT201912036BR
4/9/2020 7:19:56 PM - Inserir Historico IMOXT202001001BR
4/9/2020 7:19:57 PM - Insert with success IMOXT202001001BR
4/9/2020 7:20:31 PM - Inserir Historico IMOXT202001016BR
4/9/2020 7:20:33 PM - Insert with success IMOXT202001016BR
4/9/2020 7:21:04 PM - Inserir Historico IAOXT202002004BR
4/9/2020 7:21:05 PM - Insert with success IAOXT202002004BR
4/9/2020 7:21:33 PM - Inserir Historico IMOXT201909053BR
4/9/2020 7:21:35 PM - Insert with success IMOXT201909053BR
4/9/2020 7:22:13 PM - Inserir Historico IMOXT201907001BR
4/9/2020 7:22:13 PM - Insert with success IMOXT201907001BR
4/9/2020 7:22:44 PM - Inserir Historico IMOXT202002023BR
4/9/2020 7:22:46 PM - Insert with success IMOXT202002023BR
4/9/2020 7:23:19 PM - Inserir Historico IMOXT201912057BR
4/9/2020 7:23:21 PM - Insert with success IMOXT201912057BR
4/9/2020 7:23:48 PM - Inserir Historico IOOXT202001015BR
4/9/2020 7:23:48 PM - Insert with success IOOXT202001015BR
4/9/2020 7:24:14 PM - Inserir Historico IOOXT202003018BR
4/9/2020 7:24:15 PM - Insert with success IOOXT202003018BR
4/9/2020 7:24:44 PM - Inserir Historico IOOXT202003010BR
4/9/2020 7:24:46 PM - Insert with success IOOXT202003010BR
4/9/2020 7:25:18 PM - Inserir Historico IMCSR202003175BR
4/9/2020 7:25:19 PM - Insert with success IMCSR202003175BR
4/9/2020 7:25:51 PM - Inserir Historico IAOXT202001004BR
4/9/2020 7:25:52 PM - Insert with success IAOXT202001004BR
4/9/2020 7:26:30 PM - Inserir Historico IMOXT201912049BR
4/9/2020 7:26:31 PM - Insert with success IMOXT201912049BR
4/9/2020 7:27:00 PM - Inserir Historico IAOXT201911014BR
4/9/2020 7:27:01 PM - Insert with success IAOXT201911014BR
4/9/2020 7:27:30 PM - Inserir Historico IMSPC202002039BR
4/9/2020 7:27:31 PM - Insert with success IMSPC202002039BR
4/9/2020 7:28:01 PM - Inserir Historico IMIFB202001077BR
4/9/2020 7:28:02 PM - Insert with success IMIFB202001077BR
4/9/2020 7:28:30 PM - Inserir Historico IAOXT201912002BR
4/9/2020 7:28:31 PM - Insert with success IAOXT201912002BR
4/9/2020 7:29:06 PM - Inserir Historico IMOXT202001022BR
4/9/2020 7:29:08 PM - Insert with success IMOXT202001022BR
4/9/2020 7:29:39 PM - Inserir Historico IMCSR202003207BR
4/9/2020 7:29:40 PM - Insert with success IMCSR202003207BR
4/9/2020 7:30:12 PM - Inserir Historico IMSOL202004034BR
4/9/2020 7:30:14 PM - Insert with success IMSOL202004034BR
4/9/2020 7:30:49 PM - Inserir Historico IMOXT201911031BR
4/9/2020 7:30:50 PM - Insert with success IMOXT201911031BR
4/9/2020 7:31:28 PM - Inserir Historico IOOXT202001012BR
4/9/2020 7:31:29 PM - Insert with success IOOXT202001012BR
4/9/2020 7:31:59 PM - Inserir Historico IOOXT202003015BR
4/9/2020 7:32:00 PM - Insert with success IOOXT202003015BR
4/9/2020 7:32:19 PM - Inserir Historico IMOXT202001020BR
4/9/2020 7:32:20 PM - Insert with success IMOXT202001020BR
4/9/2020 7:32:52 PM - Inserir Historico IMCSR202003267BR
4/9/2020 7:32:54 PM - Insert with success IMCSR202003267BR
4/9/2020 7:33:24 PM - Inserir Historico IMOXT202001014BR
4/9/2020 7:33:25 PM - Insert with success IMOXT202001014BR
4/9/2020 7:33:57 PM - Inserir Historico IMOXT202001050BR
4/9/2020 7:33:58 PM - Insert with success IMOXT202001050BR
4/9/2020 7:34:37 PM - Inserir Historico IMOXT201912017BR
4/9/2020 7:34:39 PM - Insert with success IMOXT201912017BR
4/9/2020 7:35:12 PM - Inserir Historico IMOXT202001025BR
4/9/2020 7:35:13 PM - Insert with success IMOXT202001025BR
4/9/2020 7:35:58 PM - Inserir Historico IMOXT201911022BR
4/9/2020 7:35:59 PM - Insert with success IMOXT201911022BR
4/9/2020 7:36:32 PM - Inserir Historico IMOXT201907047BR
4/9/2020 7:36:33 PM - Insert with success IMOXT201907047BR
4/9/2020 7:37:05 PM - Inserir Historico IMOXT201912035BR
4/9/2020 7:37:06 PM - Insert with success IMOXT201912035BR
4/9/2020 7:37:40 PM - Inserir Historico IMOXT202001057BR
4/9/2020 7:37:41 PM - Insert with success IMOXT202001057BR
4/9/2020 7:38:11 PM - Inserir Historico IOOXT202003006BR
4/9/2020 7:38:12 PM - Insert with success IOOXT202003006BR
4/9/2020 7:38:45 PM - Inserir Historico IOOXT202001026BR
4/9/2020 7:38:45 PM - Insert with success IOOXT202001026BR
4/9/2020 7:39:15 PM - Inserir Historico IOOXT202003005BR
4/9/2020 7:39:16 PM - Insert with success IOOXT202003005BR
4/9/2020 7:39:51 PM - Inserir Historico IMOXT202001053BR
4/9/2020 7:39:52 PM - Insert with success IMOXT202001053BR
4/9/2020 7:40:33 PM - Inserir Historico IOOXT202001014BR
4/9/2020 7:40:33 PM - Insert with success IOOXT202001014BR
4/9/2020 7:41:09 PM - Inserir Historico IOOXT202003004BR
4/9/2020 7:41:10 PM - Insert with success IOOXT202003004BR
4/9/2020 7:41:40 PM - Inserir Historico IMOXT202001019BR
4/9/2020 7:41:40 PM - Insert with success IMOXT202001019BR
4/9/2020 7:42:18 PM - Inserir Historico IMOXT201912033BR
4/9/2020 7:42:18 PM - Insert with success IMOXT201912033BR
4/9/2020 7:42:56 PM - Inserir Historico IAOXT201911015BR
4/9/2020 7:42:57 PM - Insert with success IAOXT201911015BR
4/9/2020 7:43:32 PM - Inserir Historico IMOXT202001015BR
4/9/2020 7:43:34 PM - Insert with success IMOXT202001015BR
4/9/2020 7:44:06 PM - Inserir Historico IOOXT202003009BR
4/9/2020 7:44:07 PM - Insert with success IOOXT202003009BR
4/9/2020 7:44:31 PM - Inserir Historico IAAPB202004005BR
4/9/2020 7:44:32 PM - Insert with success IAAPB202004005BR
4/9/2020 7:44:54 PM - Inserir Historico IAATL202004003BR
4/9/2020 7:44:54 PM - Insert with success IAATL202004003BR
4/9/2020 7:45:15 PM - Inserir Historico IAATL202004011BR
4/9/2020 7:45:15 PM - Insert with success IAATL202004011BR
4/9/2020 7:45:45 PM - Inserir Historico IAMTE202004004BR
4/9/2020 7:45:46 PM - Insert with success IAMTE202004004BR
4/9/2020 7:46:10 PM - Inserir Historico IAMTE202004005BR
4/9/2020 7:46:10 PM - Insert with success IAMTE202004005BR
4/9/2020 7:46:34 PM - Inserir Historico IAMTE202004010BR
4/9/2020 7:46:35 PM - Insert with success IAMTE202004010BR
4/9/2020 7:46:57 PM - Inserir Historico IAMTE202004007BR
4/9/2020 7:46:58 PM - Insert with success IAMTE202004007BR
4/9/2020 7:47:21 PM - Inserir Historico IAMTE202004008BR
4/9/2020 7:47:23 PM - Insert with success IAMTE202004008BR
4/9/2020 7:47:46 PM - Inserir Historico IAMTE202004003BR
4/9/2020 7:47:46 PM - Insert with success IAMTE202004003BR
4/9/2020 7:48:08 PM - Inserir Historico IAMTE202004006BR
4/9/2020 7:48:08 PM - Insert with success IAMTE202004006BR
4/9/2020 7:48:28 PM - Inserir Historico IAMTE202004009BR
4/9/2020 7:48:29 PM - Insert with success IAMTE202004009BR
4/9/2020 7:48:59 PM - Inserir Historico IMSPC201910029BR
4/9/2020 7:49:01 PM - Insert with success IMSPC201910029BR
4/9/2020 7:49:38 PM - Inserir Historico IMIFB202002025BR
4/9/2020 7:49:39 PM - Insert with success IMIFB202002025BR
4/9/2020 7:50:19 PM - Inserir Historico IMIFB202002031BR
4/9/2020 7:50:20 PM - Insert with success IMIFB202002031BR
4/9/2020 7:51:32 PM - Inserir Historico IMLYB202003001BR
4/9/2020 7:51:33 PM - Insert with success IMLYB202003001BR
4/9/2020 7:52:02 PM - Inserir Historico IMMAU202003008BR
4/9/2020 7:52:03 PM - Insert with success IMMAU202003008BR
4/9/2020 7:52:31 PM - Inserir Historico IMOCV202001007BR
4/9/2020 7:52:32 PM - Insert with success IMOCV202001007BR
4/9/2020 7:53:07 PM - Inserir Historico IMIFB202001052BR
4/9/2020 7:53:08 PM - Insert with success IMIFB202001052BR
4/9/2020 7:53:31 PM - Inserir Historico EMCSR202003130BR
4/9/2020 7:53:32 PM - Insert with success EMCSR202003130BR
4/9/2020 7:53:53 PM - Inserir Historico EMCSR202003131BR
4/9/2020 7:53:55 PM - Insert with success EMCSR202003131BR
4/9/2020 7:54:30 PM - Inserir Historico IMSPC202003023BR
4/9/2020 7:54:31 PM - Insert with success IMSPC202003023BR
4/9/2020 7:55:00 PM - Inserir Historico IMSWB202001014BR
4/9/2020 7:55:02 PM - Insert with success IMSWB202001014BR
4/9/2020 7:55:29 PM - Inserir Historico IMSWB202001110BR
4/9/2020 7:55:30 PM - Insert with success IMSWB202001110BR
4/9/2020 7:55:58 PM - Inserir Historico IMSPC201906001BR
4/9/2020 7:56:00 PM - Insert with success IMSPC201906001BR
4/9/2020 7:56:27 PM - Inserir Historico IMSWB202002014BR
4/9/2020 7:56:28 PM - Insert with success IMSWB202002014BR
4/9/2020 7:56:55 PM - Inserir Historico EMOXT202004016BR
4/9/2020 7:56:55 PM - Insert with success EMOXT202004016BR
4/9/2020 7:57:22 PM - Inserir Historico IMSWB202002074BR
4/9/2020 7:57:23 PM - Insert with success IMSWB202002074BR
4/9/2020 7:57:49 PM - Inserir Historico IMLYB202004003BR
4/9/2020 7:57:50 PM - Insert with success IMLYB202004003BR
4/9/2020 7:58:16 PM - Inserir Historico IMCSR202002295BR
4/9/2020 7:58:16 PM - Insert with success IMCSR202002295BR
4/9/2020 7:58:44 PM - Inserir Historico IMSOL202004044BR
4/9/2020 7:58:45 PM - Insert with success IMSOL202004044BR
4/9/2020 7:59:14 PM - Inserir Historico IMCSR202002288BR
4/9/2020 7:59:15 PM - Insert with success IMCSR202002288BR
4/9/2020 7:59:40 PM - Inserir Historico EMOXT202004042BR
4/9/2020 7:59:41 PM - Insert with success EMOXT202004042BR
4/9/2020 8:00:36 PM - Inserir Historico IACSR202001003BR
4/9/2020 8:00:37 PM - Insert with success IACSR202001003BR
4/9/2020 8:00:59 PM - Inserir Historico EMARC202004010BR
4/9/2020 8:00:59 PM - Insert with success EMARC202004010BR
4/9/2020 8:01:32 PM - Inserir Historico EMOXT202004015BR
4/9/2020 8:01:33 PM - Insert with success EMOXT202004015BR
4/9/2020 8:02:07 PM - Inserir Historico IMCTV201911006BR
4/9/2020 8:02:08 PM - Insert with success IMCTV201911006BR
4/9/2020 8:02:38 PM - Inserir Historico IMCBT202003049BR
4/9/2020 8:02:39 PM - Insert with success IMCBT202003049BR
4/9/2020 8:03:16 PM - Inserir Historico EMOXT202003197BR
4/9/2020 8:03:18 PM - Insert with success EMOXT202003197BR
4/9/2020 8:03:51 PM - Inserir Historico IMCBT202003034BR
4/9/2020 8:03:53 PM - Insert with success IMCBT202003034BR
4/9/2020 8:04:30 PM - Inserir Historico IASWB202003009BR
4/9/2020 8:04:32 PM - Insert with success IASWB202003009BR
4/9/2020 8:05:01 PM - Inserir Historico IMEXO202003010BR
4/9/2020 8:05:02 PM - Insert with success IMEXO202003010BR
4/9/2020 8:05:35 PM - Inserir Historico IMLYB202004004BR
4/9/2020 8:05:37 PM - Insert with success IMLYB202004004BR
4/9/2020 8:06:15 PM - Inserir Historico EMOXT202004024BR
4/9/2020 8:06:17 PM - Insert with success EMOXT202004024BR
4/9/2020 8:06:46 PM - Inserir Historico IMCTV202001023BR
4/9/2020 8:06:47 PM - Insert with success IMCTV202001023BR
4/9/2020 8:07:25 PM - Inserir Historico EMOXT202004070BR
4/9/2020 8:07:27 PM - Insert with success EMOXT202004070BR
4/9/2020 8:08:05 PM - Inserir Historico IMLYB202004005BR
4/9/2020 8:08:07 PM - Insert with success IMLYB202004005BR
4/9/2020 8:08:44 PM - Inserir Historico EMOXT202004021BR
4/9/2020 8:08:46 PM - Insert with success EMOXT202004021BR
4/9/2020 8:09:26 PM - Inserir Historico IACSR202001023BR
4/9/2020 8:09:29 PM - Insert with success IACSR202001023BR
4/9/2020 8:10:02 PM - Inserir Historico IMCSR202003065BR
4/9/2020 8:10:04 PM - Insert with success IMCSR202003065BR
4/9/2020 8:11:11 PM - Inserir Historico EMOXT202004020BR
4/9/2020 8:11:13 PM - Insert with success EMOXT202004020BR
4/9/2020 8:11:41 PM - Inserir Historico IAATN202002009BR
4/9/2020 8:11:43 PM - Insert with success IAATN202002009BR
4/9/2020 8:12:19 PM - Inserir Historico IACBT202003006BR
4/9/2020 8:12:20 PM - Insert with success IACBT202003006BR
4/9/2020 8:12:48 PM - Inserir Historico IACLA202003001BR
4/9/2020 8:12:50 PM - Insert with success IACLA202003001BR
4/9/2020 8:13:23 PM - Inserir Historico IACSR202004001BR
4/9/2020 8:13:24 PM - Insert with success IACSR202004001BR
4/9/2020 8:13:59 PM - Inserir Historico IACSR202004002BR
4/9/2020 8:14:01 PM - Insert with success IACSR202004002BR
4/9/2020 8:14:47 PM - Inserir Historico IASWB202003019BR
4/9/2020 8:14:49 PM - Insert with success IASWB202003019BR
4/9/2020 8:15:40 PM - Inserir Historico IMATN202003001BR
4/9/2020 8:15:42 PM - Insert with success IMATN202003001BR
4/9/2020 8:16:23 PM - Inserir Historico IMCBT202001002BR
4/9/2020 8:16:25 PM - Insert with success IMCBT202001002BR
4/9/2020 8:17:07 PM - Inserir Historico IMCBT202003002BR
4/9/2020 8:17:08 PM - Insert with success IMCBT202003002BR
4/9/2020 8:17:43 PM - Inserir Historico IMCBT202003024BR
4/9/2020 8:17:45 PM - Insert with success IMCBT202003024BR
4/9/2020 8:18:17 PM - Inserir Historico IMCBT202003027BR
4/9/2020 8:18:18 PM - Insert with success IMCBT202003027BR
4/9/2020 8:18:51 PM - Inserir Historico IMCSR201912071BR
4/9/2020 8:18:52 PM - Insert with success IMCSR201912071BR
4/9/2020 8:19:25 PM - Inserir Historico IMCSR202001038BR
4/9/2020 8:19:57 PM - Insert with success IMCSR202001038BR
4/9/2020 8:20:42 PM - Inserir Historico IMCSR202002214BR
4/9/2020 8:20:43 PM - Insert with success IMCSR202002214BR
4/9/2020 8:21:20 PM - Inserir Historico EMOXT201912135BR
4/9/2020 8:21:22 PM - Insert with success EMOXT201912135BR
4/9/2020 8:21:56 PM - Inserir Historico EMOXT202001247BR
4/9/2020 8:21:57 PM - Insert with success EMOXT202001247BR
4/9/2020 8:22:33 PM - Inserir Historico EMOXT202002066BR
4/9/2020 8:22:35 PM - Insert with success EMOXT202002066BR
4/9/2020 8:23:22 PM - Inserir Historico EMOXT202003121BR
4/9/2020 8:23:23 PM - Insert with success EMOXT202003121BR
4/9/2020 8:24:01 PM - Inserir Historico EMOXT202003154BR
4/9/2020 8:24:03 PM - Insert with success EMOXT202003154BR
4/9/2020 8:24:34 PM - Inserir Historico IMCSR202002316BR
4/9/2020 8:24:35 PM - Insert with success IMCSR202002316BR
4/9/2020 8:25:13 PM - Inserir Historico IMCSR202003177BR
4/9/2020 8:25:15 PM - Insert with success IMCSR202003177BR
4/9/2020 8:25:45 PM - Inserir Historico IMCSR202003202BR
4/9/2020 8:25:47 PM - Insert with success IMCSR202003202BR
4/9/2020 8:26:24 PM - Inserir Historico IMCSR202003221BR
4/9/2020 8:26:25 PM - Insert with success IMCSR202003221BR
4/9/2020 8:26:57 PM - Inserir Historico IMCSR202003368BR
4/9/2020 8:26:57 PM - Insert with success IMCSR202003368BR
4/9/2020 8:27:27 PM - Inserir Historico IMCSR202003370BR
4/9/2020 8:27:28 PM - Insert with success IMCSR202003370BR
4/9/2020 8:27:57 PM - Inserir Historico IMCSR202003371BR
4/9/2020 8:27:58 PM - Insert with success IMCSR202003371BR
4/9/2020 8:28:29 PM - Inserir Historico IMCSR202003372BR
4/9/2020 8:28:30 PM - Insert with success IMCSR202003372BR
4/9/2020 8:28:59 PM - Inserir Historico IMCSR202003373BR
4/9/2020 8:29:00 PM - Insert with success IMCSR202003373BR
4/9/2020 8:29:31 PM - Inserir Historico IMLYB202004006BR
4/9/2020 8:29:33 PM - Insert with success IMLYB202004006BR
4/9/2020 8:30:12 PM - Inserir Historico IMCSR202003374BR
4/9/2020 8:30:19 PM - Insert with success IMCSR202003374BR
4/9/2020 8:30:58 PM - Inserir Historico IMCSR202003378BR
4/9/2020 8:31:01 PM - Insert with success IMCSR202003378BR
4/9/2020 8:31:35 PM - Inserir Historico IMCSR202003379BR
4/9/2020 8:31:37 PM - Insert with success IMCSR202003379BR
4/9/2020 8:32:38 PM - Inserir Historico IMCSR202003430BR
4/9/2020 8:32:41 PM - Insert with success IMCSR202003430BR
4/9/2020 8:33:24 PM - Inserir Historico IMCSR202003463BR
4/9/2020 8:33:26 PM - Insert with success IMCSR202003463BR
4/9/2020 8:33:58 PM - Inserir Historico IMCTV201912071BR
4/9/2020 8:33:59 PM - Insert with success IMCTV201912071BR
4/9/2020 8:34:32 PM - Inserir Historico IMCTV201912074BR
4/9/2020 8:34:33 PM - Insert with success IMCTV201912074BR
4/9/2020 8:35:08 PM - Inserir Historico IMCTV201912076BR
4/9/2020 8:35:13 PM - Insert with success IMCTV201912076BR
4/9/2020 8:35:46 PM - Inserir Historico IMCTV201912077BR
4/9/2020 8:35:48 PM - Insert with success IMCTV201912077BR
4/9/2020 8:36:20 PM - Inserir Historico IMCTV201912078BR
4/9/2020 8:36:22 PM - Insert with success IMCTV201912078BR
4/9/2020 8:37:05 PM - Inserir Historico IMEAS202003015BR
4/9/2020 8:37:06 PM - Insert with success IMEAS202003015BR
4/9/2020 8:37:33 PM - Inserir Historico EMOXT202004072BR
4/9/2020 8:37:35 PM - Insert with success EMOXT202004072BR
4/9/2020 8:38:02 PM - Inserir Historico IMSLA202003015BR
4/9/2020 8:38:03 PM - Insert with success IMSLA202003015BR
4/9/2020 8:38:30 PM - Inserir Historico IMSOL202002124BR
4/9/2020 8:38:31 PM - Insert with success IMSOL202002124BR
4/9/2020 8:39:04 PM - Inserir Historico IMSPC202003010BR
4/9/2020 8:39:05 PM - Insert with success IMSPC202003010BR
4/9/2020 8:39:35 PM - Inserir Historico IMSPC202003030BR
4/9/2020 8:39:36 PM - Insert with success IMSPC202003030BR
4/9/2020 8:40:05 PM - Inserir Historico IMSPC202003031BR
4/9/2020 8:40:06 PM - Insert with success IMSPC202003031BR
4/9/2020 8:40:35 PM - Inserir Historico IMSPC202003054BR
4/9/2020 8:40:36 PM - Insert with success IMSPC202003054BR
4/9/2020 8:41:03 PM - Inserir Historico IMSPC202003055BR
4/9/2020 8:41:04 PM - Insert with success IMSPC202003055BR
4/9/2020 8:41:30 PM - Inserir Historico IMLYB202004007BR
4/9/2020 8:41:31 PM - Insert with success IMLYB202004007BR
4/9/2020 8:41:58 PM - Inserir Historico IMSOL202001087BR
4/9/2020 8:42:00 PM - Insert with success IMSOL202001087BR
4/9/2020 8:42:25 PM - Inserir Historico IACSR202003006BR
4/9/2020 8:42:26 PM - Insert with success IACSR202003006BR
4/9/2020 8:42:56 PM - Inserir Historico EMSLA202003004BR
4/9/2020 8:42:57 PM - Insert with success EMSLA202003004BR
4/9/2020 8:53:01 PM - Inserir Historico IMLYB202002020BR
4/9/2020 8:53:03 PM - Insert with success IMLYB202002020BR
4/9/2020 8:53:31 PM - Inserir Historico EMOXT202003190BR
4/9/2020 8:53:33 PM - Insert with success EMOXT202003190BR
4/9/2020 8:54:07 PM - Inserir Historico IMCBT202003011BR
4/9/2020 8:54:08 PM - Insert with success IMCBT202003011BR
4/9/2020 8:54:39 PM - Inserir Historico IMLYB202004008BR
4/9/2020 8:54:40 PM - Insert with success IMLYB202004008BR
4/9/2020 8:55:15 PM - Inserir Historico IMLYB202004009BR
4/9/2020 8:55:16 PM - Insert with success IMLYB202004009BR
4/9/2020 8:55:48 PM - Inserir Historico IMSOL201909131BR
4/9/2020 8:55:49 PM - Insert with success IMSOL201909131BR
4/9/2020 8:56:21 PM - Inserir Historico IMSWB202001059BR
4/9/2020 8:56:22 PM - Insert with success IMSWB202001059BR
4/9/2020 8:56:53 PM - Inserir Historico IMSWB202002070BR
4/9/2020 8:56:54 PM - Insert with success IMSWB202002070BR
4/9/2020 8:57:24 PM - Inserir Historico IMSWB202002071BR
4/9/2020 8:57:25 PM - Insert with success IMSWB202002071BR
4/9/2020 8:58:00 PM - Inserir Historico EOCTV202003003BR
4/9/2020 8:58:02 PM - Insert with success EOCTV202003003BR
4/9/2020 8:58:29 PM - Inserir Historico IMATL202004001BR
4/9/2020 8:58:29 PM - Insert with success IMATL202004001BR
4/9/2020 8:59:01 PM - Inserir Historico EMOXT202004073BR
4/9/2020 8:59:03 PM - Insert with success EMOXT202004073BR
4/9/2020 8:59:36 PM - Inserir Historico IMCTV201912080BR
4/9/2020 8:59:37 PM - Insert with success IMCTV201912080BR
4/9/2020 9:00:43 PM - Inserir Historico IMCTV201912081BR
4/9/2020 9:00:52 PM - Insert with success IMCTV201912081BR
4/9/2020 9:02:05 PM - Inserir Historico IMCTV202002076BR
4/9/2020 9:02:07 PM - Insert with success IMCTV202002076BR
4/9/2020 9:03:06 PM - Inserir Historico IMCTV202003023BR
4/9/2020 9:03:15 PM - Insert with success IMCTV202003023BR
4/9/2020 9:04:05 PM - Inserir Historico IMLYB201912021BR
4/9/2020 9:04:11 PM - Insert with success IMLYB201912021BR
4/9/2020 9:04:53 PM - Inserir Historico IMOCV202001006BR
4/9/2020 9:04:58 PM - Insert with success IMOCV202001006BR
4/9/2020 9:05:45 PM - Inserir Historico IMSOL202002128BR
4/9/2020 9:05:54 PM - Insert with success IMSOL202002128BR
4/9/2020 9:06:35 PM - Inserir Historico IMOCV202002013BR
4/9/2020 9:06:37 PM - Insert with success IMOCV202002013BR
4/9/2020 9:07:59 PM - Inserir Historico IMSLA202003025BR
4/9/2020 9:08:00 PM - Insert with success IMSLA202003025BR
4/9/2020 9:09:48 PM - Inserir Historico IMSLA202003027BR
4/9/2020 9:09:49 PM - Insert with success IMSLA202003027BR
4/9/2020 9:11:15 PM - Inserir Historico IMSLA202003028BR
4/9/2020 9:11:16 PM - Insert with success IMSLA202003028BR
4/9/2020 9:11:53 PM - Inserir Historico IMSOL201912004BR
4/9/2020 9:11:54 PM - Insert with success IMSOL201912004BR
4/9/2020 9:12:36 PM - Inserir Historico IMSOL202001086BR
4/9/2020 9:12:37 PM - Insert with success IMSOL202001086BR
4/9/2020 9:13:11 PM - Inserir Historico IMSOL202001111BR
4/9/2020 9:13:12 PM - Insert with success IMSOL202001111BR
4/9/2020 9:13:46 PM - Inserir Historico IMSOL202002003BR
4/9/2020 9:13:47 PM - Insert with success IMSOL202002003BR
4/9/2020 9:14:22 PM - Inserir Historico IMSOL202002024BR
4/9/2020 9:14:23 PM - Insert with success IMSOL202002024BR
4/9/2020 9:14:58 PM - Inserir Historico IMSOL202002025BR
4/9/2020 9:15:00 PM - Insert with success IMSOL202002025BR
4/9/2020 9:15:28 PM - Inserir Historico EORHO202004002BR
4/9/2020 9:15:29 PM - Insert with success EORHO202004002BR
4/9/2020 9:16:02 PM - Inserir Historico IMSPC202003033BR
4/9/2020 9:16:02 PM - Insert with success IMSPC202003033BR
4/9/2020 9:16:32 PM - Inserir Historico IMSPC202003036BR
4/9/2020 9:16:33 PM - Insert with success IMSPC202003036BR
4/9/2020 9:17:04 PM - Inserir Historico IMSPC202003037BR
4/9/2020 9:17:05 PM - Insert with success IMSPC202003037BR
4/9/2020 9:17:39 PM - Inserir Historico IMSWB202001008BR
4/9/2020 9:17:40 PM - Insert with success IMSWB202001008BR
4/9/2020 9:18:10 PM - Inserir Historico IMSWB202001026BR
4/9/2020 9:18:11 PM - Insert with success IMSWB202001026BR
4/9/2020 9:18:38 PM - Inserir Historico IMSWB202001033BR
4/9/2020 9:18:39 PM - Insert with success IMSWB202001033BR
4/9/2020 9:19:10 PM - Inserir Historico IMSWB202001043BR
4/9/2020 9:19:11 PM - Insert with success IMSWB202001043BR
4/9/2020 9:19:41 PM - Inserir Historico IMSWB202001046BR
4/9/2020 9:19:42 PM - Insert with success IMSWB202001046BR
4/9/2020 9:20:11 PM - Inserir Historico IMSWB202001055BR
4/9/2020 9:20:14 PM - Insert with success IMSWB202001055BR
4/9/2020 9:20:44 PM - Inserir Historico IMSWB202001062BR
4/9/2020 9:20:45 PM - Insert with success IMSWB202001062BR
4/9/2020 9:21:15 PM - Inserir Historico IMSWB202001064BR
4/9/2020 9:21:17 PM - Insert with success IMSWB202001064BR
4/9/2020 9:21:48 PM - Inserir Historico IMSWB202001071BR
4/9/2020 9:21:52 PM - Insert with success IMSWB202001071BR
4/9/2020 9:22:22 PM - Inserir Historico IMSWB202002005BR
4/9/2020 9:22:22 PM - Insert with success IMSWB202002005BR
4/9/2020 9:22:51 PM - Inserir Historico IMSWB202002011BR
4/9/2020 9:22:51 PM - Insert with success IMSWB202002011BR
4/9/2020 9:23:20 PM - Inserir Historico IMOXT201910009BR
4/9/2020 9:23:21 PM - Insert with success IMOXT201910009BR
4/9/2020 9:23:50 PM - Inserir Historico IMOXT201910039BR
4/9/2020 9:23:51 PM - Insert with success IMOXT201910039BR
4/9/2020 9:24:19 PM - Inserir Historico IMOXT201910018BR
4/9/2020 9:24:20 PM - Insert with success IMOXT201910018BR
4/9/2020 9:24:48 PM - Inserir Historico IMSWB202002106BR
4/9/2020 9:24:50 PM - Insert with success IMSWB202002106BR
4/9/2020 9:25:20 PM - Inserir Historico IMSWB202002117BR
4/9/2020 9:25:22 PM - Insert with success IMSWB202002117BR
4/9/2020 9:25:48 PM - Inserir Historico IMOXT201910023BR
4/9/2020 9:25:49 PM - Insert with success IMOXT201910023BR
4/9/2020 9:26:25 PM - Inserir Historico IMOXT201912056BR
4/9/2020 9:26:26 PM - Insert with success IMOXT201912056BR
4/9/2020 9:26:54 PM - Inserir Historico IMOXT201910017BR
4/9/2020 9:26:55 PM - Insert with success IMOXT201910017BR
4/9/2020 9:27:32 PM - Inserir Historico IMOXT201911032BR
4/9/2020 9:27:33 PM - Insert with success IMOXT201911032BR
4/9/2020 9:28:05 PM - Inserir Historico IMOXT201909044BR
4/9/2020 9:28:05 PM - Insert with success IMOXT201909044BR
4/9/2020 9:28:38 PM - Inserir Historico IMOXT201909043BR
4/9/2020 9:28:39 PM - Insert with success IMOXT201909043BR
4/9/2020 9:29:12 PM - Inserir Historico IMOXT201910011BR
4/9/2020 9:29:13 PM - Insert with success IMOXT201910011BR
4/9/2020 9:29:39 PM - Inserir Historico IACBT202001001BR
4/9/2020 9:29:40 PM - Insert with success IACBT202001001BR
4/9/2020 9:30:13 PM - Inserir Historico IMCSR202003197BR
4/9/2020 9:30:15 PM - Insert with success IMCSR202003197BR
4/9/2020 9:30:50 PM - Inserir Historico EORHO201910031BR
4/9/2020 9:30:51 PM - Insert with success EORHO201910031BR
4/9/2020 9:31:23 PM - Inserir Historico IMCSR202003241BR
4/9/2020 9:31:24 PM - Insert with success IMCSR202003241BR
4/9/2020 9:31:56 PM - Inserir Historico IMSOL202003053BR
4/9/2020 9:31:57 PM - Insert with success IMSOL202003053BR
4/9/2020 9:32:27 PM - Inserir Historico EORHO202001012BR
4/9/2020 9:32:28 PM - Insert with success EORHO202001012BR
4/9/2020 9:32:56 PM - Inserir Historico IASPC202004001BR
4/9/2020 9:32:57 PM - Insert with success IASPC202004001BR
4/9/2020 9:33:23 PM - Inserir Historico EORHO202003009BR
4/9/2020 9:33:24 PM - Insert with success EORHO202003009BR
4/9/2020 9:33:53 PM - Inserir Historico EORHO202003010BR
4/9/2020 9:33:54 PM - Insert with success EORHO202003010BR
4/9/2020 9:34:23 PM - Inserir Historico IMATN202004011BR
4/9/2020 9:34:24 PM - Insert with success IMATN202004011BR
4/9/2020 9:34:52 PM - Inserir Historico IMSOL201912067BR
4/9/2020 9:34:52 PM - Insert with success IMSOL201912067BR
4/9/2020 9:35:25 PM - Inserir Historico IACBT202003001BR
4/9/2020 9:35:26 PM - Insert with success IACBT202003001BR
4/9/2020 9:35:55 PM - Inserir Historico IACSR202003016BR
4/9/2020 9:35:56 PM - Insert with success IACSR202003016BR
4/9/2020 9:36:26 PM - Inserir Historico IACSR202003018BR
4/9/2020 9:36:27 PM - Insert with success IACSR202003018BR
4/9/2020 9:36:55 PM - Inserir Historico IASOL202003006BR
4/9/2020 9:36:55 PM - Insert with success IASOL202003006BR
4/9/2020 9:37:27 PM - Inserir Historico IMCBT201912007BR
4/9/2020 9:37:28 PM - Insert with success IMCBT201912007BR
4/9/2020 9:37:59 PM - Inserir Historico IMCSR201910309BR
4/9/2020 9:38:00 PM - Insert with success IMCSR201910309BR
4/9/2020 9:38:32 PM - Inserir Historico IMCSR202001309BR
4/9/2020 9:38:33 PM - Insert with success IMCSR202001309BR
4/9/2020 9:39:09 PM - Inserir Historico IMCSR202002136BR
4/9/2020 9:39:10 PM - Insert with success IMCSR202002136BR
4/9/2020 9:39:41 PM - Inserir Historico IMCSR202002223BR
4/9/2020 9:39:42 PM - Insert with success IMCSR202002223BR
4/9/2020 9:40:18 PM - Inserir Historico IMCSR202002227BR
4/9/2020 9:40:19 PM - Insert with success IMCSR202002227BR
4/9/2020 9:40:55 PM - Inserir Historico IMCSR202002329BR
4/9/2020 9:40:57 PM - Insert with success IMCSR202002329BR
4/9/2020 9:41:29 PM - Inserir Historico IMCSR202003016BR
4/9/2020 9:41:30 PM - Insert with success IMCSR202003016BR
4/9/2020 9:42:01 PM - Inserir Historico IMCSR202003017BR
4/9/2020 9:42:01 PM - Insert with success IMCSR202003017BR
4/9/2020 9:42:38 PM - Inserir Historico IMCSR202003018BR
4/9/2020 9:42:39 PM - Insert with success IMCSR202003018BR
4/9/2020 9:43:14 PM - Inserir Historico IMCSR202003019BR
4/9/2020 9:43:15 PM - Insert with success IMCSR202003019BR
4/9/2020 9:43:51 PM - Inserir Historico IMCSR202003214BR
4/9/2020 9:43:52 PM - Insert with success IMCSR202003214BR
4/9/2020 9:44:29 PM - Inserir Historico IMCSR202003215BR
4/9/2020 9:44:30 PM - Insert with success IMCSR202003215BR
4/9/2020 9:45:06 PM - Inserir Historico IMCSR202003217BR
4/9/2020 9:45:08 PM - Insert with success IMCSR202003217BR
4/9/2020 9:45:37 PM - Inserir Historico IMCSR202003246BR
4/9/2020 9:45:38 PM - Insert with success IMCSR202003246BR
4/9/2020 9:46:08 PM - Inserir Historico IMCSR202003249BR
4/9/2020 9:46:09 PM - Insert with success IMCSR202003249BR
4/9/2020 9:46:41 PM - Inserir Historico IMCSR202003257BR
4/9/2020 9:46:42 PM - Insert with success IMCSR202003257BR
4/9/2020 9:47:16 PM - Inserir Historico IMCSR202003266BR
4/9/2020 9:47:17 PM - Insert with success IMCSR202003266BR
4/9/2020 9:47:50 PM - Inserir Historico IMCSR202003284BR
4/9/2020 9:47:51 PM - Insert with success IMCSR202003284BR
4/9/2020 9:48:22 PM - Inserir Historico IMCSR202003309BR
4/9/2020 9:48:23 PM - Insert with success IMCSR202003309BR
4/9/2020 9:48:43 PM - Inserir Historico IMLAN202003003BR
4/9/2020 9:48:44 PM - Insert with success IMLAN202003003BR
4/9/2020 9:49:16 PM - Inserir Historico IMCSR202003310BR
4/9/2020 9:49:17 PM - Insert with success IMCSR202003310BR
4/9/2020 9:49:48 PM - Inserir Historico IMCSR202003369BR
4/9/2020 9:49:50 PM - Insert with success IMCSR202003369BR
4/9/2020 9:50:21 PM - Inserir Historico IMSOL202003031BR
4/9/2020 9:50:23 PM - Insert with success IMSOL202003031BR
4/9/2020 9:50:54 PM - Inserir Historico IMCSR202003375BR
4/9/2020 9:50:55 PM - Insert with success IMCSR202003375BR
4/9/2020 9:51:27 PM - Inserir Historico IMCSR202003380BR
4/9/2020 9:51:28 PM - Insert with success IMCSR202003380BR
4/9/2020 9:51:57 PM - Inserir Historico IMCSR202003387BR
4/9/2020 9:51:58 PM - Insert with success IMCSR202003387BR
4/9/2020 9:52:26 PM - Inserir Historico IMCSR202003388BR
4/9/2020 9:52:27 PM - Insert with success IMCSR202003388BR
4/9/2020 9:52:57 PM - Inserir Historico IMCSR202003389BR
4/9/2020 9:52:58 PM - Insert with success IMCSR202003389BR
4/9/2020 9:53:26 PM - Inserir Historico IMCSR202003396BR
4/9/2020 9:53:26 PM - Insert with success IMCSR202003396BR
4/9/2020 9:54:16 PM - Inserir Historico EMCBT202004002BR
4/9/2020 9:54:17 PM - Insert with success EMCBT202004002BR
4/9/2020 9:54:51 PM - Inserir Historico IMCSR202003457BR
4/9/2020 9:54:53 PM - Insert with success IMCSR202003457BR
4/9/2020 9:55:25 PM - Inserir Historico IMCSR202003503BR
4/9/2020 9:55:26 PM - Insert with success IMCSR202003503BR
4/9/2020 9:55:59 PM - Inserir Historico IMCTV202001004BR
4/9/2020 9:55:59 PM - Insert with success IMCTV202001004BR
4/9/2020 9:56:30 PM - Inserir Historico IMCTV202001008BR
4/9/2020 9:56:31 PM - Insert with success IMCTV202001008BR
4/9/2020 9:57:04 PM - Inserir Historico IMCTV202001009BR
4/9/2020 9:57:05 PM - Insert with success IMCTV202001009BR
4/9/2020 9:57:39 PM - Inserir Historico IMCTV202001010BR
4/9/2020 9:57:40 PM - Insert with success IMCTV202001010BR
4/9/2020 9:58:13 PM - Inserir Historico IMCTV202001011BR
4/9/2020 9:58:14 PM - Insert with success IMCTV202001011BR
4/9/2020 9:58:46 PM - Inserir Historico IMCTV202001012BR
4/9/2020 9:58:46 PM - Insert with success IMCTV202001012BR
4/9/2020 9:59:20 PM - Inserir Historico IMCTV202001013BR
4/9/2020 9:59:21 PM - Insert with success IMCTV202001013BR
4/9/2020 9:59:49 PM - Inserir Historico IMCTV202001060BR
4/9/2020 9:59:50 PM - Insert with success IMCTV202001060BR
4/9/2020 10:00:26 PM - Inserir Historico IMCTV202001064BR
4/9/2020 10:00:28 PM - Insert with success IMCTV202001064BR
4/9/2020 10:00:57 PM - Inserir Historico IMCTV202002009BR
4/9/2020 10:00:58 PM - Insert with success IMCTV202002009BR
4/9/2020 10:01:28 PM - Inserir Historico IMCTV202002010BR
4/9/2020 10:01:29 PM - Insert with success IMCTV202002010BR
4/9/2020 10:01:59 PM - Inserir Historico IMCTV202002011BR
4/9/2020 10:02:00 PM - Insert with success IMCTV202002011BR
4/9/2020 10:02:31 PM - Inserir Historico IMCTV202002012BR
4/9/2020 10:02:32 PM - Insert with success IMCTV202002012BR
4/9/2020 10:02:59 PM - Inserir Historico IMCTV202002013BR
4/9/2020 10:03:00 PM - Insert with success IMCTV202002013BR
4/9/2020 10:03:30 PM - Inserir Historico IMCTV202002023BR
4/9/2020 10:03:31 PM - Insert with success IMCTV202002023BR
4/9/2020 10:03:59 PM - Inserir Historico IMCTV202003002BR
4/9/2020 10:04:01 PM - Insert with success IMCTV202003002BR
4/9/2020 10:04:29 PM - Inserir Historico IMCTV202003026BR
4/9/2020 10:04:30 PM - Insert with success IMCTV202003026BR
4/9/2020 10:04:58 PM - Inserir Historico IMCTV202003027BR
4/9/2020 10:04:59 PM - Insert with success IMCTV202003027BR
4/9/2020 10:05:36 PM - Inserir Historico IMEAS202003005BR
4/9/2020 10:05:48 PM - Insert with success IMEAS202003005BR
4/9/2020 10:06:16 PM - Inserir Historico IMEAS202003006BR
4/9/2020 10:06:17 PM - Insert with success IMEAS202003006BR
4/9/2020 10:06:43 PM - Inserir Historico IMEAS202004002BR
4/9/2020 10:06:44 PM - Insert with success IMEAS202004002BR
4/9/2020 10:07:10 PM - Inserir Historico IMIFB202001059BR
4/9/2020 10:07:11 PM - Insert with success IMIFB202001059BR
4/9/2020 10:07:39 PM - Inserir Historico IMIFB202001060BR
4/9/2020 10:07:40 PM - Insert with success IMIFB202001060BR
4/9/2020 10:08:07 PM - Inserir Historico IMLYB202001017BR
4/9/2020 10:08:08 PM - Insert with success IMLYB202001017BR
4/9/2020 10:08:34 PM - Inserir Historico IMLYB202002001BR
4/9/2020 10:08:36 PM - Insert with success IMLYB202002001BR
4/9/2020 10:09:16 PM - Inserir Historico IMMAU202003010BR
4/9/2020 10:09:17 PM - Insert with success IMMAU202003010BR
4/9/2020 10:09:44 PM - Inserir Historico IMSLA202003019BR
4/9/2020 10:09:45 PM - Insert with success IMSLA202003019BR
4/9/2020 10:10:14 PM - Inserir Historico IMSLA202003043BR
4/9/2020 10:10:16 PM - Insert with success IMSLA202003043BR
4/9/2020 10:11:38 PM - Inserir Historico IMSLA202004002BR
4/9/2020 10:11:38 PM - Insert with success IMSLA202004002BR
4/9/2020 10:12:05 PM - Inserir Historico IMSLA202004003BR
4/9/2020 10:12:05 PM - Insert with success IMSLA202004003BR
4/9/2020 10:12:32 PM - Inserir Historico IMSLA202004007BR
4/9/2020 10:12:33 PM - Insert with success IMSLA202004007BR
4/9/2020 10:13:01 PM - Inserir Historico IMSOL201911034BR
4/9/2020 10:13:01 PM - Insert with success IMSOL201911034BR
4/9/2020 10:13:29 PM - Inserir Historico IMSOL201912073BR
4/9/2020 10:13:30 PM - Insert with success IMSOL201912073BR
4/9/2020 10:14:00 PM - Inserir Historico IMSOL202001012BR
4/9/2020 10:14:01 PM - Insert with success IMSOL202001012BR
4/9/2020 10:14:27 PM - Inserir Historico IMSOL202002136BR
4/9/2020 10:14:28 PM - Insert with success IMSOL202002136BR
4/9/2020 10:14:59 PM - Inserir Historico IMSPC202003021BR
4/9/2020 10:15:01 PM - Insert with success IMSPC202003021BR
4/9/2020 10:15:28 PM - Inserir Historico IOATN202003002BR
4/9/2020 10:15:29 PM - Insert with success IOATN202003002BR
4/9/2020 10:15:54 PM - Inserir Historico EMARC202004011BR
4/9/2020 10:15:55 PM - Insert with success EMARC202004011BR
4/9/2020 10:16:25 PM - Inserir Historico IMSOL202003033BR
4/9/2020 10:16:25 PM - Insert with success IMSOL202003033BR
4/9/2020 10:16:53 PM - Inserir Historico IAATN202002002BR
4/9/2020 10:16:54 PM - Insert with success IAATN202002002BR
4/9/2020 10:17:15 PM - Inserir Historico IMATL202004025BR
4/9/2020 10:17:15 PM - Insert with success IMATL202004025BR
4/9/2020 10:17:46 PM - Inserir Historico IMIFB202001057BR
4/9/2020 10:17:47 PM - Insert with success IMIFB202001057BR
4/9/2020 10:25:24 PM - Inserir Historico IMLYB202002019BR
4/9/2020 10:25:26 PM - Insert with success IMLYB202002019BR
4/9/2020 10:26:31 PM - Inserir Historico IMSLA202003026BR
4/9/2020 10:26:32 PM - Insert with success IMSLA202003026BR
4/9/2020 10:27:05 PM - Inserir Historico IMSOL202001041BR
4/9/2020 10:27:06 PM - Insert with success IMSOL202001041BR
4/9/2020 10:27:36 PM - Inserir Historico IMSOL202001046BR
4/9/2020 10:27:37 PM - Insert with success IMSOL202001046BR
4/9/2020 10:28:04 PM - Inserir Historico IMSOL202001049BR
4/9/2020 10:28:05 PM - Insert with success IMSOL202001049BR
4/9/2020 10:28:34 PM - Inserir Historico IMSOL202001062BR
4/9/2020 10:28:35 PM - Insert with success IMSOL202001062BR
4/9/2020 10:29:12 PM - Inserir Historico IMSOL202001077BR
4/9/2020 10:29:14 PM - Insert with success IMSOL202001077BR
4/9/2020 10:29:49 PM - Inserir Historico IMSOL202001110BR
4/9/2020 10:29:50 PM - Insert with success IMSOL202001110BR
4/9/2020 10:30:24 PM - Inserir Historico IMSOL202002004BR
4/9/2020 10:30:26 PM - Insert with success IMSOL202002004BR
4/9/2020 10:30:58 PM - Inserir Historico IMSOL202002005BR
4/9/2020 10:30:59 PM - Insert with success IMSOL202002005BR
4/9/2020 10:31:36 PM - Inserir Historico IMSOL202002007BR
4/9/2020 10:31:37 PM - Insert with success IMSOL202002007BR
4/9/2020 10:32:07 PM - Inserir Historico IMSOL202002023BR
4/9/2020 10:32:08 PM - Insert with success IMSOL202002023BR
4/9/2020 10:32:39 PM - Inserir Historico IMSOL202002026BR
4/9/2020 10:32:40 PM - Insert with success IMSOL202002026BR
4/9/2020 10:33:12 PM - Inserir Historico IMSOL202002027BR
4/9/2020 10:33:13 PM - Insert with success IMSOL202002027BR
4/9/2020 10:33:45 PM - Inserir Historico IMSOL202002047BR
4/9/2020 10:33:46 PM - Insert with success IMSOL202002047BR
4/9/2020 10:34:18 PM - Inserir Historico IMSPC202003051BR
4/9/2020 10:34:19 PM - Insert with success IMSPC202003051BR
4/9/2020 10:34:48 PM - Inserir Historico IMSPC202003056BR
4/9/2020 10:34:49 PM - Insert with success IMSPC202003056BR
4/9/2020 10:35:21 PM - Inserir Historico IMSPC202003057BR
4/9/2020 10:35:22 PM - Insert with success IMSPC202003057BR
4/9/2020 10:35:51 PM - Inserir Historico IMSPC202004001BR
4/9/2020 10:35:52 PM - Insert with success IMSPC202004001BR
4/9/2020 10:36:22 PM - Inserir Historico IMSWB202001090BR
4/9/2020 10:36:22 PM - Insert with success IMSWB202001090BR
4/9/2020 10:36:54 PM - Inserir Historico IMSWB202002008BR
4/9/2020 10:36:55 PM - Insert with success IMSWB202002008BR
4/9/2020 10:37:25 PM - Inserir Historico IMSWB202002023BR
4/9/2020 10:37:27 PM - Insert with success IMSWB202002023BR
4/9/2020 10:39:12 PM - Inserir Historico IMTAM202003007BR
4/9/2020 10:39:13 PM - Insert with success IMTAM202003007BR
4/9/2020 10:39:47 PM - Inserir Historico IMTAM202003012BR
4/9/2020 10:39:47 PM - Insert with success IMTAM202003012BR
4/9/2020 10:40:28 PM - Inserir Historico IMUPM202003006BR
4/9/2020 10:40:28 PM - Insert with success IMUPM202003006BR
4/9/2020 10:40:56 PM - Inserir Historico IMSOL202003032BR
4/9/2020 10:40:57 PM - Insert with success IMSOL202003032BR
4/9/2020 10:41:29 PM - Inserir Historico IMSOL202003049BR
4/9/2020 10:41:30 PM - Insert with success IMSOL202003049BR
4/9/2020 10:42:02 PM - Inserir Historico IOOXT201803002BR
4/9/2020 10:42:03 PM - Insert with success IOOXT201803002BR
4/9/2020 10:42:40 PM - Inserir Historico IMOXT201812029BR
4/9/2020 10:42:41 PM - Insert with success IMOXT201812029BR
4/9/2020 10:43:15 PM - Inserir Historico IMOXT201808033BR
4/9/2020 10:43:16 PM - Insert with success IMOXT201808033BR
4/9/2020 10:43:48 PM - Inserir Historico IOOXT202001001BR
4/9/2020 10:43:50 PM - Insert with success IOOXT202001001BR
4/9/2020 10:44:18 PM - Inserir Historico IOOXT201912003BR
4/9/2020 10:44:19 PM - Insert with success IOOXT201912003BR
4/9/2020 10:44:47 PM - Inserir Historico IMOXT201902016BR
4/9/2020 10:44:48 PM - Insert with success IMOXT201902016BR
4/9/2020 10:45:15 PM - Inserir Historico IMSWB202001072BR
4/9/2020 10:45:15 PM - Insert with success IMSWB202001072BR
4/9/2020 10:45:42 PM - Inserir Historico IMSWB202001107BR
4/9/2020 10:45:43 PM - Insert with success IMSWB202001107BR
4/9/2020 10:46:21 PM - Inserir Historico IMSOL202002146BR
4/9/2020 10:46:22 PM - Insert with success IMSOL202002146BR
4/9/2020 10:46:46 PM - Inserir Historico IMSWB202002021BR
4/9/2020 10:46:47 PM - Insert with success IMSWB202002021BR
4/9/2020 10:47:10 PM - Inserir Historico IMCTV202004096BR
4/9/2020 10:47:11 PM - Insert with success IMCTV202004096BR
4/9/2020 10:47:35 PM - Inserir Historico EORHO202001020BR
4/9/2020 10:47:36 PM - Insert with success EORHO202001020BR
4/9/2020 10:47:58 PM - Inserir Historico EORHO202001047BR
4/9/2020 10:47:59 PM - Insert with success EORHO202001047BR
4/9/2020 10:48:24 PM - Inserir Historico IACBT202003004BR
4/9/2020 10:48:24 PM - Insert with success IACBT202003004BR
4/9/2020 10:48:49 PM - Inserir Historico IACBT202003005BR
4/9/2020 10:48:51 PM - Insert with success IACBT202003005BR
4/9/2020 10:49:16 PM - Inserir Historico IAOXT201906001BR
4/9/2020 10:49:17 PM - Insert with success IAOXT201906001BR
4/9/2020 10:49:46 PM - Inserir Historico IMOXT201805006BR
4/9/2020 10:49:46 PM - Insert with success IMOXT201805006BR
4/9/2020 10:50:14 PM - Inserir Historico IAOXT201808005BR
4/9/2020 10:50:16 PM - Insert with success IAOXT201808005BR
4/9/2020 10:50:50 PM - Inserir Historico IMOXT202002003BR
4/9/2020 10:50:51 PM - Insert with success IMOXT202002003BR
4/9/2020 10:51:24 PM - Inserir Historico IAOXT201803006BR
4/9/2020 10:51:25 PM - Insert with success IAOXT201803006BR
4/9/2020 10:52:04 PM - Inserir Historico IMOXT201907015BR
4/9/2020 10:52:06 PM - Insert with success IMOXT201907015BR
4/9/2020 10:52:37 PM - Inserir Historico IMOXT201909009BR
4/9/2020 10:52:37 PM - Insert with success IMOXT201909009BR
4/9/2020 10:53:07 PM - Inserir Historico IMOXT201905022BR
4/9/2020 10:53:08 PM - Insert with success IMOXT201905022BR
4/9/2020 10:53:34 PM - Inserir Historico IAOXT202002006BR
4/9/2020 10:53:35 PM - Insert with success IAOXT202002006BR
4/9/2020 10:54:03 PM - Inserir Historico IMOXT201809004BR
4/9/2020 10:54:04 PM - Insert with success IMOXT201809004BR
4/9/2020 10:54:30 PM - Inserir Historico IMOXT201801037BR
4/9/2020 10:54:31 PM - Insert with success IMOXT201801037BR
4/9/2020 10:54:57 PM - Inserir Historico IMOXT201811030BR
4/9/2020 10:54:58 PM - Insert with success IMOXT201811030BR
4/9/2020 10:55:22 PM - Inserir Historico IAOXT202003006BR
4/9/2020 10:55:24 PM - Insert with success IAOXT202003006BR
4/9/2020 10:55:54 PM - Inserir Historico IMOXT201812047BR
4/9/2020 10:55:55 PM - Insert with success IMOXT201812047BR
4/9/2020 10:56:23 PM - Inserir Historico EORHO202003012BR
4/9/2020 10:56:24 PM - Insert with success EORHO202003012BR
4/9/2020 10:56:47 PM - Inserir Historico IAOXT202002003BR
4/9/2020 10:56:47 PM - Insert with success IAOXT202002003BR
4/9/2020 10:57:11 PM - Inserir Historico IMOXT202001018BR
4/9/2020 10:57:13 PM - Insert with success IMOXT202001018BR
4/9/2020 10:57:40 PM - Inserir Historico IMOXT201805023BR
4/9/2020 10:57:41 PM - Insert with success IMOXT201805023BR
4/9/2020 10:58:11 PM - Inserir Historico IMOXT201908024BR
4/9/2020 10:58:12 PM - Insert with success IMOXT201908024BR
4/9/2020 10:58:39 PM - Inserir Historico IMOXT201801003BR
4/9/2020 10:58:41 PM - Insert with success IMOXT201801003BR
4/9/2020 10:59:05 PM - Inserir Historico IOOXT202003024BR
4/9/2020 10:59:06 PM - Insert with success IOOXT202003024BR
4/9/2020 10:59:34 PM - Inserir Historico IMOXT201802009BR
4/9/2020 10:59:35 PM - Insert with success IMOXT201802009BR
4/9/2020 11:00:10 PM - Inserir Historico IMOXT201806020BR
4/9/2020 11:00:12 PM - Insert with success IMOXT201806020BR
4/9/2020 11:00:50 PM - Inserir Historico IMOXT201910024BR
4/9/2020 11:00:51 PM - Insert with success IMOXT201910024BR
4/9/2020 11:01:28 PM - Inserir Historico IMOXT201911026BR
4/9/2020 11:01:29 PM - Insert with success IMOXT201911026BR
4/9/2020 11:02:00 PM - Inserir Historico IMOXT201902005BR
4/9/2020 11:02:01 PM - Insert with success IMOXT201902005BR
4/9/2020 11:02:30 PM - Inserir Historico IOOXT202003014BR
4/9/2020 11:02:32 PM - Insert with success IOOXT202003014BR
4/9/2020 11:03:09 PM - Inserir Historico IMOXT201807036BR
4/9/2020 11:03:11 PM - Insert with success IMOXT201807036BR
4/9/2020 11:03:49 PM - Inserir Historico IMCSR202003283BR
4/9/2020 11:03:51 PM - Insert with success IMCSR202003283BR
4/9/2020 11:04:19 PM - Inserir Historico IOOXT202003022BR
4/9/2020 11:04:21 PM - Insert with success IOOXT202003022BR
4/9/2020 11:04:50 PM - Inserir Historico IMOXT202001017BR
4/9/2020 11:04:52 PM - Insert with success IMOXT202001017BR
4/9/2020 11:05:20 PM - Inserir Historico EORHO202003001BR
4/9/2020 11:05:22 PM - Insert with success EORHO202003001BR
4/9/2020 11:05:47 PM - Inserir Historico EORHO202003003BR
4/9/2020 11:05:47 PM - Insert with success EORHO202003003BR
4/9/2020 11:06:16 PM - Inserir Historico IMSOL202002050BR
4/9/2020 11:06:16 PM - Insert with success IMSOL202002050BR
4/9/2020 11:06:42 PM - Inserir Historico EORHO202002028BR
4/9/2020 11:06:43 PM - Insert with success EORHO202002028BR
4/9/2020 11:07:14 PM - Inserir Historico IMCSR202003327BR
4/9/2020 11:07:15 PM - Insert with success IMCSR202003327BR
4/9/2020 11:07:42 PM - Inserir Historico IMSWB202004012BR
4/9/2020 11:07:43 PM - Insert with success IMSWB202004012BR
4/9/2020 11:08:14 PM - Inserir Historico IMCSR202003549BR
4/9/2020 11:08:15 PM - Insert with success IMCSR202003549BR
4/9/2020 11:08:33 PM - Inserir Historico IAATH202004001BR
4/9/2020 11:08:33 PM - Insert with success IAATH202004001BR
4/9/2020 11:09:03 PM - Inserir Historico IMCSR202003590BR
4/9/2020 11:09:03 PM - Insert with success IMCSR202003590BR
4/9/2020 11:09:33 PM - Inserir Historico IMSOL202003048BR
4/9/2020 11:09:35 PM - Insert with success IMSOL202003048BR
4/9/2020 11:10:03 PM - Inserir Historico IMSWB202002118BR
4/9/2020 11:10:04 PM - Insert with success IMSWB202002118BR
4/9/2020 11:10:39 PM - Inserir Historico IMCSR202003004BR
4/9/2020 11:10:40 PM - Insert with success IMCSR202003004BR
4/9/2020 11:11:14 PM - Inserir Historico IMCSR202003286BR
4/9/2020 11:11:15 PM - Insert with success IMCSR202003286BR
4/9/2020 11:11:54 PM - Inserir Historico EORHO202003032BR
4/9/2020 11:11:55 PM - Insert with success EORHO202003032BR
4/9/2020 11:12:27 PM - Inserir Historico IMCSR202003208BR
4/9/2020 11:12:28 PM - Insert with success IMCSR202003208BR
4/9/2020 11:13:05 PM - Inserir Historico IMCSR202003209BR
4/9/2020 11:13:06 PM - Insert with success IMCSR202003209BR
4/9/2020 11:13:37 PM - Inserir Historico IMSWB202002078BR
4/9/2020 11:13:39 PM - Insert with success IMSWB202002078BR
4/9/2020 11:14:10 PM - Inserir Historico IMCSR202001538BR
4/9/2020 11:14:12 PM - Insert with success IMCSR202001538BR
4/9/2020 11:14:45 PM - Inserir Historico IMCTV202002041BR
4/9/2020 11:14:46 PM - Insert with success IMCTV202002041BR
4/9/2020 11:15:17 PM - Inserir Historico IMCSR202001568BR
4/9/2020 11:15:18 PM - Insert with success IMCSR202001568BR
4/9/2020 11:15:47 PM - Inserir Historico IMCSR202001569BR
4/9/2020 11:15:49 PM - Insert with success IMCSR202001569BR
4/9/2020 11:16:13 PM - Inserir Historico IMCTV202001073BR
4/9/2020 11:16:14 PM - Insert with success IMCTV202001073BR
4/9/2020 11:16:40 PM - Inserir Historico IMCSR202001570BR
4/9/2020 11:16:41 PM - Insert with success IMCSR202001570BR
4/9/2020 11:17:08 PM - Inserir Historico IMCSR202001572BR
4/9/2020 11:17:08 PM - Insert with success IMCSR202001572BR
4/9/2020 11:17:39 PM - Inserir Historico IMCSR202001583BR
4/9/2020 11:17:40 PM - Insert with success IMCSR202001583BR
4/9/2020 11:18:11 PM - Inserir Historico IMCSR202001551BR
4/9/2020 11:18:11 PM - Insert with success IMCSR202001551BR
4/9/2020 11:18:42 PM - Inserir Historico IMCSR202001544BR
4/9/2020 11:18:42 PM - Insert with success IMCSR202001544BR
4/9/2020 11:19:15 PM - Inserir Historico EORHO202003031BR
4/9/2020 11:19:15 PM - Insert with success EORHO202003031BR
4/9/2020 11:19:48 PM - Inserir Historico IMCSR202002110BR
4/9/2020 11:19:49 PM - Insert with success IMCSR202002110BR
4/9/2020 11:20:23 PM - Inserir Historico IMSWB202003114BR
4/9/2020 11:20:24 PM - Insert with success IMSWB202003114BR
4/9/2020 11:20:56 PM - Inserir Historico IMCSR202002113BR
4/9/2020 11:20:57 PM - Insert with success IMCSR202002113BR
4/9/2020 11:21:28 PM - Inserir Historico IMCSR202002092BR
4/9/2020 11:21:29 PM - Insert with success IMCSR202002092BR
4/9/2020 11:21:54 PM - Inserir Historico EMCSR202004015BR
4/9/2020 11:21:54 PM - Insert with success EMCSR202004015BR
4/9/2020 11:22:25 PM - Inserir Historico IMCSR202001487BR
4/9/2020 11:22:25 PM - Insert with success IMCSR202001487BR
4/9/2020 11:22:48 PM - Inserir Historico IMSWB202003024BR
4/9/2020 11:22:49 PM - Insert with success IMSWB202003024BR
4/9/2020 11:23:11 PM - Inserir Historico IMEAS202003002BR
4/9/2020 11:23:11 PM - Insert with success IMEAS202003002BR
4/9/2020 11:23:38 PM - Inserir Historico IMCSR202001550BR
4/9/2020 11:23:39 PM - Insert with success IMCSR202001550BR
4/9/2020 11:24:03 PM - Inserir Historico IMCSR202002190BR
4/9/2020 11:24:04 PM - Insert with success IMCSR202002190BR
4/9/2020 11:24:33 PM - Inserir Historico IMSOL201912065BR
4/9/2020 11:24:33 PM - Insert with success IMSOL201912065BR
4/9/2020 11:25:03 PM - Inserir Historico EORHO202003037BR
4/9/2020 11:25:04 PM - Insert with success EORHO202003037BR
4/9/2020 11:25:32 PM - Inserir Historico IMCTV202001046BR
4/9/2020 11:25:33 PM - Insert with success IMCTV202001046BR
4/9/2020 11:26:00 PM - Inserir Historico IMSWB202002132BR
4/9/2020 11:26:01 PM - Insert with success IMSWB202002132BR
4/9/2020 11:26:21 PM - Inserir Historico EMCSR202003136BR
4/9/2020 11:26:21 PM - Insert with success EMCSR202003136BR
4/9/2020 11:26:46 PM - Inserir Historico IMSOL202003014BR
4/9/2020 11:26:47 PM - Insert with success IMSOL202003014BR
4/9/2020 11:27:10 PM - Inserir Historico IMSOL202002134BR
4/9/2020 11:27:10 PM - Insert with success IMSOL202002134BR
4/9/2020 11:27:35 PM - Inserir Historico IMSOL202002137BR
4/9/2020 11:27:35 PM - Insert with success IMSOL202002137BR
4/9/2020 11:28:00 PM - Inserir Historico IMSWB202003067BR
4/9/2020 11:28:00 PM - Insert with success IMSWB202003067BR
4/9/2020 11:28:36 PM - Inserir Historico IMCSR202002207BR
4/9/2020 11:28:37 PM - Insert with success IMCSR202002207BR
4/9/2020 11:29:08 PM - Inserir Historico IMSWB201912069BR
4/9/2020 11:29:10 PM - Insert with success IMSWB201912069BR
4/9/2020 11:29:34 PM - Inserir Historico EORHO202003033BR
4/9/2020 11:29:34 PM - Insert with success EORHO202003033BR
4/9/2020 11:30:02 PM - Inserir Historico IMSOL202001005BR
4/9/2020 11:30:04 PM - Insert with success IMSOL202001005BR
4/9/2020 11:30:30 PM - Inserir Historico EORHO202003034BR
4/9/2020 11:30:41 PM - Insert with success EORHO202003034BR
4/9/2020 11:31:12 PM - Inserir Historico IMSWB202002084BR
4/9/2020 11:31:13 PM - Insert with success IMSWB202002084BR
4/9/2020 11:31:44 PM - Inserir Historico IMCSR202003601BR
4/9/2020 11:31:46 PM - Insert with success IMCSR202003601BR
4/9/2020 11:32:14 PM - Inserir Historico IMCSR202003444BR
4/9/2020 11:32:14 PM - Insert with success IMCSR202003444BR
4/9/2020 11:32:48 PM - Inserir Historico IMCSR202003538BR
4/9/2020 11:32:48 PM - Insert with success IMCSR202003538BR
4/9/2020 11:33:18 PM - Inserir Historico IMCSR202003128BR
4/9/2020 11:33:19 PM - Insert with success IMCSR202003128BR
4/9/2020 11:33:57 PM - Inserir Historico IMOCV202001003BR
4/9/2020 11:33:59 PM - Insert with success IMOCV202001003BR
4/9/2020 11:34:40 PM - Inserir Historico IMCSR202003157BR
4/9/2020 11:34:42 PM - Insert with success IMCSR202003157BR
4/9/2020 11:35:16 PM - Inserir Historico IMSOL202001003BR
4/9/2020 11:35:19 PM - Insert with success IMSOL202001003BR
4/9/2020 11:35:47 PM - Inserir Historico IMSWB201910155BR
4/9/2020 11:35:48 PM - Insert with success IMSWB201910155BR
4/9/2020 11:36:14 PM - Inserir Historico IMCSR202002115BR
4/9/2020 11:36:15 PM - Insert with success IMCSR202002115BR
4/9/2020 11:36:41 PM - Inserir Historico IMCSR202003159BR
4/9/2020 11:36:42 PM - Insert with success IMCSR202003159BR
4/9/2020 11:37:05 PM - Inserir Historico IMCSR202001608BR
4/9/2020 11:37:06 PM - Insert with success IMCSR202001608BR
4/9/2020 11:37:30 PM - Inserir Historico IMCSR202003542BR
4/9/2020 11:37:31 PM - Insert with success IMCSR202003542BR
4/9/2020 11:37:57 PM - Inserir Historico IMCSR202003105BR
4/9/2020 11:37:58 PM - Insert with success IMCSR202003105BR
4/9/2020 11:38:26 PM - Inserir Historico IMCSR202003104BR
4/9/2020 11:38:27 PM - Insert with success IMCSR202003104BR
4/9/2020 11:38:53 PM - Inserir Historico IMCSR202003139BR
4/9/2020 11:38:53 PM - Insert with success IMCSR202003139BR
4/9/2020 11:39:19 PM - Inserir Historico IMCSR202003136BR
4/9/2020 11:39:20 PM - Insert with success IMCSR202003136BR
4/9/2020 11:39:42 PM - Inserir Historico EORHO202003045BR
4/9/2020 11:39:43 PM - Insert with success EORHO202003045BR
4/9/2020 11:40:12 PM - Inserir Historico IMCSR202002184BR
4/9/2020 11:40:13 PM - Insert with success IMCSR202002184BR
4/9/2020 11:43:55 PM - Inserir Historico IACBT202003008BR
4/9/2020 11:43:56 PM - Insert with success IACBT202003008BR
4/9/2020 11:44:21 PM - Inserir Historico IMSOL202001100BR
4/9/2020 11:44:22 PM - Insert with success IMSOL202001100BR
4/9/2020 11:44:49 PM - Inserir Historico IMCSR202003323BR
4/9/2020 11:44:50 PM - Insert with success IMCSR202003323BR
4/9/2020 11:45:18 PM - Inserir Historico IMCSR202003324BR
4/9/2020 11:45:19 PM - Insert with success IMCSR202003324BR
4/9/2020 11:45:49 PM - Inserir Historico IMCSR202003328BR
4/9/2020 11:45:50 PM - Insert with success IMCSR202003328BR
4/9/2020 11:46:23 PM - Inserir Historico IMCSR202003574BR
4/9/2020 11:46:24 PM - Insert with success IMCSR202003574BR
4/9/2020 11:46:51 PM - Inserir Historico IMCSR202003575BR
4/9/2020 11:46:52 PM - Insert with success IMCSR202003575BR
4/9/2020 11:47:20 PM - Inserir Historico IMCSR202003585BR
4/9/2020 11:47:21 PM - Insert with success IMCSR202003585BR
4/9/2020 11:47:51 PM - Inserir Historico IMCSR202003594BR
4/9/2020 11:47:52 PM - Insert with success IMCSR202003594BR
4/9/2020 11:48:22 PM - Inserir Historico IOCSR202004007BR
4/9/2020 11:48:24 PM - Insert with success IOCSR202004007BR
4/9/2020 11:49:01 PM - Inserir Historico IMSOL202002147BR
4/9/2020 11:49:02 PM - Insert with success IMSOL202002147BR
4/9/2020 11:49:29 PM - Inserir Historico EORHO202003017BR
4/9/2020 11:49:31 PM - Insert with success EORHO202003017BR
4/9/2020 11:49:58 PM - Inserir Historico IOCSR202004005BR
4/9/2020 11:49:59 PM - Insert with success IOCSR202004005BR
4/9/2020 11:50:30 PM - Inserir Historico IOCSR202004006BR
4/9/2020 11:50:32 PM - Insert with success IOCSR202004006BR
4/9/2020 11:51:04 PM - Inserir Historico IMSOL202002032BR
4/9/2020 11:51:06 PM - Insert with success IMSOL202002032BR
4/9/2020 11:51:45 PM - Inserir Historico IOCSR202004004BR
4/9/2020 11:51:47 PM - Insert with success IOCSR202004004BR
4/9/2020 11:52:14 PM - Inserir Historico EMCSR202003009BR
4/9/2020 11:52:16 PM - Insert with success EMCSR202003009BR
4/9/2020 11:52:44 PM - Inserir Historico EMCSR202003127BR
4/9/2020 11:52:46 PM - Insert with success EMCSR202003127BR
4/9/2020 11:53:13 PM - Inserir Historico EMCSR202002050BR
4/9/2020 11:53:14 PM - Insert with success EMCSR202002050BR
4/9/2020 11:53:37 PM - Inserir Historico EMCSR202002048BR
4/9/2020 11:53:39 PM - Insert with success EMCSR202002048BR
4/9/2020 11:54:03 PM - Inserir Historico EMCSR202003104BR
4/9/2020 11:54:04 PM - Insert with success EMCSR202003104BR
4/9/2020 11:54:25 PM - Inserir Historico EMCSR202003107BR
4/9/2020 11:54:27 PM - Insert with success EMCSR202003107BR
4/9/2020 11:54:49 PM - Inserir Historico EMCSR202003105BR
4/9/2020 11:54:49 PM - Insert with success EMCSR202003105BR
4/9/2020 11:55:23 PM - Inserir Historico IMSLA202003018BR
4/9/2020 11:55:24 PM - Insert with success IMSLA202003018BR
4/9/2020 11:55:48 PM - Inserir Historico EMCSR202001086BR
4/9/2020 11:55:50 PM - Insert with success EMCSR202001086BR
4/9/2020 11:56:12 PM - Inserir Historico EMCSR202003113BR
4/9/2020 11:56:12 PM - Insert with success EMCSR202003113BR
4/9/2020 11:56:33 PM - Inserir Historico EMCSR202004001BR
4/9/2020 11:56:34 PM - Insert with success EMCSR202004001BR
4/9/2020 11:57:00 PM - Inserir Historico IMSLA202003021BR
4/9/2020 11:57:01 PM - Insert with success IMSLA202003021BR
4/9/2020 11:57:26 PM - Inserir Historico IOCSR202004002BR
4/9/2020 11:57:27 PM - Insert with success IOCSR202004002BR
4/9/2020 11:57:54 PM - Inserir Historico IOCSR202004003BR
4/9/2020 11:57:55 PM - Insert with success IOCSR202004003BR
4/9/2020 11:58:22 PM - Inserir Historico IOCSR202004001BR
4/9/2020 11:58:23 PM - Insert with success IOCSR202004001BR
4/9/2020 11:58:52 PM - Inserir Historico IMSLA202003030BR
4/9/2020 11:58:53 PM - Insert with success IMSLA202003030BR
4/9/2020 11:59:14 PM - Inserir Historico EMCSR202003128BR
4/9/2020 11:59:15 PM - Insert with success EMCSR202003128BR
4/9/2020 11:59:40 PM - Inserir Historico EMOXT202004089BR
4/9/2020 11:59:42 PM - Insert with success EMOXT202004089BR
