4/8/2020 6:49:33 AM - Inserir Historico EMOXT202004076BR
4/8/2020 6:49:34 AM - Insert with success EMOXT202004076BR
4/8/2020 6:50:26 AM - Inserir Historico IMOXT202002018BR
4/8/2020 6:50:27 AM - Insert with success IMOXT202002018BR
4/8/2020 6:51:10 AM - Inserir Historico EORHO202003040BR
4/8/2020 6:51:11 AM - Insert with success EORHO202003040BR
4/8/2020 6:52:06 AM - Inserir Historico IMSPC202002046BR
4/8/2020 6:52:07 AM - Insert with success IMSPC202002046BR
4/8/2020 6:52:57 AM - Inserir Historico IMSWB202001048BR
4/8/2020 6:52:57 AM - Insert with success IMSWB202001048BR
4/8/2020 6:53:36 AM - Inserir Historico IMSPC202001026BR
4/8/2020 6:53:37 AM - Insert with success IMSPC202001026BR
4/8/2020 6:54:18 AM - Inserir Historico IMATL202002063BR
4/8/2020 6:54:19 AM - Insert with success IMATL202002063BR
4/8/2020 6:54:49 AM - Inserir Historico IOCSR202003004BR
4/8/2020 6:54:50 AM - Insert with success IOCSR202003004BR
4/8/2020 6:55:44 AM - Inserir Historico IASPC202002007BR
4/8/2020 6:55:45 AM - Insert with success IASPC202002007BR
4/8/2020 6:56:20 AM - Inserir Historico IMSPC202002038BR
4/8/2020 6:56:21 AM - Insert with success IMSPC202002038BR
4/8/2020 6:56:55 AM - Inserir Historico IMVTP202003001BR
4/8/2020 6:56:55 AM - Insert with success IMVTP202003001BR
4/8/2020 6:57:48 AM - Inserir Historico IMSPC202003008BR
4/8/2020 6:57:49 AM - Insert with success IMSPC202003008BR
4/8/2020 6:58:30 AM - Inserir Historico IMSPC202003016BR
4/8/2020 6:58:31 AM - Insert with success IMSPC202003016BR
4/8/2020 6:59:15 AM - Inserir Historico IMSPC202003005BR
4/8/2020 6:59:16 AM - Insert with success IMSPC202003005BR
4/8/2020 6:59:48 AM - Inserir Historico EMSAM202004007BR
4/8/2020 6:59:48 AM - Insert with success EMSAM202004007BR
4/8/2020 7:00:25 AM - Inserir Historico IMSPC202002045BR
4/8/2020 7:00:26 AM - Insert with success IMSPC202002045BR
4/8/2020 7:01:08 AM - Inserir Historico IMIFB202002009BR
4/8/2020 7:01:09 AM - Insert with success IMIFB202002009BR
4/8/2020 7:01:46 AM - Inserir Historico IASPC202003001BR
4/8/2020 7:01:47 AM - Insert with success IASPC202003001BR
4/8/2020 7:02:26 AM - Inserir Historico EMOXT202004077BR
4/8/2020 7:02:27 AM - Insert with success EMOXT202004077BR
4/8/2020 7:03:16 AM - Inserir Historico IMSOL202003006BR
4/8/2020 7:03:17 AM - Insert with success IMSOL202003006BR
4/8/2020 7:04:13 AM - Inserir Historico IMCTV202003086BR
4/8/2020 7:04:13 AM - Insert with success IMCTV202003086BR
4/8/2020 7:04:40 AM - Inserir Historico IMIFB202001076BR
4/8/2020 7:04:41 AM - Insert with success IMIFB202001076BR
4/8/2020 7:05:48 AM - Inserir Historico IMCTV202001072BR
4/8/2020 7:05:48 AM - Insert with success IMCTV202001072BR
4/8/2020 7:06:14 AM - Inserir Historico IMSOL202004082BR
4/8/2020 7:06:15 AM - Insert with success IMSOL202004082BR
4/8/2020 7:07:01 AM - Inserir Historico IMCSR202003280BR
4/8/2020 7:07:02 AM - Insert with success IMCSR202003280BR
4/8/2020 7:07:28 AM - Inserir Historico IMCSR202003281BR
4/8/2020 7:07:28 AM - Insert with success IMCSR202003281BR
4/8/2020 7:08:04 AM - Inserir Historico IMCTV202002001BR
4/8/2020 7:08:05 AM - Insert with success IMCTV202002001BR
4/8/2020 7:08:34 AM - Inserir Historico EMOXT202004078BR
4/8/2020 7:08:35 AM - Insert with success EMOXT202004078BR
4/8/2020 7:09:06 AM - Inserir Historico EMARC202003022BR
4/8/2020 7:09:06 AM - Insert with success EMARC202003022BR
4/8/2020 7:09:51 AM - Inserir Historico IMCSR202003612BR
4/8/2020 7:09:51 AM - Insert with success IMCSR202003612BR
4/8/2020 7:10:29 AM - Inserir Historico IMIFB202001070BR
4/8/2020 7:10:30 AM - Insert with success IMIFB202001070BR
4/8/2020 7:10:58 AM - Inserir Historico IMSOL202004083BR
4/8/2020 7:10:59 AM - Insert with success IMSOL202004083BR
4/8/2020 7:11:57 AM - Inserir Historico IMCSR202001638BR
4/8/2020 7:11:58 AM - Insert with success IMCSR202001638BR
4/8/2020 7:12:37 AM - Inserir Historico IMSOL202004084BR
4/8/2020 7:12:37 AM - Insert with success IMSOL202004084BR
4/8/2020 7:13:01 AM - Inserir Historico EMOXT202004079BR
4/8/2020 7:13:01 AM - Insert with success EMOXT202004079BR
4/8/2020 7:13:46 AM - Inserir Historico IMSWB202002030BR
4/8/2020 7:13:46 AM - Insert with success IMSWB202002030BR
4/8/2020 7:14:13 AM - Inserir Historico IMCSR202003533BR
4/8/2020 7:14:13 AM - Insert with success IMCSR202003533BR
4/8/2020 7:14:52 AM - Inserir Historico IMSOL202004085BR
4/8/2020 7:14:52 AM - Insert with success IMSOL202004085BR
4/8/2020 7:15:32 AM - Inserir Historico IMCSR202003532BR
4/8/2020 7:15:32 AM - Insert with success IMCSR202003532BR
4/8/2020 7:15:56 AM - Inserir Historico IMOXT202001029BR
4/8/2020 7:15:56 AM - Insert with success IMOXT202001029BR
4/8/2020 7:16:42 AM - Inserir Historico IMMAU202003016BR
4/8/2020 7:16:43 AM - Insert with success IMMAU202003016BR
4/8/2020 7:17:40 AM - Inserir Historico EMSAM202003011BR
4/8/2020 7:17:40 AM - Insert with success EMSAM202003011BR
4/8/2020 7:18:11 AM - Inserir Historico EMOXT202004080BR
4/8/2020 7:18:11 AM - Insert with success EMOXT202004080BR
4/8/2020 7:19:04 AM - Inserir Historico IMCTV202003009BR
4/8/2020 7:19:05 AM - Insert with success IMCTV202003009BR
4/8/2020 7:19:48 AM - Inserir Historico IMSOL202004086BR
4/8/2020 7:19:49 AM - Insert with success IMSOL202004086BR
4/8/2020 7:20:39 AM - Inserir Historico IMIFB202001071BR
4/8/2020 7:20:40 AM - Insert with success IMIFB202001071BR
4/8/2020 7:21:13 AM - Inserir Historico EMOXT202004081BR
4/8/2020 7:21:14 AM - Insert with success EMOXT202004081BR
4/8/2020 7:21:58 AM - Inserir Historico IMSOL202004087BR
4/8/2020 7:21:59 AM - Insert with success IMSOL202004087BR
4/8/2020 7:22:30 AM - Inserir Historico IMCTV202002027BR
4/8/2020 7:22:30 AM - Insert with success IMCTV202002027BR
4/8/2020 7:23:01 AM - Inserir Historico EOCSR202002008BR
4/8/2020 7:23:02 AM - Insert with success EOCSR202002008BR
4/8/2020 7:23:44 AM - Inserir Historico IMCTV202001045BR
4/8/2020 7:23:44 AM - Insert with success IMCTV202001045BR
4/8/2020 7:24:14 AM - Inserir Historico IMIFB202001066BR
4/8/2020 7:24:15 AM - Insert with success IMIFB202001066BR
4/8/2020 7:24:45 AM - Inserir Historico IMSOL202004088BR
4/8/2020 7:24:45 AM - Insert with success IMSOL202004088BR
4/8/2020 7:25:16 AM - Inserir Historico IMCTV202001046BR
4/8/2020 7:25:17 AM - Insert with success IMCTV202001046BR
4/8/2020 7:25:58 AM - Inserir Historico IMCTV202001048BR
4/8/2020 7:25:59 AM - Insert with success IMCTV202001048BR
4/8/2020 7:26:27 AM - Inserir Historico IMCTV202001047BR
4/8/2020 7:26:28 AM - Insert with success IMCTV202001047BR
4/8/2020 7:27:03 AM - Inserir Historico EOOXT202003023BR
4/8/2020 7:27:03 AM - Insert with success EOOXT202003023BR
4/8/2020 7:27:40 AM - Inserir Historico IMCTV201912011BR
4/8/2020 7:27:41 AM - Insert with success IMCTV201912011BR
4/8/2020 7:28:13 AM - Inserir Historico IMSOL202004089BR
4/8/2020 7:28:14 AM - Insert with success IMSOL202004089BR
4/8/2020 7:28:56 AM - Inserir Historico IMSOL202004090BR
4/8/2020 7:28:56 AM - Insert with success IMSOL202004090BR
4/8/2020 7:29:22 AM - Inserir Historico EMOXT202004082BR
4/8/2020 7:29:22 AM - Insert with success EMOXT202004082BR
4/8/2020 7:29:56 AM - Inserir Historico IACTV202003027BR
4/8/2020 7:29:57 AM - Insert with success IACTV202003027BR
4/8/2020 7:30:36 AM - Inserir Historico IMSOL202004091BR
4/8/2020 7:30:37 AM - Insert with success IMSOL202004091BR
4/8/2020 7:31:15 AM - Inserir Historico IACTV202002010BR
4/8/2020 7:31:15 AM - Insert with success IACTV202002010BR
4/8/2020 7:31:48 AM - Inserir Historico IMOXT201902036BR
4/8/2020 7:31:48 AM - Insert with success IMOXT201902036BR
4/8/2020 7:32:31 AM - Inserir Historico IMOXT201812001BR
4/8/2020 7:32:32 AM - Insert with success IMOXT201812001BR
4/8/2020 7:33:01 AM - Inserir Historico IMOXT201803003BR
4/8/2020 7:33:02 AM - Insert with success IMOXT201803003BR
4/8/2020 7:33:41 AM - Inserir Historico IMCSR202003265BR
4/8/2020 7:33:42 AM - Insert with success IMCSR202003265BR
4/8/2020 7:34:25 AM - Inserir Historico IMOXT201901028BR
4/8/2020 7:34:26 AM - Insert with success IMOXT201901028BR
4/8/2020 7:35:25 AM - Inserir Historico IMOXT201910034BR
4/8/2020 7:35:26 AM - Insert with success IMOXT201910034BR
4/8/2020 7:36:09 AM - Inserir Historico IMOXT201908026BR
4/8/2020 7:36:09 AM - Insert with success IMOXT201908026BR
4/8/2020 7:37:09 AM - Inserir Historico IMOXT201802062BR
4/8/2020 7:37:10 AM - Insert with success IMOXT201802062BR
4/8/2020 7:37:54 AM - Inserir Historico IMOXT201910038BR
4/8/2020 7:37:55 AM - Insert with success IMOXT201910038BR
4/8/2020 7:38:33 AM - Inserir Historico IMOXT201908025BR
4/8/2020 7:38:34 AM - Insert with success IMOXT201908025BR
4/8/2020 7:39:13 AM - Inserir Historico IMOXT201810018BR
4/8/2020 7:39:14 AM - Insert with success IMOXT201810018BR
4/8/2020 7:40:07 AM - Inserir Historico IMOXT201812013BR
4/8/2020 7:40:08 AM - Insert with success IMOXT201812013BR
4/8/2020 7:40:47 AM - Inserir Historico IMOXT201806006BR
4/8/2020 7:40:48 AM - Insert with success IMOXT201806006BR
4/8/2020 7:41:19 AM - Inserir Historico IMOXT201907048BR
4/8/2020 7:41:20 AM - Insert with success IMOXT201907048BR
4/8/2020 7:41:50 AM - Inserir Historico IMOXT201907008BR
4/8/2020 7:41:50 AM - Insert with success IMOXT201907008BR
4/8/2020 7:42:18 AM - Inserir Historico IMOXT201907044BR
4/8/2020 7:42:19 AM - Insert with success IMOXT201907044BR
4/8/2020 7:42:42 AM - Inserir Historico IMOXT201902006BR
4/8/2020 7:42:42 AM - Insert with success IMOXT201902006BR
4/8/2020 7:43:11 AM - Inserir Historico IMOXT201911009BR
4/8/2020 7:43:11 AM - Insert with success IMOXT201911009BR
4/8/2020 7:43:38 AM - Inserir Historico IMOXT201911024BR
4/8/2020 7:43:38 AM - Insert with success IMOXT201911024BR
4/8/2020 7:44:11 AM - Inserir Historico IMOXT201909036BR
4/8/2020 7:44:11 AM - Insert with success IMOXT201909036BR
4/8/2020 7:44:37 AM - Inserir Historico IMOXT201901003BR
4/8/2020 7:44:37 AM - Insert with success IMOXT201901003BR
4/8/2020 7:45:00 AM - Inserir Historico IMOXT202004027BR
4/8/2020 7:45:01 AM - Insert with success IMOXT202004027BR
4/8/2020 7:45:26 AM - Inserir Historico IMCSR202003211BR
4/8/2020 7:45:27 AM - Insert with success IMCSR202003211BR
4/8/2020 7:45:49 AM - Inserir Historico EMOXT202004083BR
4/8/2020 7:45:49 AM - Insert with success EMOXT202004083BR
4/8/2020 7:46:13 AM - Inserir Historico IMSOL202004092BR
4/8/2020 7:46:13 AM - Insert with success IMSOL202004092BR
4/8/2020 7:46:35 AM - Inserir Historico IMSOL202004093BR
4/8/2020 7:46:35 AM - Insert with success IMSOL202004093BR
4/8/2020 7:47:02 AM - Inserir Historico IMCSR202001041BR
4/8/2020 7:47:02 AM - Insert with success IMCSR202001041BR
4/8/2020 7:47:25 AM - Inserir Historico EMOXT202004084BR
4/8/2020 7:47:26 AM - Insert with success EMOXT202004084BR
4/8/2020 7:47:48 AM - Inserir Historico IMSOL202004094BR
4/8/2020 7:47:49 AM - Insert with success IMSOL202004094BR
4/8/2020 7:48:14 AM - Inserir Historico IOCTV202003017BR
4/8/2020 7:48:15 AM - Insert with success IOCTV202003017BR
4/8/2020 7:48:38 AM - Inserir Historico EMOXT202004085BR
4/8/2020 7:48:38 AM - Insert with success EMOXT202004085BR
4/8/2020 7:49:02 AM - Inserir Historico IMSWB202001081BR
4/8/2020 7:49:02 AM - Insert with success IMSWB202001081BR
4/8/2020 7:49:31 AM - Inserir Historico EMSAM202003016BR
4/8/2020 7:49:32 AM - Insert with success EMSAM202003016BR
4/8/2020 7:49:55 AM - Inserir Historico EMSAM202003017BR
4/8/2020 7:49:55 AM - Insert with success EMSAM202003017BR
4/8/2020 7:50:36 AM - Inserir Historico EMSAM202003018BR
4/8/2020 7:50:36 AM - Insert with success EMSAM202003018BR
4/8/2020 7:51:12 AM - Inserir Historico EMSAM202003019BR
4/8/2020 7:51:12 AM - Insert with success EMSAM202003019BR
4/8/2020 7:52:01 AM - Inserir Historico EMSAM202003020BR
4/8/2020 7:52:02 AM - Insert with success EMSAM202003020BR
4/8/2020 7:52:41 AM - Inserir Historico EMSAM202003021BR
4/8/2020 7:52:41 AM - Insert with success EMSAM202003021BR
4/8/2020 7:53:05 AM - Inserir Historico IMCSR202003511BR
4/8/2020 7:53:06 AM - Insert with success IMCSR202003511BR
4/8/2020 7:53:38 AM - Inserir Historico EMOXT202004086BR
4/8/2020 7:53:38 AM - Insert with success EMOXT202004086BR
4/8/2020 7:54:10 AM - Inserir Historico EMATL202004019BR
4/8/2020 7:54:10 AM - Insert with success EMATL202004019BR
4/8/2020 7:54:55 AM - Inserir Historico IMSOL202004095BR
4/8/2020 7:54:56 AM - Insert with success IMSOL202004095BR
4/8/2020 7:55:33 AM - Inserir Historico IMEXO202004004BR
4/8/2020 7:55:33 AM - Insert with success IMEXO202004004BR
4/8/2020 7:55:58 AM - Inserir Historico IMEXO202003031BR
4/8/2020 7:55:58 AM - Insert with success IMEXO202003031BR
4/8/2020 7:56:53 AM - Inserir Historico IOCTV202003018BR
4/8/2020 7:56:54 AM - Insert with success IOCTV202003018BR
4/8/2020 7:57:40 AM - Inserir Historico EMOXT202004087BR
4/8/2020 7:57:40 AM - Insert with success EMOXT202004087BR
4/8/2020 7:58:13 AM - Inserir Historico IMSPC202004007BR
4/8/2020 7:58:14 AM - Insert with success IMSPC202004007BR
4/8/2020 7:58:42 AM - Inserir Historico IMSOL202004096BR
4/8/2020 7:58:43 AM - Insert with success IMSOL202004096BR
4/8/2020 8:00:44 AM - Inserir Historico IMSLA202004009BR
4/8/2020 8:00:45 AM - Insert with success IMSLA202004009BR
4/8/2020 8:01:06 AM - Inserir Historico EMCSR202003108BR
4/8/2020 8:01:07 AM - Insert with success EMCSR202003108BR
4/8/2020 8:01:25 AM - Inserir Historico EMATL202003041BR
4/8/2020 8:01:26 AM - Insert with success EMATL202003041BR
4/8/2020 8:01:46 AM - Inserir Historico EMCSR202003109BR
4/8/2020 8:01:47 AM - Insert with success EMCSR202003109BR
4/8/2020 8:02:12 AM - Inserir Historico IMSOL202004097BR
4/8/2020 8:02:13 AM - Insert with success IMSOL202004097BR
4/8/2020 8:02:39 AM - Inserir Historico IOCTV202003019BR
4/8/2020 8:02:40 AM - Insert with success IOCTV202003019BR
4/8/2020 8:03:04 AM - Inserir Historico EMCSR202003106BR
4/8/2020 8:03:05 AM - Insert with success EMCSR202003106BR
4/8/2020 8:03:29 AM - Inserir Historico IMATL202002077BR
4/8/2020 8:03:29 AM - Insert with success IMATL202002077BR
4/8/2020 8:03:55 AM - Inserir Historico EMCSR202003110BR
4/8/2020 8:03:55 AM - Insert with success EMCSR202003110BR
4/8/2020 8:04:24 AM - Inserir Historico IMSWB202002084BR
4/8/2020 8:04:25 AM - Insert with success IMSWB202002084BR
4/8/2020 8:04:58 AM - Inserir Historico IOCTV202003020BR
4/8/2020 8:04:58 AM - Insert with success IOCTV202003020BR
4/8/2020 8:05:35 AM - Inserir Historico IMCSR202003069BR
4/8/2020 8:05:36 AM - Insert with success IMCSR202003069BR
4/8/2020 8:06:10 AM - Inserir Historico IMOXT201903026BR
4/8/2020 8:06:11 AM - Insert with success IMOXT201903026BR
4/8/2020 8:06:51 AM - Inserir Historico IMOXT201910006BR
4/8/2020 8:06:52 AM - Insert with success IMOXT201910006BR
4/8/2020 8:07:25 AM - Inserir Historico IMOXT201809018BR
4/8/2020 8:07:25 AM - Insert with success IMOXT201809018BR
4/8/2020 8:08:01 AM - Inserir Historico IOOXT201912006BR
4/8/2020 8:08:01 AM - Insert with success IOOXT201912006BR
4/8/2020 8:09:03 AM - Inserir Historico IAOXT201810016BR
4/8/2020 8:09:03 AM - Insert with success IAOXT201810016BR
4/8/2020 8:09:38 AM - Inserir Historico IMOXT201905039BR
4/8/2020 8:09:38 AM - Insert with success IMOXT201905039BR
4/8/2020 8:10:31 AM - Inserir Historico IMOXT201811014BR
4/8/2020 8:10:31 AM - Insert with success IMOXT201811014BR
4/8/2020 8:11:16 AM - Inserir Historico IOOXT201802013BR
4/8/2020 8:11:17 AM - Insert with success IOOXT201802013BR
4/8/2020 8:11:51 AM - Inserir Historico IMOXT201906021BR
4/8/2020 8:11:52 AM - Insert with success IMOXT201906021BR
4/8/2020 8:12:44 AM - Inserir Historico IMOXT201812023BR
4/8/2020 8:12:44 AM - Insert with success IMOXT201812023BR
4/8/2020 8:13:48 AM - Inserir Historico IMOXT201910026BR
4/8/2020 8:13:49 AM - Insert with success IMOXT201910026BR
4/8/2020 8:14:25 AM - Inserir Historico IMOXT201801007BR
4/8/2020 8:14:25 AM - Insert with success IMOXT201801007BR
4/8/2020 8:15:14 AM - Inserir Historico IMOXT201806028BR
4/8/2020 8:15:14 AM - Insert with success IMOXT201806028BR
4/8/2020 8:16:07 AM - Inserir Historico IMOXT201911017BR
4/8/2020 8:16:08 AM - Insert with success IMOXT201911017BR
4/8/2020 8:16:54 AM - Inserir Historico IMOXT201812004BR
4/8/2020 8:16:55 AM - Insert with success IMOXT201812004BR
4/8/2020 8:17:39 AM - Inserir Historico IMOXT201810021BR
4/8/2020 8:17:40 AM - Insert with success IMOXT201810021BR
4/8/2020 8:18:42 AM - Inserir Historico IMOXT201808047BR
4/8/2020 8:18:43 AM - Insert with success IMOXT201808047BR
4/8/2020 8:19:11 AM - Inserir Historico IMOXT201809019BR
4/8/2020 8:19:11 AM - Insert with success IMOXT201809019BR
4/8/2020 8:19:42 AM - Inserir Historico IMOXT201907029BR
4/8/2020 8:19:42 AM - Insert with success IMOXT201907029BR
4/8/2020 8:20:10 AM - Inserir Historico IMOXT201905038BR
4/8/2020 8:20:11 AM - Insert with success IMOXT201905038BR
4/8/2020 8:20:47 AM - Inserir Historico IOOXT201912005BR
4/8/2020 8:20:48 AM - Insert with success IOOXT201912005BR
4/8/2020 8:21:19 AM - Inserir Historico IMOXT201811027BR
4/8/2020 8:21:19 AM - Insert with success IMOXT201811027BR
4/8/2020 8:22:13 AM - Inserir Historico IMOXT201904019BR
4/8/2020 8:22:14 AM - Insert with success IMOXT201904019BR
4/8/2020 8:23:19 AM - Inserir Historico IMOXT201901007BR
4/8/2020 8:23:20 AM - Insert with success IMOXT201901007BR
4/8/2020 8:23:55 AM - Inserir Historico IMOXT201910005BR
4/8/2020 8:23:55 AM - Insert with success IMOXT201910005BR
4/8/2020 8:24:42 AM - Inserir Historico IOOXT201802002BR
4/8/2020 8:24:42 AM - Insert with success IOOXT201802002BR
4/8/2020 8:25:19 AM - Inserir Historico IMOXT201805013BR
4/8/2020 8:25:19 AM - Insert with success IMOXT201805013BR
4/8/2020 8:25:50 AM - Inserir Historico IOOXT201912002BR
4/8/2020 8:25:50 AM - Insert with success IOOXT201912002BR
4/8/2020 8:26:52 AM - Inserir Historico IOOXT201810014BR
4/8/2020 8:26:52 AM - Insert with success IOOXT201810014BR
4/8/2020 8:27:45 AM - Inserir Historico IMOXT201910027BR
4/8/2020 8:27:45 AM - Insert with success IMOXT201910027BR
4/8/2020 8:28:24 AM - Inserir Historico IMOXT201805024BR
4/8/2020 8:28:24 AM - Insert with success IMOXT201805024BR
4/8/2020 8:29:13 AM - Inserir Historico IMOXT201902015BR
4/8/2020 8:29:13 AM - Insert with success IMOXT201902015BR
4/8/2020 8:29:50 AM - Inserir Historico IMOXT201806027BR
4/8/2020 8:29:51 AM - Insert with success IMOXT201806027BR
4/8/2020 8:30:47 AM - Inserir Historico IMOXT201906022BR
4/8/2020 8:30:47 AM - Insert with success IMOXT201906022BR
4/8/2020 8:32:01 AM - Inserir Historico IMOXT201910007BR
4/8/2020 8:32:02 AM - Insert with success IMOXT201910007BR
4/8/2020 8:32:27 AM - Inserir Historico IOOXT201802011BR
4/8/2020 8:32:27 AM - Insert with success IOOXT201802011BR
4/8/2020 8:33:19 AM - Inserir Historico IMOXT201811017BR
4/8/2020 8:33:20 AM - Insert with success IMOXT201811017BR
4/8/2020 8:34:13 AM - Inserir Historico IMOXT201811025BR
4/8/2020 8:34:14 AM - Insert with success IMOXT201811025BR
4/8/2020 8:35:13 AM - Inserir Historico IMOXT201904021BR
4/8/2020 8:35:14 AM - Insert with success IMOXT201904021BR
4/8/2020 8:36:01 AM - Inserir Historico IMOXT201809009BR
4/8/2020 8:36:01 AM - Insert with success IMOXT201809009BR
4/8/2020 8:36:40 AM - Inserir Historico IOOXT201805003BR
4/8/2020 8:36:40 AM - Insert with success IOOXT201805003BR
4/8/2020 8:37:30 AM - Inserir Historico IOOXT201912004BR
4/8/2020 8:37:30 AM - Insert with success IOOXT201912004BR
4/8/2020 8:38:20 AM - Inserir Historico IOOXT201802008BR
4/8/2020 8:38:20 AM - Insert with success IOOXT201802008BR
4/8/2020 8:39:27 AM - Inserir Historico IMOXT201808034BR
4/8/2020 8:39:27 AM - Insert with success IMOXT201808034BR
4/8/2020 8:40:06 AM - Inserir Historico IOOXT201902001BR
4/8/2020 8:40:07 AM - Insert with success IOOXT201902001BR
4/8/2020 8:41:03 AM - Inserir Historico IOOXT201902009BR
4/8/2020 8:41:03 AM - Insert with success IOOXT201902009BR
4/8/2020 8:42:00 AM - Inserir Historico IOOXT201903001BR
4/8/2020 8:42:01 AM - Insert with success IOOXT201903001BR
4/8/2020 8:42:42 AM - Inserir Historico IMOXT201907030BR
4/8/2020 8:42:43 AM - Insert with success IMOXT201907030BR
4/8/2020 8:43:23 AM - Inserir Historico IOOXT201803004BR
4/8/2020 8:43:23 AM - Insert with success IOOXT201803004BR
4/8/2020 8:43:47 AM - Inserir Historico IMOXT201811028BR
4/8/2020 8:43:47 AM - Insert with success IMOXT201811028BR
4/8/2020 8:44:37 AM - Inserir Historico IOOXT202001002BR
4/8/2020 8:44:37 AM - Insert with success IOOXT202001002BR
4/8/2020 8:45:18 AM - Inserir Historico IMOXT201805012BR
4/8/2020 8:45:18 AM - Insert with success IMOXT201805012BR
4/8/2020 8:46:07 AM - Inserir Historico IOCTV202003038BR
4/8/2020 8:46:07 AM - Insert with success IOCTV202003038BR
4/8/2020 8:46:54 AM - Inserir Historico IMCTV201912082BR
4/8/2020 8:46:55 AM - Insert with success IMCTV201912082BR
4/8/2020 8:47:59 AM - Inserir Historico IMCSR202003395BR
4/8/2020 8:47:59 AM - Insert with success IMCSR202003395BR
4/8/2020 8:48:57 AM - Inserir Historico IMCSR202003400BR
4/8/2020 8:48:57 AM - Insert with success IMCSR202003400BR
4/8/2020 8:49:48 AM - Inserir Historico IMCSR202003456BR
4/8/2020 8:49:50 AM - Insert with success IMCSR202003456BR
4/8/2020 8:50:19 AM - Inserir Historico IOCTV202003039BR
4/8/2020 8:50:20 AM - Insert with success IOCTV202003039BR
4/8/2020 8:51:18 AM - Inserir Historico IMCSR202003573BR
4/8/2020 8:51:19 AM - Insert with success IMCSR202003573BR
4/8/2020 8:52:02 AM - Inserir Historico IMSOL202003076BR
4/8/2020 8:52:03 AM - Insert with success IMSOL202003076BR
4/8/2020 8:52:26 AM - Inserir Historico IMLAN202004001BR
4/8/2020 8:52:27 AM - Insert with success IMLAN202004001BR
4/8/2020 8:53:19 AM - Inserir Historico IOOXT202003011BR
4/8/2020 8:53:19 AM - Insert with success IOOXT202003011BR
4/8/2020 8:54:12 AM - Inserir Historico IMOXT202001055BR
4/8/2020 8:54:12 AM - Insert with success IMOXT202001055BR
4/8/2020 8:54:54 AM - Inserir Historico EMOXT202002088BR
4/8/2020 8:54:54 AM - Insert with success EMOXT202002088BR
4/8/2020 8:55:24 AM - Inserir Historico IMCTV202003059BR
4/8/2020 8:55:24 AM - Insert with success IMCTV202003059BR
4/8/2020 8:56:10 AM - Inserir Historico IMSWB202003095BR
4/8/2020 8:56:11 AM - Insert with success IMSWB202003095BR
4/8/2020 8:56:55 AM - Inserir Historico IMSWB202004016BR
4/8/2020 8:56:56 AM - Insert with success IMSWB202004016BR
4/8/2020 8:57:41 AM - Inserir Historico IMCSR202003534BR
4/8/2020 8:57:42 AM - Insert with success IMCSR202003534BR
4/8/2020 8:58:01 AM - Inserir Historico EMATL202003042BR
4/8/2020 8:58:02 AM - Insert with success EMATL202003042BR
4/8/2020 8:58:47 AM - Inserir Historico IMCSR202003546BR
4/8/2020 8:58:48 AM - Insert with success IMCSR202003546BR
4/8/2020 8:59:36 AM - Inserir Historico EMOXT202002103BR
4/8/2020 8:59:36 AM - Insert with success EMOXT202002103BR
4/8/2020 9:00:21 AM - Inserir Historico EMOXT202002176BR
4/8/2020 9:00:22 AM - Insert with success EMOXT202002176BR
4/8/2020 9:01:13 AM - Inserir Historico EMOXT202002237BR
4/8/2020 9:01:13 AM - Insert with success EMOXT202002237BR
4/8/2020 9:01:55 AM - Inserir Historico EMOXT202003028BR
4/8/2020 9:01:55 AM - Insert with success EMOXT202003028BR
4/8/2020 9:02:31 AM - Inserir Historico EMOXT202003072BR
4/8/2020 9:02:31 AM - Insert with success EMOXT202003072BR
4/8/2020 9:03:21 AM - Inserir Historico IAMAU202003001BR
4/8/2020 9:03:22 AM - Insert with success IAMAU202003001BR
4/8/2020 9:04:06 AM - Inserir Historico IMCSR202003273BR
4/8/2020 9:04:07 AM - Insert with success IMCSR202003273BR
4/8/2020 9:05:16 AM - Inserir Historico IMOXT202002008BR
4/8/2020 9:05:17 AM - Insert with success IMOXT202002008BR
4/8/2020 9:05:55 AM - Inserir Historico IMCSR202003440BR
4/8/2020 9:05:56 AM - Insert with success IMCSR202003440BR
4/8/2020 9:07:02 AM - Inserir Historico EMOXT202003126BR
4/8/2020 9:07:03 AM - Insert with success EMOXT202003126BR
4/8/2020 9:07:42 AM - Inserir Historico IMCSR202003391BR
4/8/2020 9:07:43 AM - Insert with success IMCSR202003391BR
4/8/2020 9:08:29 AM - Inserir Historico EMOXT202003153BR
4/8/2020 9:08:29 AM - Insert with success EMOXT202003153BR
4/8/2020 9:09:17 AM - Inserir Historico EMOXT202003183BR
4/8/2020 9:09:17 AM - Insert with success EMOXT202003183BR
4/8/2020 9:09:48 AM - Inserir Historico EMOXT202003198BR
4/8/2020 9:09:49 AM - Insert with success EMOXT202003198BR
4/8/2020 9:10:40 AM - Inserir Historico IMCTV202001002BR
4/8/2020 9:10:41 AM - Insert with success IMCTV202001002BR
4/8/2020 9:11:19 AM - Inserir Historico IMSOL202001104BR
4/8/2020 9:11:20 AM - Insert with success IMSOL202001104BR
4/8/2020 9:11:50 AM - Inserir Historico IMCSR202002203BR
4/8/2020 9:11:51 AM - Insert with success IMCSR202002203BR
4/8/2020 9:12:20 AM - Inserir Historico IMCTV202001061BR
4/8/2020 9:12:21 AM - Insert with success IMCTV202001061BR
4/8/2020 9:12:46 AM - Inserir Historico IMCSR202003108BR
4/8/2020 9:12:47 AM - Insert with success IMCSR202003108BR
4/8/2020 9:13:13 AM - Inserir Historico IMCSR202003547BR
4/8/2020 9:13:13 AM - Insert with success IMCSR202003547BR
4/8/2020 9:13:39 AM - Inserir Historico IMCSR202003427BR
4/8/2020 9:13:40 AM - Insert with success IMCSR202003427BR
4/8/2020 9:14:05 AM - Inserir Historico IMOXT202004028BR
4/8/2020 9:14:05 AM - Insert with success IMOXT202004028BR
4/8/2020 9:14:31 AM - Inserir Historico IACBT202003005BR
4/8/2020 9:14:32 AM - Insert with success IACBT202003005BR
4/8/2020 9:14:57 AM - Inserir Historico IACSR202003013BR
4/8/2020 9:14:59 AM - Insert with success IACSR202003013BR
4/8/2020 9:15:30 AM - Inserir Historico IACSR202003015BR
4/8/2020 9:15:31 AM - Insert with success IACSR202003015BR
4/8/2020 9:15:50 AM - Inserir Historico IMATL202004017BR
4/8/2020 9:15:50 AM - Insert with success IMATL202004017BR
4/8/2020 9:16:16 AM - Inserir Historico IAOCV202003001BR
4/8/2020 9:16:17 AM - Insert with success IAOCV202003001BR
4/8/2020 9:17:05 AM - Inserir Historico IASOL202003005BR
4/8/2020 9:17:05 AM - Insert with success IASOL202003005BR
4/8/2020 9:17:44 AM - Inserir Historico IASWB202002020BR
4/8/2020 9:17:45 AM - Insert with success IASWB202002020BR
4/8/2020 9:18:32 AM - Inserir Historico IASWB202002021BR
4/8/2020 9:18:32 AM - Insert with success IASWB202002021BR
4/8/2020 9:19:23 AM - Inserir Historico IASWB202003017BR
4/8/2020 9:19:24 AM - Insert with success IASWB202003017BR
4/8/2020 9:20:48 AM - Inserir Historico IMATN202003002BR
4/8/2020 9:20:49 AM - Insert with success IMATN202003002BR
4/8/2020 9:21:26 AM - Inserir Historico IMATN202003003BR
4/8/2020 9:21:26 AM - Insert with success IMATN202003003BR
4/8/2020 9:22:29 AM - Inserir Historico IMATN202003004BR
4/8/2020 9:22:30 AM - Insert with success IMATN202003004BR
4/8/2020 9:23:29 AM - Inserir Historico IMATN202003006BR
4/8/2020 9:23:29 AM - Insert with success IMATN202003006BR
4/8/2020 9:24:19 AM - Inserir Historico IMCSR202002183BR
4/8/2020 9:24:20 AM - Insert with success IMCSR202002183BR
4/8/2020 9:25:05 AM - Inserir Historico IMBCB202002002BR
4/8/2020 9:25:05 AM - Insert with success IMBCB202002002BR
4/8/2020 9:26:18 AM - Inserir Historico IMCBT202003028BR
4/8/2020 9:26:18 AM - Insert with success IMCBT202003028BR
4/8/2020 9:26:53 AM - Inserir Historico IMCSR202001046BR
4/8/2020 9:26:54 AM - Insert with success IMCSR202001046BR
4/8/2020 9:27:51 AM - Inserir Historico IMCSR202001082BR
4/8/2020 9:27:52 AM - Insert with success IMCSR202001082BR
4/8/2020 9:28:35 AM - Inserir Historico EMATL202003021BR
4/8/2020 9:28:38 AM - Insert with success EMATL202003021BR
4/8/2020 9:29:15 AM - Inserir Historico EMARC202003019BR
4/8/2020 9:29:15 AM - Insert with success EMARC202003019BR
4/8/2020 9:30:16 AM - Inserir Historico IMCSR202002228BR
4/8/2020 9:30:17 AM - Insert with success IMCSR202002228BR
4/8/2020 9:31:16 AM - Inserir Historico IMCSR202002240BR
4/8/2020 9:31:16 AM - Insert with success IMCSR202002240BR
4/8/2020 9:32:39 AM - Inserir Historico IMCSR202003212BR
4/8/2020 9:32:40 AM - Insert with success IMCSR202003212BR
4/8/2020 9:33:18 AM - Inserir Historico IMCSR202003252BR
4/8/2020 9:33:19 AM - Insert with success IMCSR202003252BR
4/8/2020 9:33:58 AM - Inserir Historico IMCSR202003264BR
4/8/2020 9:33:58 AM - Insert with success IMCSR202003264BR
4/8/2020 9:34:33 AM - Inserir Historico IMCSR202003201BR
4/8/2020 9:34:33 AM - Insert with success IMCSR202003201BR
4/8/2020 9:35:03 AM - Inserir Historico IMCSR202003276BR
4/8/2020 9:35:04 AM - Insert with success IMCSR202003276BR
4/8/2020 9:35:38 AM - Inserir Historico IMCSR202003237BR
4/8/2020 9:35:39 AM - Insert with success IMCSR202003237BR
4/8/2020 9:36:16 AM - Inserir Historico IMOXT202004029BR
4/8/2020 9:36:17 AM - Insert with success IMOXT202004029BR
4/8/2020 9:36:49 AM - Inserir Historico IMCSR202003376BR
4/8/2020 9:36:50 AM - Insert with success IMCSR202003376BR
4/8/2020 9:37:26 AM - Inserir Historico IMCSR202003377BR
4/8/2020 9:37:27 AM - Insert with success IMCSR202003377BR
4/8/2020 9:37:57 AM - Inserir Historico IMCSR202003390BR
4/8/2020 9:37:57 AM - Insert with success IMCSR202003390BR
4/8/2020 9:38:27 AM - Inserir Historico IMCSR202003392BR
4/8/2020 9:38:27 AM - Insert with success IMCSR202003392BR
4/8/2020 9:39:12 AM - Inserir Historico IMCSR202003393BR
4/8/2020 9:39:12 AM - Insert with success IMCSR202003393BR
4/8/2020 9:39:59 AM - Inserir Historico IMCSR202003394BR
4/8/2020 9:40:00 AM - Insert with success IMCSR202003394BR
4/8/2020 9:40:38 AM - Inserir Historico IMCSR202003398BR
4/8/2020 9:40:39 AM - Insert with success IMCSR202003398BR
4/8/2020 9:41:33 AM - Inserir Historico IMCSR202003399BR
4/8/2020 9:41:33 AM - Insert with success IMCSR202003399BR
4/8/2020 9:42:12 AM - Inserir Historico IMCSR202003428BR
4/8/2020 9:42:13 AM - Insert with success IMCSR202003428BR
4/8/2020 9:43:05 AM - Inserir Historico IMCSR202003429BR
4/8/2020 9:43:06 AM - Insert with success IMCSR202003429BR
4/8/2020 9:43:56 AM - Inserir Historico IMCSR202003431BR
4/8/2020 9:43:57 AM - Insert with success IMCSR202003431BR
4/8/2020 9:44:43 AM - Inserir Historico IMCSR202003432BR
4/8/2020 9:44:43 AM - Insert with success IMCSR202003432BR
4/8/2020 9:45:30 AM - Inserir Historico IMCSR202003433BR
4/8/2020 9:45:30 AM - Insert with success IMCSR202003433BR
4/8/2020 9:46:20 AM - Inserir Historico IMCSR202003434BR
4/8/2020 9:46:20 AM - Insert with success IMCSR202003434BR
4/8/2020 9:47:11 AM - Inserir Historico IMCSR202003435BR
4/8/2020 9:47:11 AM - Insert with success IMCSR202003435BR
4/8/2020 9:48:01 AM - Inserir Historico IMCTV202001006BR
4/8/2020 9:48:01 AM - Insert with success IMCTV202001006BR
4/8/2020 9:48:34 AM - Inserir Historico IMATL202004018BR
4/8/2020 9:48:35 AM - Insert with success IMATL202004018BR
4/8/2020 9:49:57 AM - Inserir Historico IMEAS202003013BR
4/8/2020 9:49:58 AM - Insert with success IMEAS202003013BR
4/8/2020 9:50:45 AM - Inserir Historico IMIFB201909005BR
4/8/2020 9:50:45 AM - Insert with success IMIFB201909005BR
4/8/2020 9:51:41 AM - Inserir Historico IMIFB202001013BR
4/8/2020 9:51:42 AM - Insert with success IMIFB202001013BR
4/8/2020 9:52:35 AM - Inserir Historico IMIFB202001018BR
4/8/2020 9:52:35 AM - Insert with success IMIFB202001018BR
4/8/2020 9:53:22 AM - Inserir Historico IMIFB202001028BR
4/8/2020 9:53:23 AM - Insert with success IMIFB202001028BR
4/8/2020 9:54:24 AM - Inserir Historico IMIFB202001029BR
4/8/2020 9:54:24 AM - Insert with success IMIFB202001029BR
4/8/2020 9:55:13 AM - Inserir Historico IMIFB202001031BR
4/8/2020 9:55:14 AM - Insert with success IMIFB202001031BR
4/8/2020 9:56:00 AM - Inserir Historico IMIFB202001032BR
4/8/2020 9:56:00 AM - Insert with success IMIFB202001032BR
4/8/2020 9:56:43 AM - Inserir Historico IMIFB202001036BR
4/8/2020 9:56:44 AM - Insert with success IMIFB202001036BR
4/8/2020 9:58:20 AM - Inserir Historico IMIFB202001045BR
4/8/2020 9:58:21 AM - Insert with success IMIFB202001045BR
4/8/2020 9:59:36 AM - Inserir Historico IMCSR202004022BR
4/8/2020 9:59:37 AM - Insert with success IMCSR202004022BR
4/8/2020 10:01:10 AM - Inserir Historico IMIFB202001047BR
4/8/2020 10:01:12 AM - Insert with success IMIFB202001047BR
4/8/2020 10:02:05 AM - Inserir Historico IMIFB202001049BR
4/8/2020 10:02:07 AM - Insert with success IMIFB202001049BR
4/8/2020 10:03:36 AM - Inserir Historico IMIFB202001050BR
4/8/2020 10:03:36 AM - Insert with success IMIFB202001050BR
4/8/2020 10:04:46 AM - Inserir Historico IMIFB202001058BR
4/8/2020 10:04:47 AM - Insert with success IMIFB202001058BR
4/8/2020 10:06:22 AM - Inserir Historico IMIFB202001065BR
4/8/2020 10:06:22 AM - Insert with success IMIFB202001065BR
4/8/2020 10:07:38 AM - Inserir Historico IMIFB202001068BR
4/8/2020 10:07:38 AM - Insert with success IMIFB202001068BR
4/8/2020 10:08:55 AM - Inserir Historico IMIFB202001072BR
4/8/2020 10:08:56 AM - Insert with success IMIFB202001072BR
4/8/2020 10:10:03 AM - Inserir Historico IMIFB202001073BR
4/8/2020 10:10:03 AM - Insert with success IMIFB202001073BR
4/8/2020 10:11:27 AM - Inserir Historico IMIFB202002005BR
4/8/2020 10:11:27 AM - Insert with success IMIFB202002005BR
4/8/2020 10:12:20 AM - Inserir Historico IMIFB202002006BR
4/8/2020 10:12:20 AM - Insert with success IMIFB202002006BR
4/8/2020 10:13:11 AM - Inserir Historico IMIFB202002008BR
4/8/2020 10:13:11 AM - Insert with success IMIFB202002008BR
4/8/2020 10:14:00 AM - Inserir Historico IMLYB202001016BR
4/8/2020 10:14:01 AM - Insert with success IMLYB202001016BR
4/8/2020 10:14:34 AM - Inserir Historico IMLYB202001018BR
4/8/2020 10:14:34 AM - Insert with success IMLYB202001018BR
4/8/2020 10:15:22 AM - Inserir Historico IMLYB202003002BR
4/8/2020 10:15:23 AM - Insert with success IMLYB202003002BR
4/8/2020 10:16:12 AM - Inserir Historico IMOCV202001004BR
4/8/2020 10:16:12 AM - Insert with success IMOCV202001004BR
4/8/2020 10:16:56 AM - Inserir Historico IMSLA202003013BR
4/8/2020 10:16:56 AM - Insert with success IMSLA202003013BR
4/8/2020 10:17:24 AM - Inserir Historico IMSLA202003034BR
4/8/2020 10:17:25 AM - Insert with success IMSLA202003034BR
4/8/2020 10:19:29 AM - Inserir Historico IMSLA202003037BR
4/8/2020 10:19:31 AM - Insert with success IMSLA202003037BR
4/8/2020 10:20:19 AM - Inserir Historico IMSLA202003039BR
4/8/2020 10:20:20 AM - Insert with success IMSLA202003039BR
4/8/2020 10:21:00 AM - Inserir Historico IMSLA202003041BR
4/8/2020 10:21:01 AM - Insert with success IMSLA202003041BR
4/8/2020 10:21:58 AM - Inserir Historico IMSLA202003042BR
4/8/2020 10:21:59 AM - Insert with success IMSLA202003042BR
4/8/2020 10:22:44 AM - Inserir Historico IMSLA202003044BR
4/8/2020 10:22:46 AM - Insert with success IMSLA202003044BR
4/8/2020 10:23:27 AM - Inserir Historico IMOXT202004030BR
4/8/2020 10:23:27 AM - Insert with success IMOXT202004030BR
4/8/2020 10:23:56 AM - Inserir Historico IMSOL201908034BR
4/8/2020 10:23:57 AM - Insert with success IMSOL201908034BR
4/8/2020 10:24:27 AM - Inserir Historico IMSOL202001013BR
4/8/2020 10:24:27 AM - Insert with success IMSOL202001013BR
4/8/2020 10:24:58 AM - Inserir Historico IMSOL202001015BR
4/8/2020 10:24:58 AM - Insert with success IMSOL202001015BR
4/8/2020 10:25:54 AM - Inserir Historico IMSOL202001020BR
4/8/2020 10:25:55 AM - Insert with success IMSOL202001020BR
4/8/2020 10:26:47 AM - Inserir Historico IMSOL202001063BR
4/8/2020 10:26:48 AM - Insert with success IMSOL202001063BR
4/8/2020 10:27:16 AM - Inserir Historico IMSOL202001075BR
4/8/2020 10:27:17 AM - Insert with success IMSOL202001075BR
4/8/2020 10:28:14 AM - Inserir Historico IMSOL202001076BR
4/8/2020 10:28:15 AM - Insert with success IMSOL202001076BR
4/8/2020 10:29:06 AM - Inserir Historico IMSOL202001109BR
4/8/2020 10:29:07 AM - Insert with success IMSOL202001109BR
4/8/2020 10:29:58 AM - Inserir Historico IMSOL202002017BR
4/8/2020 10:29:59 AM - Insert with success IMSOL202002017BR
4/8/2020 10:30:37 AM - Inserir Historico IMSOL202002018BR
4/8/2020 10:30:38 AM - Insert with success IMSOL202002018BR
4/8/2020 10:31:31 AM - Inserir Historico IMSOL202002020BR
4/8/2020 10:31:32 AM - Insert with success IMSOL202002020BR
4/8/2020 10:32:21 AM - Inserir Historico IMSOL202002021BR
4/8/2020 10:32:21 AM - Insert with success IMSOL202002021BR
4/8/2020 10:33:10 AM - Inserir Historico IMSOL202002059BR
4/8/2020 10:33:10 AM - Insert with success IMSOL202002059BR
4/8/2020 10:34:02 AM - Inserir Historico IMSOL202002112BR
4/8/2020 10:34:03 AM - Insert with success IMSOL202002112BR
4/8/2020 10:34:58 AM - Inserir Historico IMSOL202002135BR
4/8/2020 10:34:58 AM - Insert with success IMSOL202002135BR
4/8/2020 10:35:57 AM - Inserir Historico IMSOL202002140BR
4/8/2020 10:35:57 AM - Insert with success IMSOL202002140BR
4/8/2020 10:36:35 AM - Inserir Historico IMSOL202002144BR
4/8/2020 10:36:36 AM - Insert with success IMSOL202002144BR
4/8/2020 10:37:42 AM - Inserir Historico IMUPM202003004BR
4/8/2020 10:37:43 AM - Insert with success IMUPM202003004BR
4/8/2020 10:38:19 AM - Inserir Historico IACSR202003021BR
4/8/2020 10:38:20 AM - Insert with success IACSR202003021BR
4/8/2020 10:39:02 AM - Inserir Historico IMCSR202003106BR
4/8/2020 10:39:04 AM - Insert with success IMCSR202003106BR
4/8/2020 10:39:43 AM - Inserir Historico IMOXT202004031BR
4/8/2020 10:39:43 AM - Insert with success IMOXT202004031BR
4/8/2020 10:40:36 AM - Inserir Historico IMSWB201910013BR
4/8/2020 10:40:37 AM - Insert with success IMSWB201910013BR
4/8/2020 10:41:29 AM - Inserir Historico IMSWB201910155BR
4/8/2020 10:41:29 AM - Insert with success IMSWB201910155BR
4/8/2020 10:42:12 AM - Inserir Historico IMSWB201912041BR
4/8/2020 10:42:13 AM - Insert with success IMSWB201912041BR
4/8/2020 10:43:43 AM - Inserir Historico IMSWB202001018BR
4/8/2020 10:43:43 AM - Insert with success IMSWB202001018BR
4/8/2020 10:44:19 AM - Inserir Historico IMSWB202001030BR
4/8/2020 10:44:19 AM - Insert with success IMSWB202001030BR
4/8/2020 10:45:20 AM - Inserir Historico IMCSR202003311BR
4/8/2020 10:45:21 AM - Insert with success IMCSR202003311BR
4/8/2020 10:46:14 AM - Inserir Historico IMSWB202001040BR
4/8/2020 10:46:14 AM - Insert with success IMSWB202001040BR
4/8/2020 10:46:59 AM - Inserir Historico IMSWB202001044BR
4/8/2020 10:46:59 AM - Insert with success IMSWB202001044BR
4/8/2020 10:47:24 AM - Inserir Historico IMCSR202003012BR
4/8/2020 10:47:25 AM - Insert with success IMCSR202003012BR
4/8/2020 10:48:06 AM - Inserir Historico IMSWB202001077BR
4/8/2020 10:48:06 AM - Insert with success IMSWB202001077BR
4/8/2020 10:48:32 AM - Inserir Historico IMSWB202001098BR
4/8/2020 10:48:32 AM - Insert with success IMSWB202001098BR
4/8/2020 10:49:30 AM - Inserir Historico IMSWB202002003BR
4/8/2020 10:49:30 AM - Insert with success IMSWB202002003BR
4/8/2020 10:50:16 AM - Inserir Historico IMSWB202002006BR
4/8/2020 10:50:17 AM - Insert with success IMSWB202002006BR
4/8/2020 10:50:48 AM - Inserir Historico IMSWB202002009BR
4/8/2020 10:50:48 AM - Insert with success IMSWB202002009BR
4/8/2020 10:51:34 AM - Inserir Historico IMSWB202002012BR
4/8/2020 10:51:34 AM - Insert with success IMSWB202002012BR
4/8/2020 10:52:04 AM - Inserir Historico IMSWB202002032BR
4/8/2020 10:52:04 AM - Insert with success IMSWB202002032BR
4/8/2020 10:52:42 AM - Inserir Historico IMSWB202002057BR
4/8/2020 10:52:42 AM - Insert with success IMSWB202002057BR
4/8/2020 10:53:21 AM - Inserir Historico IMSWB202002081BR
4/8/2020 10:53:22 AM - Insert with success IMSWB202002081BR
4/8/2020 10:54:12 AM - Inserir Historico IMSWB202002082BR
4/8/2020 10:54:13 AM - Insert with success IMSWB202002082BR
4/8/2020 10:55:00 AM - Inserir Historico IMSWB202002092BR
4/8/2020 10:55:23 AM -  ERRO - Rotina: XML ODS Save Exchange - IMSWB202002092BR - ERRO - Exchange -  spVolumesBDPSINT_Sel 'IMSWB202002092BR'
Enviado aos emails: br.sao.sistemas@bdpint.com
4/8/2020 10:55:23 AM - Inserir Historico IMSWB202002092BR
4/8/2020 10:55:24 AM - Insert with success IMSWB202002092BR
4/8/2020 10:57:10 AM - Inserir Historico IMSWB202003053BR
4/8/2020 10:57:11 AM - Insert with success IMSWB202003053BR
4/8/2020 10:57:58 AM - Inserir Historico IMCTV202002004BR
4/8/2020 10:57:58 AM - Insert with success IMCTV202002004BR
4/8/2020 10:59:54 AM - Inserir Historico IMUPL201701051BR
4/8/2020 10:59:55 AM - Insert with success IMUPL201701051BR
4/8/2020 11:00:53 AM - Inserir Historico IMCSR202003127BR
4/8/2020 11:00:53 AM - Insert with success IMCSR202003127BR
4/8/2020 11:01:35 AM - Inserir Historico IMCSR202003530BR
4/8/2020 11:01:36 AM - Insert with success IMCSR202003530BR
4/8/2020 11:02:39 AM - Inserir Historico IMATL202004019BR
4/8/2020 11:02:40 AM - Insert with success IMATL202004019BR
4/8/2020 11:03:23 AM - Inserir Historico IMCSR202002205BR
4/8/2020 11:03:24 AM - Insert with success IMCSR202002205BR
4/8/2020 11:03:59 AM - Inserir Historico IMCTV202003063BR
4/8/2020 11:04:00 AM - Insert with success IMCTV202003063BR
4/8/2020 11:05:01 AM - Inserir Historico IMATL202004020BR
4/8/2020 11:05:01 AM - Insert with success IMATL202004020BR
4/8/2020 11:05:38 AM - Inserir Historico IMCTV202003070BR
4/8/2020 11:05:38 AM - Insert with success IMCTV202003070BR
4/8/2020 11:06:23 AM - Inserir Historico IMCTV202002007BR
4/8/2020 11:06:24 AM - Insert with success IMCTV202002007BR
4/8/2020 11:07:14 AM - Inserir Historico IMOXT201912052BR
4/8/2020 11:07:14 AM - Insert with success IMOXT201912052BR
4/8/2020 11:08:02 AM - Inserir Historico IMSWB201912105BR
4/8/2020 11:08:03 AM - Insert with success IMSWB201912105BR
4/8/2020 11:08:57 AM - Inserir Historico IMCTV202002072BR
4/8/2020 11:08:58 AM - Insert with success IMCTV202002072BR
4/8/2020 11:10:00 AM - Inserir Historico IMSPC202003059BR
4/8/2020 11:10:01 AM - Insert with success IMSPC202003059BR
4/8/2020 11:10:37 AM - Inserir Historico IMSPC202003053BR
4/8/2020 11:10:38 AM - Insert with success IMSPC202003053BR
4/8/2020 11:11:52 AM - Inserir Historico IMSPC202003062BR
4/8/2020 11:11:52 AM - Insert with success IMSPC202003062BR
4/8/2020 11:12:38 AM - Inserir Historico IMSPC202003065BR
4/8/2020 11:12:38 AM - Insert with success IMSPC202003065BR
4/8/2020 11:13:25 AM - Inserir Historico IMSPC202003052BR
4/8/2020 11:13:25 AM - Insert with success IMSPC202003052BR
4/8/2020 11:14:12 AM - Inserir Historico IMSPC202003058BR
4/8/2020 11:14:13 AM - Insert with success IMSPC202003058BR
4/8/2020 11:15:02 AM - Inserir Historico IMSPC202003060BR
4/8/2020 11:15:02 AM - Insert with success IMSPC202003060BR
4/8/2020 11:15:57 AM - Inserir Historico IMSPC202003061BR
4/8/2020 11:15:58 AM - Insert with success IMSPC202003061BR
4/8/2020 11:16:43 AM - Inserir Historico IMSPC202003064BR
4/8/2020 11:16:43 AM - Insert with success IMSPC202003064BR
4/8/2020 11:17:13 AM - Inserir Historico EORHO202004002BR
4/8/2020 11:17:13 AM - Insert with success EORHO202004002BR
4/8/2020 11:18:04 AM - Inserir Historico IMIFB202001030BR
4/8/2020 11:18:05 AM - Insert with success IMIFB202001030BR
4/8/2020 11:18:37 AM - Inserir Historico IMSWB201912107BR
4/8/2020 11:18:38 AM - Insert with success IMSWB201912107BR
4/8/2020 11:19:21 AM - Inserir Historico IMATL202004021BR
4/8/2020 11:19:21 AM - Insert with success IMATL202004021BR
4/8/2020 11:20:11 AM - Inserir Historico IAOCV202003007BR
4/8/2020 11:20:12 AM - Insert with success IAOCV202003007BR
4/8/2020 11:21:05 AM - Inserir Historico IMCBT202003037BR
4/8/2020 11:21:06 AM - Insert with success IMCBT202003037BR
4/8/2020 11:21:51 AM - Inserir Historico IMCSR201912099BR
4/8/2020 11:21:51 AM - Insert with success IMCSR201912099BR
4/8/2020 11:22:21 AM - Inserir Historico IMCSR202002291BR
4/8/2020 11:22:21 AM - Insert with success IMCSR202002291BR
4/8/2020 11:23:09 AM - Inserir Historico IMCSR202002293BR
4/8/2020 11:23:09 AM - Insert with success IMCSR202002293BR
4/8/2020 11:24:10 AM - Inserir Historico IMCSR202003183BR
4/8/2020 11:24:10 AM - Insert with success IMCSR202003183BR
4/8/2020 11:25:35 AM - Inserir Historico IMCSR202003196BR
4/8/2020 11:25:36 AM - Insert with success IMCSR202003196BR
4/8/2020 11:26:37 AM - Inserir Historico IMCSR202003198BR
4/8/2020 11:26:38 AM - Insert with success IMCSR202003198BR
4/8/2020 11:27:10 AM - Inserir Historico IMCSR202003199BR
4/8/2020 11:27:10 AM - Insert with success IMCSR202003199BR
4/8/2020 11:27:51 AM - Inserir Historico IMIFB202002050BR
4/8/2020 11:27:52 AM - Insert with success IMIFB202002050BR
4/8/2020 11:28:22 AM - Inserir Historico IMCTV202003060BR
4/8/2020 11:28:22 AM - Insert with success IMCTV202003060BR
4/8/2020 11:29:10 AM - Inserir Historico EMCBT202003001BR
4/8/2020 11:29:11 AM - Insert with success EMCBT202003001BR
4/8/2020 11:30:15 AM - Inserir Historico IMEAS202003007BR
4/8/2020 11:30:15 AM - Insert with success IMEAS202003007BR
4/8/2020 11:30:49 AM - Inserir Historico IMEAS202003009BR
4/8/2020 11:30:49 AM - Insert with success IMEAS202003009BR
4/8/2020 11:31:24 AM - Inserir Historico IMEAS202003014BR
4/8/2020 11:31:24 AM - Insert with success IMEAS202003014BR
4/8/2020 11:31:57 AM - Inserir Historico IMIFB202001035BR
4/8/2020 11:31:58 AM - Insert with success IMIFB202001035BR
4/8/2020 11:32:33 AM - Inserir Historico IMIFB202001051BR
4/8/2020 11:32:33 AM - Insert with success IMIFB202001051BR
4/8/2020 11:33:10 AM - Inserir Historico IMMAU202003005BR
4/8/2020 11:33:11 AM - Insert with success IMMAU202003005BR
4/8/2020 11:33:48 AM - Inserir Historico IMMAU202003007BR
4/8/2020 11:33:48 AM - Insert with success IMMAU202003007BR
4/8/2020 11:34:35 AM - Inserir Historico IMOCV202001015BR
4/8/2020 11:34:35 AM - Insert with success IMOCV202001015BR
4/8/2020 11:35:10 AM - Inserir Historico IMSLA202003011BR
4/8/2020 11:35:11 AM - Insert with success IMSLA202003011BR
4/8/2020 11:35:42 AM - Inserir Historico IMSLA202003012BR
4/8/2020 11:35:43 AM - Insert with success IMSLA202003012BR
4/8/2020 11:36:10 AM - Inserir Historico IMSLA202003016BR
4/8/2020 11:36:11 AM - Insert with success IMSLA202003016BR
4/8/2020 11:36:42 AM - Inserir Historico EMCBE202003003BR
4/8/2020 11:36:43 AM - Insert with success EMCBE202003003BR
4/8/2020 11:37:09 AM - Inserir Historico IMSUN202004001BR
4/8/2020 11:37:09 AM - Insert with success IMSUN202004001BR
4/8/2020 11:37:26 AM - Inserir Historico IMSLA202003045BR
4/8/2020 11:37:26 AM - Insert with success IMSLA202003045BR
4/8/2020 11:37:43 AM - Inserir Historico IMATL202004022BR
4/8/2020 11:37:44 AM - Insert with success IMATL202004022BR
4/8/2020 11:38:11 AM - Inserir Historico IMTAM202003006BR
4/8/2020 11:38:11 AM - Insert with success IMTAM202003006BR
4/8/2020 11:38:47 AM - Inserir Historico IMUPM202003002BR
4/8/2020 11:38:48 AM - Insert with success IMUPM202003002BR
4/8/2020 11:39:17 AM - Inserir Historico IMOXT201905021BR
4/8/2020 11:39:18 AM - Insert with success IMOXT201905021BR
4/8/2020 11:39:45 AM - Inserir Historico IAOXT201804004BR
4/8/2020 11:39:46 AM - Insert with success IAOXT201804004BR
4/8/2020 11:40:16 AM - Inserir Historico IAOXT201907006BR
4/8/2020 11:40:17 AM - Insert with success IAOXT201907006BR
4/8/2020 11:40:48 AM - Inserir Historico IMOXT201912041BR
4/8/2020 11:40:48 AM - Insert with success IMOXT201912041BR
4/8/2020 11:41:12 AM - Inserir Historico IAOXT201806004BR
4/8/2020 11:41:13 AM - Insert with success IAOXT201806004BR
4/8/2020 11:41:41 AM - Inserir Historico IMOXT201911033BR
4/8/2020 11:41:42 AM - Insert with success IMOXT201911033BR
4/8/2020 11:42:05 AM - Inserir Historico IMOXT201910029BR
4/8/2020 11:42:05 AM - Insert with success IMOXT201910029BR
4/8/2020 11:42:31 AM - Inserir Historico IAOXT201911012BR
4/8/2020 11:42:31 AM - Insert with success IAOXT201911012BR
4/8/2020 11:43:01 AM - Inserir Historico IMOXT201805026BR
4/8/2020 11:43:01 AM - Insert with success IMOXT201805026BR
4/8/2020 11:43:28 AM - Inserir Historico IMOXT201907053BR
4/8/2020 11:43:29 AM - Insert with success IMOXT201907053BR
4/8/2020 11:43:54 AM - Inserir Historico IMOXT202001061BR
4/8/2020 11:43:55 AM - Insert with success IMOXT202001061BR
4/8/2020 11:44:47 AM - Inserir Historico IMOXT201912008BR
4/8/2020 11:44:48 AM - Insert with success IMOXT201912008BR
4/8/2020 11:45:33 AM - Inserir Historico IMOXT201802007BR
4/8/2020 11:45:34 AM - Insert with success IMOXT201802007BR
4/8/2020 11:45:58 AM - Inserir Historico IAOXT201809009BR
4/8/2020 11:46:00 AM - Insert with success IAOXT201809009BR
4/8/2020 11:46:43 AM - Inserir Historico IMOXT201911035BR
4/8/2020 11:46:43 AM - Insert with success IMOXT201911035BR
4/8/2020 11:47:08 AM - Inserir Historico IAOXT201810001BR
4/8/2020 11:47:08 AM - Insert with success IAOXT201810001BR
4/8/2020 11:47:35 AM - Inserir Historico IMOXT201909049BR
4/8/2020 11:47:36 AM - Insert with success IMOXT201909049BR
4/8/2020 11:47:59 AM - Inserir Historico IAOXT201908001BR
4/8/2020 11:48:00 AM - Insert with success IAOXT201908001BR
4/8/2020 11:48:30 AM - Inserir Historico IMOXT201911027BR
4/8/2020 11:48:30 AM - Insert with success IMOXT201911027BR
4/8/2020 11:49:18 AM - Inserir Historico IAOXT202001006BR
4/8/2020 11:49:18 AM - Insert with success IAOXT202001006BR
4/8/2020 11:49:47 AM - Inserir Historico IMOXT201810029BR
4/8/2020 11:49:47 AM - Insert with success IMOXT201810029BR
4/8/2020 11:50:17 AM - Inserir Historico IMOXT201902007BR
4/8/2020 11:50:18 AM - Insert with success IMOXT201902007BR
4/8/2020 11:50:56 AM - Inserir Historico IAOXT202001009BR
4/8/2020 11:50:57 AM - Insert with success IAOXT202001009BR
4/8/2020 11:51:25 AM - Inserir Historico IMOXT201801033BR
4/8/2020 11:51:25 AM - Insert with success IMOXT201801033BR
4/8/2020 11:51:52 AM - Inserir Historico IAOXT201910005BR
4/8/2020 11:51:53 AM - Insert with success IAOXT201910005BR
4/8/2020 11:52:22 AM - Inserir Historico IMOXT201910025BR
4/8/2020 11:52:23 AM - Insert with success IMOXT201910025BR
4/8/2020 11:52:52 AM - Inserir Historico IMOXT201905015BR
4/8/2020 11:52:52 AM - Insert with success IMOXT201905015BR
4/8/2020 11:53:24 AM - Inserir Historico IMOXT201911028BR
4/8/2020 11:53:25 AM - Insert with success IMOXT201911028BR
4/8/2020 11:53:59 AM - Inserir Historico IMOXT201801011BR
4/8/2020 11:54:00 AM - Insert with success IMOXT201801011BR
4/8/2020 11:54:35 AM - Inserir Historico IAOXT201902004BR
4/8/2020 11:54:36 AM - Insert with success IAOXT201902004BR
4/8/2020 11:55:01 AM - Inserir Historico IMOXT201912053BR
4/8/2020 11:55:01 AM - Insert with success IMOXT201912053BR
4/8/2020 11:55:37 AM - Inserir Historico IMOXT202003013BR
4/8/2020 11:55:38 AM - Insert with success IMOXT202003013BR
4/8/2020 11:56:03 AM - Inserir Historico IAOXT201809002BR
4/8/2020 11:56:04 AM - Insert with success IAOXT201809002BR
4/8/2020 11:56:32 AM - Inserir Historico IMOXT201803041BR
4/8/2020 11:56:33 AM - Insert with success IMOXT201803041BR
4/8/2020 11:56:59 AM - Inserir Historico IMOXT202002024BR
4/8/2020 11:56:59 AM - Insert with success IMOXT202002024BR
4/8/2020 11:57:29 AM - Inserir Historico IMOXT201906023BR
4/8/2020 11:57:30 AM - Insert with success IMOXT201906023BR
4/8/2020 11:57:58 AM - Inserir Historico IAOXT201903001BR
4/8/2020 11:57:58 AM - Insert with success IAOXT201903001BR
4/8/2020 11:58:28 AM - Inserir Historico IMOXT201802063BR
4/8/2020 11:58:28 AM - Insert with success IMOXT201802063BR
4/8/2020 11:59:00 AM - Inserir Historico IMOXT201804011BR
4/8/2020 11:59:01 AM - Insert with success IMOXT201804011BR
4/8/2020 11:59:27 AM - Inserir Historico IAOXT201810009BR
4/8/2020 11:59:28 AM - Insert with success IAOXT201810009BR
4/8/2020 12:00:01 PM - Inserir Historico IMOXT201809031BR
4/8/2020 12:00:03 PM - Insert with success IMOXT201809031BR
4/8/2020 12:00:39 PM - Inserir Historico IMOXT201910032BR
4/8/2020 12:00:39 PM - Insert with success IMOXT201910032BR
4/8/2020 12:01:12 PM - Inserir Historico IMOXT201909030BR
4/8/2020 12:01:12 PM - Insert with success IMOXT201909030BR
4/8/2020 12:01:47 PM - Inserir Historico IMOXT201802013BR
4/8/2020 12:01:47 PM - Insert with success IMOXT201802013BR
4/8/2020 12:02:11 PM - Inserir Historico IMOXT201907007BR
4/8/2020 12:02:12 PM - Insert with success IMOXT201907007BR
4/8/2020 12:02:39 PM - Inserir Historico IMOXT202003016BR
4/8/2020 12:02:40 PM - Insert with success IMOXT202003016BR
4/8/2020 12:03:42 PM - Inserir Historico IAOXT201907004BR
4/8/2020 12:03:43 PM - Insert with success IAOXT201907004BR
4/8/2020 12:04:17 PM - Inserir Historico IMOXT201911030BR
4/8/2020 12:04:17 PM - Insert with success IMOXT201911030BR
4/8/2020 12:04:47 PM - Inserir Historico IMOXT201807048BR
4/8/2020 12:04:48 PM - Insert with success IMOXT201807048BR
4/8/2020 12:05:20 PM - Inserir Historico IMOXT201811011BR
4/8/2020 12:05:20 PM - Insert with success IMOXT201811011BR
4/8/2020 12:06:02 PM - Inserir Historico IMOXT201911021BR
4/8/2020 12:06:03 PM - Insert with success IMOXT201911021BR
4/8/2020 12:06:37 PM - Inserir Historico IMOXT201908027BR
4/8/2020 12:06:38 PM - Insert with success IMOXT201908027BR
4/8/2020 12:07:04 PM - Inserir Historico IAOXT202001001BR
4/8/2020 12:07:05 PM - Insert with success IAOXT202001001BR
4/8/2020 12:07:35 PM - Inserir Historico IMOXT201805025BR
4/8/2020 12:07:36 PM - Insert with success IMOXT201805025BR
4/8/2020 12:08:08 PM - Inserir Historico IAOXT201812004BR
4/8/2020 12:08:09 PM - Insert with success IAOXT201812004BR
4/8/2020 12:08:36 PM - Inserir Historico IMOXT201910036BR
4/8/2020 12:08:36 PM - Insert with success IMOXT201910036BR
4/8/2020 12:09:10 PM - Inserir Historico IMOXT201804036BR
4/8/2020 12:09:10 PM - Insert with success IMOXT201804036BR
4/8/2020 12:09:44 PM - Inserir Historico IMOXT201901022BR
4/8/2020 12:09:46 PM - Insert with success IMOXT201901022BR
4/8/2020 12:10:37 PM - Inserir Historico IMOXT201901004BR
4/8/2020 12:10:37 PM - Insert with success IMOXT201901004BR
4/8/2020 12:11:29 PM - Inserir Historico IMOXT201907052BR
4/8/2020 12:11:30 PM - Insert with success IMOXT201907052BR
4/8/2020 12:12:06 PM - Inserir Historico IMOXT202002002BR
4/8/2020 12:12:07 PM - Insert with success IMOXT202002002BR
4/8/2020 12:12:52 PM - Inserir Historico IMIFB202002049BR
4/8/2020 12:12:53 PM - Insert with success IMIFB202002049BR
4/8/2020 12:13:33 PM - Inserir Historico IMOXT201812045BR
4/8/2020 12:13:33 PM - Insert with success IMOXT201812045BR
4/8/2020 12:14:01 PM - Inserir Historico IMOXT201906013BR
4/8/2020 12:14:01 PM - Insert with success IMOXT201906013BR
4/8/2020 12:14:37 PM - Inserir Historico IMOXT201907016BR
4/8/2020 12:14:38 PM - Insert with success IMOXT201907016BR
4/8/2020 12:15:07 PM - Inserir Historico IMOXT201904002BR
4/8/2020 12:15:08 PM - Insert with success IMOXT201904002BR
4/8/2020 12:15:39 PM - Inserir Historico IMOXT201907027BR
4/8/2020 12:15:40 PM - Insert with success IMOXT201907027BR
4/8/2020 12:16:07 PM - Inserir Historico IAOXT201911017BR
4/8/2020 12:16:09 PM - Insert with success IAOXT201911017BR
4/8/2020 12:16:38 PM - Inserir Historico IMOXT201903010BR
4/8/2020 12:16:39 PM - Insert with success IMOXT201903010BR
4/8/2020 12:17:10 PM - Inserir Historico IMOXT201811021BR
4/8/2020 12:17:10 PM - Insert with success IMOXT201811021BR
4/8/2020 12:17:45 PM - Inserir Historico IMOXT201909008BR
4/8/2020 12:17:46 PM - Insert with success IMOXT201909008BR
4/8/2020 12:18:13 PM - Inserir Historico IMOXT202002026BR
4/8/2020 12:18:13 PM - Insert with success IMOXT202002026BR
4/8/2020 12:18:42 PM - Inserir Historico IMOXT201905045BR
4/8/2020 12:18:43 PM - Insert with success IMOXT201905045BR
4/8/2020 12:19:13 PM - Inserir Historico IMOXT201807006BR
4/8/2020 12:19:13 PM - Insert with success IMOXT201807006BR
4/8/2020 12:19:42 PM - Inserir Historico IMOXT201909002BR
4/8/2020 12:19:43 PM - Insert with success IMOXT201909002BR
4/8/2020 12:20:15 PM - Inserir Historico IAOXT202002001BR
4/8/2020 12:20:16 PM - Insert with success IAOXT202002001BR
4/8/2020 12:20:54 PM - Inserir Historico IMOXT201812016BR
4/8/2020 12:20:55 PM - Insert with success IMOXT201812016BR
4/8/2020 12:21:26 PM - Inserir Historico IAOXT201908013BR
4/8/2020 12:21:27 PM - Insert with success IAOXT201908013BR
4/8/2020 12:22:13 PM - Inserir Historico IMOXT201907017BR
4/8/2020 12:22:13 PM - Insert with success IMOXT201907017BR
4/8/2020 12:22:40 PM - Inserir Historico IAOXT201906002BR
4/8/2020 12:22:41 PM - Insert with success IAOXT201906002BR
4/8/2020 12:23:18 PM - Inserir Historico IMOXT202001026BR
4/8/2020 12:23:19 PM - Insert with success IMOXT202001026BR
4/8/2020 12:24:06 PM - Inserir Historico IMOXT201812006BR
4/8/2020 12:24:07 PM - Insert with success IMOXT201812006BR
4/8/2020 12:24:52 PM - Inserir Historico IMOXT202003014BR
4/8/2020 12:24:52 PM - Insert with success IMOXT202003014BR
4/8/2020 12:25:22 PM - Inserir Historico IMOXT201807047BR
4/8/2020 12:25:23 PM - Insert with success IMOXT201807047BR
4/8/2020 12:25:55 PM - Inserir Historico IMOXT201902009BR
4/8/2020 12:25:55 PM - Insert with success IMOXT201902009BR
4/8/2020 12:26:24 PM - Inserir Historico IMOXT201909032BR
4/8/2020 12:26:25 PM - Insert with success IMOXT201909032BR
4/8/2020 12:26:58 PM - Inserir Historico IMOXT201911007BR
4/8/2020 12:26:58 PM - Insert with success IMOXT201911007BR
4/8/2020 12:27:25 PM - Inserir Historico IMOXT201911015BR
4/8/2020 12:27:26 PM - Insert with success IMOXT201911015BR
4/8/2020 12:27:57 PM - Inserir Historico IMOXT202002022BR
4/8/2020 12:27:58 PM - Insert with success IMOXT202002022BR
4/8/2020 12:28:25 PM - Inserir Historico IAOXT201907003BR
4/8/2020 12:28:26 PM - Insert with success IAOXT201907003BR
4/8/2020 12:28:58 PM - Inserir Historico IMOXT201812003BR
4/8/2020 12:28:59 PM - Insert with success IMOXT201812003BR
4/8/2020 12:29:35 PM - Inserir Historico IMOXT201907055BR
4/8/2020 12:29:35 PM - Insert with success IMOXT201907055BR
4/8/2020 12:30:12 PM - Inserir Historico IMOXT202001034BR
4/8/2020 12:30:13 PM - Insert with success IMOXT202001034BR
4/8/2020 12:30:49 PM - Inserir Historico IMOXT201807008BR
4/8/2020 12:30:50 PM - Insert with success IMOXT201807008BR
4/8/2020 12:31:19 PM - Inserir Historico IMOXT201805019BR
4/8/2020 12:31:20 PM - Insert with success IMOXT201805019BR
4/8/2020 12:32:02 PM - Inserir Historico IMOXT201907019BR
4/8/2020 12:32:03 PM - Insert with success IMOXT201907019BR
4/8/2020 12:32:47 PM - Inserir Historico IMOXT201907018BR
4/8/2020 12:32:48 PM - Insert with success IMOXT201907018BR
4/8/2020 12:33:23 PM - Inserir Historico IMOXT201912010BR
4/8/2020 12:33:24 PM - Insert with success IMOXT201912010BR
4/8/2020 12:33:52 PM - Inserir Historico IMOXT201810015BR
4/8/2020 12:33:53 PM - Insert with success IMOXT201810015BR
4/8/2020 12:34:24 PM - Inserir Historico IMOXT201911011BR
4/8/2020 12:34:24 PM - Insert with success IMOXT201911011BR
4/8/2020 12:34:55 PM - Inserir Historico IMOXT201812031BR
4/8/2020 12:34:55 PM - Insert with success IMOXT201812031BR
4/8/2020 12:35:29 PM - Inserir Historico IMOXT201909031BR
4/8/2020 12:35:30 PM - Insert with success IMOXT201909031BR
4/8/2020 12:36:01 PM - Inserir Historico IAOXT201908007BR
4/8/2020 12:36:01 PM - Insert with success IAOXT201908007BR
4/8/2020 12:36:39 PM - Inserir Historico IMOXT201806005BR
4/8/2020 12:36:40 PM - Insert with success IMOXT201806005BR
4/8/2020 12:37:07 PM - Inserir Historico IAOXT201911018BR
4/8/2020 12:37:08 PM - Insert with success IAOXT201911018BR
4/8/2020 12:37:45 PM - Inserir Historico IMOXT202002049BR
4/8/2020 12:37:45 PM - Insert with success IMOXT202002049BR
4/8/2020 12:38:12 PM - Inserir Historico IAOXT202003001BR
4/8/2020 12:38:13 PM - Insert with success IAOXT202003001BR
4/8/2020 12:38:48 PM - Inserir Historico IMOXT201912058BR
4/8/2020 12:38:49 PM - Insert with success IMOXT201912058BR
4/8/2020 12:39:27 PM - Inserir Historico IMOXT201803054BR
4/8/2020 12:39:28 PM - Insert with success IMOXT201803054BR
4/8/2020 12:39:54 PM - Inserir Historico IAOXT201811001BR
4/8/2020 12:39:54 PM - Insert with success IAOXT201811001BR
4/8/2020 12:40:26 PM - Inserir Historico IAOXT201908014BR
4/8/2020 12:40:28 PM - Insert with success IAOXT201908014BR
4/8/2020 12:40:54 PM - Inserir Historico IAOXT201911007BR
4/8/2020 12:40:55 PM - Insert with success IAOXT201911007BR
4/8/2020 12:41:29 PM - Inserir Historico IMOXT201911010BR
4/8/2020 12:41:29 PM - Insert with success IMOXT201911010BR
4/8/2020 12:41:59 PM - Inserir Historico IMOXT202001010BR
4/8/2020 12:42:00 PM - Insert with success IMOXT202001010BR
4/8/2020 12:42:34 PM - Inserir Historico IMOXT201807027BR
4/8/2020 12:42:35 PM - Insert with success IMOXT201807027BR
4/8/2020 12:43:12 PM - Inserir Historico IMOXT201907026BR
4/8/2020 12:43:13 PM - Insert with success IMOXT201907026BR
4/8/2020 12:43:52 PM - Inserir Historico IMOXT201807010BR
4/8/2020 12:43:53 PM - Insert with success IMOXT201807010BR
4/8/2020 12:44:32 PM - Inserir Historico IMOXT201902021BR
4/8/2020 12:44:33 PM - Insert with success IMOXT201902021BR
4/8/2020 12:45:17 PM - Inserir Historico IMOXT201807045BR
4/8/2020 12:45:18 PM - Insert with success IMOXT201807045BR
4/8/2020 12:45:50 PM - Inserir Historico IMOXT201906014BR
4/8/2020 12:45:50 PM - Insert with success IMOXT201906014BR
4/8/2020 12:46:27 PM - Inserir Historico IMOXT201805030BR
4/8/2020 12:46:28 PM - Insert with success IMOXT201805030BR
4/8/2020 12:46:53 PM - Inserir Historico IAOXT201908004BR
4/8/2020 12:46:54 PM - Insert with success IAOXT201908004BR
4/8/2020 12:47:24 PM - Inserir Historico IMOXT201911001BR
4/8/2020 12:47:25 PM - Insert with success IMOXT201911001BR
4/8/2020 12:47:55 PM - Inserir Historico IMOXT202001054BR
4/8/2020 12:47:56 PM - Insert with success IMOXT202001054BR
4/8/2020 12:48:26 PM - Inserir Historico IMOXT201801009BR
4/8/2020 12:48:27 PM - Insert with success IMOXT201801009BR
4/8/2020 12:48:54 PM - Inserir Historico IMOXT201808003BR
4/8/2020 12:48:55 PM - Insert with success IMOXT201808003BR
4/8/2020 12:49:32 PM - Inserir Historico IMOXT201912028BR
4/8/2020 12:49:33 PM - Insert with success IMOXT201912028BR
4/8/2020 12:50:01 PM - Inserir Historico IMOXT201801035BR
4/8/2020 12:50:03 PM - Insert with success IMOXT201801035BR
4/8/2020 12:50:36 PM - Inserir Historico IAOXT201803007BR
4/8/2020 12:50:38 PM - Insert with success IAOXT201803007BR
4/8/2020 12:51:03 PM - Inserir Historico IAOXT201802007BR
4/8/2020 12:51:04 PM - Insert with success IAOXT201802007BR
4/8/2020 12:51:33 PM - Inserir Historico IMOXT201901008BR
4/8/2020 12:51:34 PM - Insert with success IMOXT201901008BR
4/8/2020 12:52:07 PM - Inserir Historico IMOXT201805032BR
4/8/2020 12:52:08 PM - Insert with success IMOXT201805032BR
4/8/2020 12:52:36 PM - Inserir Historico IMOXT201811029BR
4/8/2020 12:52:37 PM - Insert with success IMOXT201811029BR
4/8/2020 12:53:02 PM - Inserir Historico IMOXT201809023BR
4/8/2020 12:53:03 PM - Insert with success IMOXT201809023BR
4/8/2020 12:53:32 PM - Inserir Historico IMOXT201805031BR
4/8/2020 12:53:33 PM - Insert with success IMOXT201805031BR
4/8/2020 12:54:05 PM - Inserir Historico IOOXT202001013BR
4/8/2020 12:54:07 PM - Insert with success IOOXT202001013BR
4/8/2020 12:54:33 PM - Inserir Historico IMOXT201911002BR
4/8/2020 12:54:34 PM - Insert with success IMOXT201911002BR
4/8/2020 12:54:58 PM - Inserir Historico IMOXT201911014BR
4/8/2020 12:54:59 PM - Insert with success IMOXT201911014BR
4/8/2020 12:55:32 PM - Inserir Historico IMOXT201807011BR
4/8/2020 12:55:33 PM - Insert with success IMOXT201807011BR
4/8/2020 12:56:08 PM - Inserir Historico IAOXT201905008BR
4/8/2020 12:56:10 PM - Insert with success IAOXT201905008BR
4/8/2020 12:56:35 PM - Inserir Historico IMOXT201909018BR
4/8/2020 12:56:36 PM - Insert with success IMOXT201909018BR
4/8/2020 12:56:59 PM - Inserir Historico IMOXT202002027BR
4/8/2020 12:57:00 PM - Insert with success IMOXT202002027BR
4/8/2020 12:57:26 PM - Inserir Historico IMOXT201802051BR
4/8/2020 12:57:26 PM - Insert with success IMOXT201802051BR
4/8/2020 12:57:50 PM - Inserir Historico IAOXT201911016BR
4/8/2020 12:57:52 PM - Insert with success IAOXT201911016BR
4/8/2020 12:58:20 PM - Inserir Historico IMOXT201803039BR
4/8/2020 12:58:21 PM - Insert with success IMOXT201803039BR
4/8/2020 12:59:05 PM - Inserir Historico IAOXT201810004BR
4/8/2020 12:59:06 PM - Insert with success IAOXT201810004BR
4/8/2020 12:59:38 PM - Inserir Historico IOOXT202003008BR
4/8/2020 12:59:39 PM - Insert with success IOOXT202003008BR
4/8/2020 1:00:11 PM - Inserir Historico IMOXT201909038BR
4/8/2020 1:00:14 PM - Insert with success IMOXT201909038BR
4/8/2020 1:01:05 PM - Inserir Historico IMOXT201812046BR
4/8/2020 1:01:06 PM - Insert with success IMOXT201812046BR
4/8/2020 1:01:40 PM - Inserir Historico IMOXT201909052BR
4/8/2020 1:01:42 PM - Insert with success IMOXT201909052BR
4/8/2020 1:02:09 PM - Inserir Historico IMOXT201803004BR
4/8/2020 1:02:10 PM - Insert with success IMOXT201803004BR
4/8/2020 1:02:43 PM - Inserir Historico IMOXT201908031BR
4/8/2020 1:02:46 PM - Insert with success IMOXT201908031BR
4/8/2020 1:03:16 PM - Inserir Historico IOOXT202001017BR
4/8/2020 1:03:17 PM - Insert with success IOOXT202001017BR
4/8/2020 1:03:46 PM - Inserir Historico IMOXT201811018BR
4/8/2020 1:03:46 PM - Insert with success IMOXT201811018BR
4/8/2020 1:04:22 PM - Inserir Historico IMOXT201902043BR
4/8/2020 1:04:23 PM - Insert with success IMOXT201902043BR
4/8/2020 1:04:50 PM - Inserir Historico IOOXT202003021BR
4/8/2020 1:04:51 PM - Insert with success IOOXT202003021BR
4/8/2020 1:05:23 PM - Inserir Historico IMOXT201804012BR
4/8/2020 1:05:24 PM - Insert with success IMOXT201804012BR
4/8/2020 1:05:51 PM - Inserir Historico IOOXT202002001BR
4/8/2020 1:05:53 PM - Insert with success IOOXT202002001BR
4/8/2020 1:06:22 PM - Inserir Historico IMOXT201912062BR
4/8/2020 1:06:23 PM - Insert with success IMOXT201912062BR
4/8/2020 1:06:58 PM - Inserir Historico IMOXT201901010BR
4/8/2020 1:06:59 PM - Insert with success IMOXT201901010BR
4/8/2020 1:07:32 PM - Inserir Historico IOOXT202001011BR
4/8/2020 1:07:33 PM - Insert with success IOOXT202001011BR
4/8/2020 1:08:07 PM - Inserir Historico IMOXT201912059BR
4/8/2020 1:08:08 PM - Insert with success IMOXT201912059BR
4/8/2020 1:08:34 PM - Inserir Historico IAOXT201809003BR
4/8/2020 1:08:34 PM - Insert with success IAOXT201809003BR
4/8/2020 1:09:19 PM - Inserir Historico IMOXT201909019BR
4/8/2020 1:09:19 PM - Insert with success IMOXT201909019BR
4/8/2020 1:09:52 PM - Inserir Historico IMOXT201802010BR
4/8/2020 1:09:53 PM - Insert with success IMOXT201802010BR
4/8/2020 1:10:26 PM - Inserir Historico IOOXT202001022BR
4/8/2020 1:10:27 PM - Insert with success IOOXT202001022BR
4/8/2020 1:10:58 PM - Inserir Historico IAOXT201811003BR
4/8/2020 1:10:59 PM - Insert with success IAOXT201811003BR
4/8/2020 1:11:27 PM - Inserir Historico IMOXT201905044BR
4/8/2020 1:11:28 PM - Insert with success IMOXT201905044BR
4/8/2020 1:12:03 PM - Inserir Historico IMOXT201912011BR
4/8/2020 1:12:04 PM - Insert with success IMOXT201912011BR
4/8/2020 1:12:35 PM - Inserir Historico IOOXT202003016BR
4/8/2020 1:12:36 PM - Insert with success IOOXT202003016BR
4/8/2020 1:13:04 PM - Inserir Historico IAOXT202001008BR
4/8/2020 1:13:04 PM - Insert with success IAOXT202001008BR
4/8/2020 1:13:37 PM - Inserir Historico IMOXT201805018BR
4/8/2020 1:13:38 PM - Insert with success IMOXT201805018BR
4/8/2020 1:14:10 PM - Inserir Historico IMOXT201801038BR
4/8/2020 1:14:11 PM - Insert with success IMOXT201801038BR
4/8/2020 1:14:42 PM - Inserir Historico IMOXT201904017BR
4/8/2020 1:14:43 PM - Insert with success IMOXT201904017BR
4/8/2020 1:15:17 PM - Inserir Historico IMOXT201911038BR
4/8/2020 1:15:19 PM - Insert with success IMOXT201911038BR
4/8/2020 1:15:45 PM - Inserir Historico IAOXT201808001BR
4/8/2020 1:15:46 PM - Insert with success IAOXT201808001BR
4/8/2020 1:16:20 PM - Inserir Historico IMOXT201806032BR
4/8/2020 1:16:21 PM - Insert with success IMOXT201806032BR
4/8/2020 1:16:45 PM - Inserir Historico IMOXT201807035BR
4/8/2020 1:16:45 PM - Insert with success IMOXT201807035BR
4/8/2020 1:17:19 PM - Inserir Historico IMOXT201811026BR
4/8/2020 1:17:20 PM - Insert with success IMOXT201811026BR
4/8/2020 1:17:55 PM - Inserir Historico IMOXT201912031BR
4/8/2020 1:17:55 PM - Insert with success IMOXT201912031BR
4/8/2020 1:18:23 PM - Inserir Historico IMOXT202001024BR
4/8/2020 1:18:24 PM - Insert with success IMOXT202001024BR
4/8/2020 1:18:56 PM - Inserir Historico IMOXT201806025BR
4/8/2020 1:18:57 PM - Insert with success IMOXT201806025BR
4/8/2020 1:19:22 PM - Inserir Historico IAOXT201905010BR
4/8/2020 1:19:24 PM - Insert with success IAOXT201905010BR
4/8/2020 1:19:54 PM - Inserir Historico IMOXT201806029BR
4/8/2020 1:19:55 PM - Insert with success IMOXT201806029BR
4/8/2020 1:20:23 PM - Inserir Historico IOOXT202003019BR
4/8/2020 1:20:24 PM - Insert with success IOOXT202003019BR
4/8/2020 1:20:57 PM - Inserir Historico IMOXT202002030BR
4/8/2020 1:20:58 PM - Insert with success IMOXT202002030BR
4/8/2020 1:21:28 PM - Inserir Historico IMOXT201809014BR
4/8/2020 1:21:29 PM - Insert with success IMOXT201809014BR
4/8/2020 1:22:07 PM - Inserir Historico IMOXT201911004BR
4/8/2020 1:22:08 PM - Insert with success IMOXT201911004BR
4/8/2020 1:22:40 PM - Inserir Historico IMOXT201806024BR
4/8/2020 1:22:42 PM - Insert with success IMOXT201806024BR
4/8/2020 1:23:07 PM - Inserir Historico IOOXT202003002BR
4/8/2020 1:23:08 PM - Insert with success IOOXT202003002BR
4/8/2020 1:23:41 PM - Inserir Historico IMOXT201912050BR
4/8/2020 1:23:42 PM - Insert with success IMOXT201912050BR
4/8/2020 1:24:07 PM - Inserir Historico IAOXT202003004BR
4/8/2020 1:24:08 PM - Insert with success IAOXT202003004BR
4/8/2020 1:24:34 PM - Inserir Historico IMOXT202001011BR
4/8/2020 1:24:36 PM - Insert with success IMOXT202001011BR
4/8/2020 1:25:11 PM - Inserir Historico IMOXT201807040BR
4/8/2020 1:25:12 PM - Insert with success IMOXT201807040BR
4/8/2020 1:25:43 PM - Inserir Historico IMOXT201806030BR
4/8/2020 1:25:44 PM - Insert with success IMOXT201806030BR
4/8/2020 1:26:12 PM - Inserir Historico IMOXT201809012BR
4/8/2020 1:26:14 PM - Insert with success IMOXT201809012BR
4/8/2020 1:26:40 PM - Inserir Historico IAOXT201907002BR
4/8/2020 1:26:41 PM - Insert with success IAOXT201907002BR
4/8/2020 1:27:06 PM - Inserir Historico IMOXT201910037BR
4/8/2020 1:27:08 PM - Insert with success IMOXT201910037BR
4/8/2020 1:27:34 PM - Inserir Historico IOOXT202003017BR
4/8/2020 1:27:35 PM - Insert with success IOOXT202003017BR
4/8/2020 1:28:01 PM - Inserir Historico IMOXT201912038BR
4/8/2020 1:28:02 PM - Insert with success IMOXT201912038BR
4/8/2020 1:28:29 PM - Inserir Historico IAOXT201802001BR
4/8/2020 1:28:30 PM - Insert with success IAOXT201802001BR
4/8/2020 1:29:02 PM - Inserir Historico IMOXT201912020BR
4/8/2020 1:29:03 PM - Insert with success IMOXT201912020BR
4/8/2020 1:29:33 PM - Inserir Historico IAOXT201911015BR
4/8/2020 1:29:34 PM - Insert with success IAOXT201911015BR
4/8/2020 1:30:03 PM - Inserir Historico IMOXT201808001BR
4/8/2020 1:30:06 PM - Insert with success IMOXT201808001BR
4/8/2020 1:30:33 PM - Inserir Historico IAOXT201911011BR
4/8/2020 1:30:35 PM - Insert with success IAOXT201911011BR
4/8/2020 1:31:06 PM - Inserir Historico IMOXT201810007BR
4/8/2020 1:31:08 PM - Insert with success IMOXT201810007BR
4/8/2020 1:31:37 PM - Inserir Historico IMOXT201907054BR
4/8/2020 1:31:38 PM - Insert with success IMOXT201907054BR
4/8/2020 1:32:06 PM - Inserir Historico IMOXT201911018BR
4/8/2020 1:32:07 PM - Insert with success IMOXT201911018BR
4/8/2020 1:32:33 PM - Inserir Historico IMOXT201811015BR
4/8/2020 1:32:34 PM - Insert with success IMOXT201811015BR
4/8/2020 1:33:00 PM - Inserir Historico IMOXT201810026BR
4/8/2020 1:33:01 PM - Insert with success IMOXT201810026BR
4/8/2020 1:33:27 PM - Inserir Historico IMOXT201808044BR
4/8/2020 1:33:28 PM - Insert with success IMOXT201808044BR
4/8/2020 1:33:55 PM - Inserir Historico IMOXT202001022BR
4/8/2020 1:33:55 PM - Insert with success IMOXT202001022BR
4/8/2020 1:34:21 PM - Inserir Historico IMOXT201910028BR
4/8/2020 1:34:21 PM - Insert with success IMOXT201910028BR
4/8/2020 1:34:48 PM - Inserir Historico IMOXT201903019BR
4/8/2020 1:34:49 PM - Insert with success IMOXT201903019BR
4/8/2020 1:35:17 PM - Inserir Historico IMOXT202003015BR
4/8/2020 1:35:18 PM - Insert with success IMOXT202003015BR
4/8/2020 1:35:47 PM - Inserir Historico IMOXT201912036BR
4/8/2020 1:35:48 PM - Insert with success IMOXT201912036BR
4/8/2020 1:36:14 PM - Inserir Historico IMOXT202001015BR
4/8/2020 1:36:16 PM - Insert with success IMOXT202001015BR
4/8/2020 1:36:43 PM - Inserir Historico IMOXT201912009BR
4/8/2020 1:36:44 PM - Insert with success IMOXT201912009BR
4/8/2020 1:37:16 PM - Inserir Historico IMOXT201907001BR
4/8/2020 1:37:18 PM - Insert with success IMOXT201907001BR
4/8/2020 1:37:43 PM - Inserir Historico IMOXT201809022BR
4/8/2020 1:37:44 PM - Insert with success IMOXT201809022BR
4/8/2020 1:38:11 PM - Inserir Historico IMOXT201812002BR
4/8/2020 1:38:12 PM - Insert with success IMOXT201812002BR
4/8/2020 1:38:42 PM - Inserir Historico IMOXT201802011BR
4/8/2020 1:38:43 PM - Insert with success IMOXT201802011BR
4/8/2020 1:39:15 PM - Inserir Historico IMOXT201806033BR
4/8/2020 1:39:17 PM - Insert with success IMOXT201806033BR
4/8/2020 1:39:49 PM - Inserir Historico IMOXT201803027BR
4/8/2020 1:39:50 PM - Insert with success IMOXT201803027BR
4/8/2020 1:40:18 PM - Inserir Historico IOOXT202001023BR
4/8/2020 1:40:19 PM - Insert with success IOOXT202001023BR
4/8/2020 1:40:43 PM - Inserir Historico IMOXT202001025BR
4/8/2020 1:40:44 PM - Insert with success IMOXT202001025BR
4/8/2020 1:41:15 PM - Inserir Historico IMOXT201912049BR
4/8/2020 1:41:17 PM - Insert with success IMOXT201912049BR
4/8/2020 1:41:41 PM - Inserir Historico IMOXT201809013BR
4/8/2020 1:41:42 PM - Insert with success IMOXT201809013BR
4/8/2020 1:42:05 PM - Inserir Historico IMOXT201810001BR
4/8/2020 1:42:06 PM - Insert with success IMOXT201810001BR
4/8/2020 1:42:30 PM - Inserir Historico IMOXT201802008BR
4/8/2020 1:42:31 PM - Insert with success IMOXT201802008BR
4/8/2020 1:43:01 PM - Inserir Historico IMOXT201803048BR
4/8/2020 1:43:01 PM - Insert with success IMOXT201803048BR
4/8/2020 1:43:27 PM - Inserir Historico IAOXT201911014BR
4/8/2020 1:43:28 PM - Insert with success IAOXT201911014BR
4/8/2020 1:43:52 PM - Inserir Historico IMOXT201804007BR
4/8/2020 1:43:52 PM - Insert with success IMOXT201804007BR
4/8/2020 1:44:15 PM - Inserir Historico IOOXT202003012BR
4/8/2020 1:44:16 PM - Insert with success IOOXT202003012BR
4/8/2020 1:44:45 PM - Inserir Historico IMOXT201801018BR
4/8/2020 1:44:46 PM - Insert with success IMOXT201801018BR
4/8/2020 1:45:11 PM - Inserir Historico IMOXT202002021BR
4/8/2020 1:45:13 PM - Insert with success IMOXT202002021BR
4/8/2020 1:45:43 PM - Inserir Historico IAOXT202001004BR
4/8/2020 1:45:44 PM - Insert with success IAOXT202001004BR
4/8/2020 1:46:17 PM - Inserir Historico IMOXT201912055BR
4/8/2020 1:46:18 PM - Insert with success IMOXT201912055BR
4/8/2020 1:46:58 PM - Inserir Historico IMOXT201912023BR
4/8/2020 1:46:59 PM - Insert with success IMOXT201912023BR
4/8/2020 1:47:29 PM - Inserir Historico IMOXT201910016BR
4/8/2020 1:47:30 PM - Insert with success IMOXT201910016BR
4/8/2020 1:48:01 PM - Inserir Historico IMOXT202001031BR
4/8/2020 1:48:02 PM - Insert with success IMOXT202001031BR
4/8/2020 1:48:33 PM - Inserir Historico IMOXT201802053BR
4/8/2020 1:48:34 PM - Insert with success IMOXT201802053BR
4/8/2020 1:49:27 PM - Inserir Historico IMOXT202001001BR
4/8/2020 1:49:28 PM - Insert with success IMOXT202001001BR
4/8/2020 1:50:00 PM - Inserir Historico IMOXT201803047BR
4/8/2020 1:50:03 PM - Insert with success IMOXT201803047BR
4/8/2020 1:50:34 PM - Inserir Historico IMOXT202001033BR
4/8/2020 1:50:35 PM - Insert with success IMOXT202001033BR
4/8/2020 1:51:07 PM - Inserir Historico IMOXT201911029BR
4/8/2020 1:51:08 PM - Insert with success IMOXT201911029BR
4/8/2020 1:51:36 PM - Inserir Historico IMOXT201806001BR
4/8/2020 1:51:37 PM - Insert with success IMOXT201806001BR
4/8/2020 1:52:03 PM - Inserir Historico IMOXT202001014BR
4/8/2020 1:52:04 PM - Insert with success IMOXT202001014BR
4/8/2020 1:52:31 PM - Inserir Historico IMOXT201902003BR
4/8/2020 1:52:32 PM - Insert with success IMOXT201902003BR
4/8/2020 1:53:05 PM - Inserir Historico IOOXT202003004BR
4/8/2020 1:53:06 PM - Insert with success IOOXT202003004BR
4/8/2020 1:53:34 PM - Inserir Historico IMOXT201910035BR
4/8/2020 1:53:35 PM - Insert with success IMOXT201910035BR
4/8/2020 1:53:58 PM - Inserir Historico IAOXT201909004BR
4/8/2020 1:53:58 PM - Insert with success IAOXT201909004BR
4/8/2020 1:54:23 PM - Inserir Historico IMOXT201809006BR
4/8/2020 1:54:24 PM - Insert with success IMOXT201809006BR
4/8/2020 1:54:52 PM - Inserir Historico IMOXT201807041BR
4/8/2020 1:54:53 PM - Insert with success IMOXT201807041BR
4/8/2020 1:55:23 PM - Inserir Historico IMOXT201911031BR
4/8/2020 1:55:24 PM - Insert with success IMOXT201911031BR
4/8/2020 1:55:47 PM - Inserir Historico IAOXT202002005BR
4/8/2020 1:55:48 PM - Insert with success IAOXT202002005BR
4/8/2020 1:56:25 PM - Inserir Historico IMOXT201912051BR
4/8/2020 1:56:26 PM - Insert with success IMOXT201912051BR
4/8/2020 1:56:54 PM - Inserir Historico IMOXT201911036BR
4/8/2020 1:56:55 PM - Insert with success IMOXT201911036BR
4/8/2020 1:57:24 PM - Inserir Historico IMOXT201806026BR
4/8/2020 1:57:25 PM - Insert with success IMOXT201806026BR
4/8/2020 1:57:53 PM - Inserir Historico IMOXT201910020BR
4/8/2020 1:57:54 PM - Insert with success IMOXT201910020BR
4/8/2020 1:58:46 PM - Inserir Historico IMOXT201912022BR
4/8/2020 1:58:47 PM - Insert with success IMOXT201912022BR
4/8/2020 1:59:24 PM - Inserir Historico IMOXT202002013BR
4/8/2020 1:59:25 PM - Insert with success IMOXT202002013BR
4/8/2020 2:00:01 PM - Inserir Historico IMOXT201912017BR
4/8/2020 2:00:03 PM - Insert with success IMOXT201912017BR
4/8/2020 2:00:37 PM - Inserir Historico IMOXT201912035BR
4/8/2020 2:00:38 PM - Insert with success IMOXT201912035BR
4/8/2020 2:01:12 PM - Inserir Historico IMOXT202002001BR
4/8/2020 2:01:14 PM - Insert with success IMOXT202002001BR
4/8/2020 2:01:43 PM - Inserir Historico IMOXT201909029BR
4/8/2020 2:01:44 PM - Insert with success IMOXT201909029BR
4/8/2020 2:02:09 PM - Inserir Historico IAOXT201907010BR
4/8/2020 2:02:10 PM - Insert with success IAOXT201907010BR
4/8/2020 2:02:38 PM - Inserir Historico IAOXT201911001BR
4/8/2020 2:02:40 PM - Insert with success IAOXT201911001BR
4/8/2020 2:03:07 PM - Inserir Historico IOOXT202003020BR
4/8/2020 2:03:08 PM - Insert with success IOOXT202003020BR
4/8/2020 2:03:40 PM - Inserir Historico IMOXT202001051BR
4/8/2020 2:03:41 PM - Insert with success IMOXT202001051BR
4/8/2020 2:04:18 PM - Inserir Historico IMOXT201912033BR
4/8/2020 2:04:19 PM - Insert with success IMOXT201912033BR
4/8/2020 2:04:51 PM - Inserir Historico IOOXT202001012BR
4/8/2020 2:04:52 PM - Insert with success IOOXT202001012BR
4/8/2020 2:05:23 PM - Inserir Historico IMOXT201807022BR
4/8/2020 2:05:24 PM - Insert with success IMOXT201807022BR
4/8/2020 2:05:59 PM - Inserir Historico IMOXT202002048BR
4/8/2020 2:06:00 PM - Insert with success IMOXT202002048BR
4/8/2020 2:06:28 PM - Inserir Historico IAOXT201912003BR
4/8/2020 2:06:30 PM - Insert with success IAOXT201912003BR
4/8/2020 2:07:14 PM - Inserir Historico IMOXT201908012BR
4/8/2020 2:07:14 PM - Insert with success IMOXT201908012BR
4/8/2020 2:07:48 PM - Inserir Historico IMOXT201911025BR
4/8/2020 2:07:48 PM - Insert with success IMOXT201911025BR
4/8/2020 2:08:16 PM - Inserir Historico IMOXT202001016BR
4/8/2020 2:08:17 PM - Insert with success IMOXT202001016BR
4/8/2020 2:08:43 PM - Inserir Historico IOOXT202001014BR
4/8/2020 2:08:45 PM - Insert with success IOOXT202001014BR
4/8/2020 2:09:30 PM - Inserir Historico IMOXT201910013BR
4/8/2020 2:09:31 PM - Insert with success IMOXT201910013BR
4/8/2020 2:10:10 PM - Inserir Historico IMOXT202001030BR
4/8/2020 2:10:12 PM - Insert with success IMOXT202001030BR
4/8/2020 2:10:43 PM - Inserir Historico IOOXT202003001BR
4/8/2020 2:10:44 PM - Insert with success IOOXT202003001BR
4/8/2020 2:11:14 PM - Inserir Historico IOOXT202003005BR
4/8/2020 2:11:15 PM - Insert with success IOOXT202003005BR
4/8/2020 2:11:54 PM - Inserir Historico IMOXT201802055BR
4/8/2020 2:11:55 PM - Insert with success IMOXT201802055BR
4/8/2020 2:12:25 PM - Inserir Historico IOOXT202003009BR
4/8/2020 2:12:27 PM - Insert with success IOOXT202003009BR
4/8/2020 2:13:02 PM - Inserir Historico IMOXT201911022BR
4/8/2020 2:13:03 PM - Insert with success IMOXT201911022BR
4/8/2020 2:13:29 PM - Inserir Historico IMOXT201902002BR
4/8/2020 2:13:30 PM - Insert with success IMOXT201902002BR
4/8/2020 2:13:55 PM - Inserir Historico IMOXT202002016BR
4/8/2020 2:13:56 PM - Insert with success IMOXT202002016BR
4/8/2020 2:14:23 PM - Inserir Historico IMOXT202002051BR
4/8/2020 2:14:23 PM - Insert with success IMOXT202002051BR
4/8/2020 2:14:54 PM - Inserir Historico IOOXT202001026BR
4/8/2020 2:14:55 PM - Insert with success IOOXT202001026BR
4/8/2020 2:15:24 PM - Inserir Historico IMOXT202001057BR
4/8/2020 2:15:25 PM - Insert with success IMOXT202001057BR
4/8/2020 2:16:04 PM - Inserir Historico IMOXT201807012BR
4/8/2020 2:16:05 PM - Insert with success IMOXT201807012BR
4/8/2020 2:16:31 PM - Inserir Historico IOOXT202003018BR
4/8/2020 2:16:33 PM - Insert with success IOOXT202003018BR
4/8/2020 2:16:54 PM - Inserir Historico IMATL202004023BR
4/8/2020 2:16:56 PM - Insert with success IMATL202004023BR
4/8/2020 2:17:21 PM - Inserir Historico IAOXT201912002BR
4/8/2020 2:17:22 PM - Insert with success IAOXT201912002BR
4/8/2020 2:17:49 PM - Inserir Historico IMOXT202002031BR
4/8/2020 2:17:50 PM - Insert with success IMOXT202002031BR
4/8/2020 2:18:15 PM - Inserir Historico IOOXT202003010BR
4/8/2020 2:18:16 PM - Insert with success IOOXT202003010BR
4/8/2020 2:18:42 PM - Inserir Historico IOOXT202003003BR
4/8/2020 2:18:45 PM - Insert with success IOOXT202003003BR
4/8/2020 2:19:15 PM - Inserir Historico IAOXT202002004BR
4/8/2020 2:19:16 PM - Insert with success IAOXT202002004BR
4/8/2020 2:19:48 PM - Inserir Historico IMOXT201911016BR
4/8/2020 2:19:49 PM - Insert with success IMOXT201911016BR
4/8/2020 2:20:22 PM - Inserir Historico IOOXT202003013BR
4/8/2020 2:20:23 PM - Insert with success IOOXT202003013BR
4/8/2020 2:20:50 PM - Inserir Historico EORHO202004003BR
4/8/2020 2:20:51 PM - Insert with success EORHO202004003BR
4/8/2020 2:21:27 PM - Inserir Historico IMOXT202002023BR
4/8/2020 2:21:29 PM - Insert with success IMOXT202002023BR
4/8/2020 2:21:59 PM - Inserir Historico IMOXT201909053BR
4/8/2020 2:22:01 PM - Insert with success IMOXT201909053BR
4/8/2020 2:22:30 PM - Inserir Historico IMOXT201912001BR
4/8/2020 2:22:31 PM - Insert with success IMOXT201912001BR
4/8/2020 2:22:59 PM - Inserir Historico IMOXT202001021BR
4/8/2020 2:23:00 PM - Insert with success IMOXT202001021BR
4/8/2020 2:23:30 PM - Inserir Historico IMOXT201903027BR
4/8/2020 2:23:31 PM - Insert with success IMOXT201903027BR
4/8/2020 2:23:56 PM - Inserir Historico IMOXT202001053BR
4/8/2020 2:23:57 PM - Insert with success IMOXT202001053BR
4/8/2020 2:24:33 PM - Inserir Historico IMOXT201912057BR
4/8/2020 2:24:34 PM - Insert with success IMOXT201912057BR
4/8/2020 2:25:10 PM - Inserir Historico IOOXT202001015BR
4/8/2020 2:25:11 PM - Insert with success IOOXT202001015BR
4/8/2020 2:25:36 PM - Inserir Historico IOOXT202003006BR
4/8/2020 2:25:37 PM - Insert with success IOOXT202003006BR
4/8/2020 2:26:18 PM - Inserir Historico IMOXT201911005BR
4/8/2020 2:26:18 PM - Insert with success IMOXT201911005BR
4/8/2020 2:26:46 PM - Inserir Historico IMOXT202001050BR
4/8/2020 2:26:47 PM - Insert with success IMOXT202001050BR
4/8/2020 2:27:17 PM - Inserir Historico IMOXT201807017BR
4/8/2020 2:27:18 PM - Insert with success IMOXT201807017BR
4/8/2020 2:27:43 PM - Inserir Historico IMSOL202001065BR
4/8/2020 2:27:44 PM - Insert with success IMSOL202001065BR
4/8/2020 2:28:05 PM - Inserir Historico IMEVO202004004BR
4/8/2020 2:28:06 PM - Insert with success IMEVO202004004BR
4/8/2020 2:28:33 PM - Inserir Historico IMSPC202001033BR
4/8/2020 2:28:33 PM - Insert with success IMSPC202001033BR
4/8/2020 2:29:03 PM - Inserir Historico IMSWB201912098BR
4/8/2020 2:29:04 PM - Insert with success IMSWB201912098BR
4/8/2020 2:29:33 PM - Inserir Historico IMCSR202003247BR
4/8/2020 2:29:34 PM - Insert with success IMCSR202003247BR
4/8/2020 2:30:00 PM - Inserir Historico IMSWB202002096BR
4/8/2020 2:30:21 PM - Insert with success IMSWB202002096BR
4/8/2020 2:30:47 PM - Inserir Historico IACSR202003014BR
4/8/2020 2:30:48 PM - Insert with success IACSR202003014BR
4/8/2020 2:31:13 PM - Inserir Historico IACSR202004003BR
4/8/2020 2:31:15 PM - Insert with success IACSR202004003BR
4/8/2020 2:31:43 PM - Inserir Historico IAOCV202002003BR
4/8/2020 2:31:44 PM - Insert with success IAOCV202002003BR
4/8/2020 2:32:10 PM - Inserir Historico IMSWB202002097BR
4/8/2020 2:32:10 PM - Insert with success IMSWB202002097BR
4/8/2020 2:32:38 PM - Inserir Historico IMATN202003009BR
4/8/2020 2:32:39 PM - Insert with success IMATN202003009BR
4/8/2020 2:33:15 PM - Inserir Historico IMCSR202003260BR
4/8/2020 2:33:16 PM - Insert with success IMCSR202003260BR
4/8/2020 2:33:49 PM - Inserir Historico IMCSR201912201BR
4/8/2020 2:33:50 PM - Insert with success IMCSR201912201BR
4/8/2020 2:34:19 PM - Inserir Historico IMCSR202001295BR
4/8/2020 2:34:20 PM - Insert with success IMCSR202001295BR
4/8/2020 2:34:46 PM - Inserir Historico IMCSR202003263BR
4/8/2020 2:34:47 PM - Insert with success IMCSR202003263BR
4/8/2020 2:35:20 PM - Inserir Historico IMIFB202002048BR
4/8/2020 2:35:20 PM - Insert with success IMIFB202002048BR
4/8/2020 2:35:42 PM - Inserir Historico EMCSR202004003BR
4/8/2020 2:35:43 PM - Insert with success EMCSR202004003BR
4/8/2020 2:36:13 PM - Inserir Historico IMCSR202003200BR
4/8/2020 2:36:14 PM - Insert with success IMCSR202003200BR
4/8/2020 2:36:38 PM - Inserir Historico IMCSR202003255BR
4/8/2020 2:36:39 PM - Insert with success IMCSR202003255BR
4/8/2020 2:37:09 PM - Inserir Historico IMCSR202003256BR
4/8/2020 2:37:10 PM - Insert with success IMCSR202003256BR
4/8/2020 2:37:36 PM - Inserir Historico IMCSR202003272BR
4/8/2020 2:37:37 PM - Insert with success IMCSR202003272BR
4/8/2020 2:38:03 PM - Inserir Historico IMSPC202002022BR
4/8/2020 2:38:04 PM - Insert with success IMSPC202002022BR
4/8/2020 2:38:32 PM - Inserir Historico IMCSR202003285BR
4/8/2020 2:38:32 PM - Insert with success IMCSR202003285BR
4/8/2020 2:39:00 PM - Inserir Historico IMSLA202003014BR
4/8/2020 2:39:01 PM - Insert with success IMSLA202003014BR
4/8/2020 2:39:41 PM - Inserir Historico IMSLA202003020BR
4/8/2020 2:39:43 PM - Insert with success IMSLA202003020BR
4/8/2020 2:40:13 PM - Inserir Historico IMSLA202003032BR
4/8/2020 2:40:14 PM - Insert with success IMSLA202003032BR
4/8/2020 2:40:43 PM - Inserir Historico IMSOL201912048BR
4/8/2020 2:40:45 PM - Insert with success IMSOL201912048BR
4/8/2020 2:41:14 PM - Inserir Historico IMSOL202001039BR
4/8/2020 2:41:16 PM - Insert with success IMSOL202001039BR
4/8/2020 2:41:44 PM - Inserir Historico IMSOL202001108BR
4/8/2020 2:41:46 PM - Insert with success IMSOL202001108BR
4/8/2020 2:42:16 PM - Inserir Historico IMSOL202002042BR
4/8/2020 2:42:18 PM - Insert with success IMSOL202002042BR
4/8/2020 2:42:47 PM - Inserir Historico IMSPC202003045BR
4/8/2020 2:42:49 PM - Insert with success IMSPC202003045BR
4/8/2020 2:43:23 PM - Inserir Historico IMSPC202003046BR
4/8/2020 2:43:24 PM - Insert with success IMSPC202003046BR
4/8/2020 2:43:56 PM - Inserir Historico IMSPC202004005BR
4/8/2020 2:43:57 PM - Insert with success IMSPC202004005BR
4/8/2020 2:44:25 PM - Inserir Historico IMSWB202002035BR
4/8/2020 2:44:26 PM - Insert with success IMSWB202002035BR
4/8/2020 2:44:56 PM - Inserir Historico IMSWB202002033BR
4/8/2020 2:44:57 PM - Insert with success IMSWB202002033BR
4/8/2020 2:45:19 PM - Inserir Historico EMCSR202003114BR
4/8/2020 2:45:20 PM - Insert with success EMCSR202003114BR
4/8/2020 2:45:48 PM - Inserir Historico EORHO202004004BR
4/8/2020 2:45:49 PM - Insert with success EORHO202004004BR
4/8/2020 2:46:18 PM - Inserir Historico IMSPC202003015BR
4/8/2020 2:46:19 PM - Insert with success IMSPC202003015BR
4/8/2020 2:46:47 PM - Inserir Historico IMCTV202003064BR
4/8/2020 2:46:48 PM - Insert with success IMCTV202003064BR
4/8/2020 2:47:17 PM - Inserir Historico IMIFB202002007BR
4/8/2020 2:47:18 PM - Insert with success IMIFB202002007BR
4/8/2020 2:47:33 PM - Inserir Historico IAATL202004015BR
4/8/2020 2:47:34 PM - Insert with success IAATL202004015BR
4/8/2020 2:48:05 PM - Inserir Historico IMCSR202001550BR
4/8/2020 2:48:05 PM - Insert with success IMCSR202001550BR
4/8/2020 2:48:34 PM - Inserir Historico IMCSR202003330BR
4/8/2020 2:48:35 PM - Insert with success IMCSR202003330BR
4/8/2020 2:49:08 PM - Inserir Historico IMCSR202002190BR
4/8/2020 2:49:09 PM - Insert with success IMCSR202002190BR
4/8/2020 2:49:37 PM - Inserir Historico IMIFB202002059BR
4/8/2020 2:49:39 PM - Insert with success IMIFB202002059BR
4/8/2020 2:50:10 PM - Inserir Historico IMCTV202003071BR
4/8/2020 2:50:12 PM - Insert with success IMCTV202003071BR
4/8/2020 2:50:39 PM - Inserir Historico IMCSR202001565BR
4/8/2020 2:50:41 PM - Insert with success IMCSR202001565BR
4/8/2020 2:51:12 PM - Inserir Historico IMCSR202003129BR
4/8/2020 2:51:13 PM - Insert with success IMCSR202003129BR
4/8/2020 2:51:45 PM - Inserir Historico IMOXT201910011BR
4/8/2020 2:51:46 PM - Insert with success IMOXT201910011BR
4/8/2020 2:52:20 PM - Inserir Historico IMOXT201909044BR
4/8/2020 2:52:21 PM - Insert with success IMOXT201909044BR
4/8/2020 2:53:02 PM - Inserir Historico IMOXT201911032BR
4/8/2020 2:53:03 PM - Insert with success IMOXT201911032BR
4/8/2020 2:53:54 PM - Inserir Historico IMOXT201910018BR
4/8/2020 2:53:55 PM - Insert with success IMOXT201910018BR
4/8/2020 2:54:25 PM - Inserir Historico IMOXT201910023BR
4/8/2020 2:54:26 PM - Insert with success IMOXT201910023BR
4/8/2020 2:54:55 PM - Inserir Historico IMOXT201910039BR
4/8/2020 2:54:55 PM - Insert with success IMOXT201910039BR
4/8/2020 2:55:26 PM - Inserir Historico IMOXT201907047BR
4/8/2020 2:55:27 PM - Insert with success IMOXT201907047BR
4/8/2020 2:55:57 PM - Inserir Historico IMOXT201910009BR
4/8/2020 2:55:58 PM - Insert with success IMOXT201910009BR
4/8/2020 2:56:26 PM - Inserir Historico IMOXT201910017BR
4/8/2020 2:56:27 PM - Insert with success IMOXT201910017BR
4/8/2020 2:57:00 PM - Inserir Historico IMOXT201909043BR
4/8/2020 2:57:01 PM - Insert with success IMOXT201909043BR
4/8/2020 2:57:31 PM - Inserir Historico IMOXT201912056BR
4/8/2020 2:57:32 PM - Insert with success IMOXT201912056BR
4/8/2020 2:57:58 PM - Inserir Historico IMCSR202003528BR
4/8/2020 2:57:58 PM - Insert with success IMCSR202003528BR
4/8/2020 2:58:28 PM - Inserir Historico IMCSR202002211BR
4/8/2020 2:58:29 PM - Insert with success IMCSR202002211BR
4/8/2020 2:59:00 PM - Inserir Historico IMCSR202003117BR
4/8/2020 2:59:00 PM - Insert with success IMCSR202003117BR
4/8/2020 2:59:50 PM - Inserir Historico IMCSR202002210BR
4/8/2020 2:59:52 PM - Insert with success IMCSR202002210BR
4/8/2020 3:00:21 PM - Inserir Historico EORHO202004005BR
4/8/2020 3:00:22 PM - Insert with success EORHO202004005BR
4/8/2020 3:00:55 PM - Inserir Historico IMCBT202003030BR
4/8/2020 3:00:56 PM - Insert with success IMCBT202003030BR
4/8/2020 3:01:30 PM - Inserir Historico IMCSR202001040BR
4/8/2020 3:01:30 PM - Insert with success IMCSR202001040BR
4/8/2020 3:02:02 PM - Inserir Historico IMCSR202002147BR
4/8/2020 3:02:02 PM - Insert with success IMCSR202002147BR
4/8/2020 3:02:32 PM - Inserir Historico IMCSR201903707BR
4/8/2020 3:02:33 PM - Insert with success IMCSR201903707BR
4/8/2020 3:02:53 PM - Inserir Historico IMATL202004024BR
4/8/2020 3:02:53 PM - Insert with success IMATL202004024BR
4/8/2020 3:03:24 PM - Inserir Historico IMCTV202002020BR
4/8/2020 3:03:24 PM - Insert with success IMCTV202002020BR
4/8/2020 3:03:52 PM - Inserir Historico IMCTV202002022BR
4/8/2020 3:03:54 PM - Insert with success IMCTV202002022BR
4/8/2020 3:04:25 PM - Inserir Historico IMCTV202002035BR
4/8/2020 3:04:26 PM - Insert with success IMCTV202002035BR
4/8/2020 3:04:57 PM - Inserir Historico IMIFB202002038BR
4/8/2020 3:04:58 PM - Insert with success IMIFB202002038BR
4/8/2020 3:05:24 PM - Inserir Historico IAOXT202003002BR
4/8/2020 3:05:25 PM - Insert with success IAOXT202003002BR
4/8/2020 3:05:53 PM - Inserir Historico IMSOL202001102BR
4/8/2020 3:05:54 PM - Insert with success IMSOL202001102BR
4/8/2020 3:06:24 PM - Inserir Historico IMSOL202002010BR
4/8/2020 3:06:25 PM - Insert with success IMSOL202002010BR
4/8/2020 3:06:54 PM - Inserir Historico IMSOL202002130BR
4/8/2020 3:06:55 PM - Insert with success IMSOL202002130BR
4/8/2020 3:07:49 PM - Inserir Historico IMSWB202002102BR
4/8/2020 3:07:50 PM - Insert with success IMSWB202002102BR
4/8/2020 3:09:29 PM - Inserir Historico IMTAM202003020BR
4/8/2020 3:09:30 PM - Insert with success IMTAM202003020BR
4/8/2020 3:10:10 PM - Inserir Historico IMUPM202003003BR
4/8/2020 3:10:13 PM - Insert with success IMUPM202003003BR
4/8/2020 3:10:44 PM - Inserir Historico EMCSR202004006BR
4/8/2020 3:10:46 PM - Insert with success EMCSR202004006BR
4/8/2020 3:11:10 PM - Inserir Historico EMCSR202004021BR
4/8/2020 3:11:11 PM - Insert with success EMCSR202004021BR
4/8/2020 3:11:52 PM - Inserir Historico IMCSR202001493BR
4/8/2020 3:11:53 PM - Insert with success IMCSR202001493BR
4/8/2020 3:12:23 PM - Inserir Historico IMCSR201912449BR
4/8/2020 3:12:24 PM - Insert with success IMCSR201912449BR
4/8/2020 3:13:10 PM - Inserir Historico EMCBT202004002BR
4/8/2020 3:13:11 PM - Insert with success EMCBT202004002BR
4/8/2020 3:13:41 PM - Inserir Historico IMCSR201912451BR
4/8/2020 3:13:42 PM - Insert with success IMCSR201912451BR
4/8/2020 3:14:11 PM - Inserir Historico IMCSR201912452BR
4/8/2020 3:14:12 PM - Insert with success IMCSR201912452BR
4/8/2020 3:14:37 PM - Inserir Historico IMCSR201912453BR
4/8/2020 3:14:38 PM - Insert with success IMCSR201912453BR
4/8/2020 3:15:06 PM - Inserir Historico IMCSR202002081BR
4/8/2020 3:15:07 PM - Insert with success IMCSR202002081BR
4/8/2020 3:21:30 PM - Inserir Historico IMSWB201912126BR
4/8/2020 3:21:31 PM - Insert with success IMSWB201912126BR
4/8/2020 3:21:55 PM - Inserir Historico IMCSR202002458BR
4/8/2020 3:21:57 PM - Insert with success IMCSR202002458BR
4/8/2020 3:22:22 PM - Inserir Historico IMCSR202003289BR
4/8/2020 3:22:23 PM - Insert with success IMCSR202003289BR
4/8/2020 3:22:48 PM - Inserir Historico IMCSR202002318BR
4/8/2020 3:22:49 PM - Insert with success IMCSR202002318BR
4/8/2020 3:23:15 PM - Inserir Historico IMCSR202003404BR
4/8/2020 3:23:16 PM - Insert with success IMCSR202003404BR
4/8/2020 3:23:41 PM - Inserir Historico IMSPC202003002BR
4/8/2020 3:23:42 PM - Insert with success IMSPC202003002BR
4/8/2020 3:24:05 PM - Inserir Historico IMSOL202003115BR
4/8/2020 3:24:05 PM - Insert with success IMSOL202003115BR
4/8/2020 3:24:30 PM - Inserir Historico IMCSR202003261BR
4/8/2020 3:24:32 PM - Insert with success IMCSR202003261BR
4/8/2020 3:25:14 PM - Inserir Historico EMCBT202004001BR
4/8/2020 3:25:15 PM - Insert with success EMCBT202004001BR
4/8/2020 3:25:44 PM - Inserir Historico IMCSR202001378BR
4/8/2020 3:25:45 PM - Insert with success IMCSR202001378BR
4/8/2020 3:26:08 PM - Inserir Historico IMSWB202002024BR
4/8/2020 3:26:09 PM - Insert with success IMSWB202002024BR
4/8/2020 3:26:34 PM - Inserir Historico IMSWB202002074BR
4/8/2020 3:26:35 PM - Insert with success IMSWB202002074BR
4/8/2020 3:26:59 PM - Inserir Historico IMSWB202002014BR
4/8/2020 3:26:59 PM - Insert with success IMSWB202002014BR
4/8/2020 3:27:23 PM - Inserir Historico IMCSR202003405BR
4/8/2020 3:27:24 PM - Insert with success IMCSR202003405BR
4/8/2020 3:27:47 PM - Inserir Historico IMCSR202003413BR
4/8/2020 3:27:48 PM - Insert with success IMCSR202003413BR
4/8/2020 3:28:10 PM - Inserir Historico IMSOL202003157BR
4/8/2020 3:28:11 PM - Insert with success IMSOL202003157BR
4/8/2020 3:28:35 PM - Inserir Historico IMCSR202003327BR
4/8/2020 3:28:36 PM - Insert with success IMCSR202003327BR
4/8/2020 3:29:06 PM - Inserir Historico IMCSR202003576BR
4/8/2020 3:29:07 PM - Insert with success IMCSR202003576BR
4/8/2020 3:29:34 PM - Inserir Historico IMCSR202003589BR
4/8/2020 3:29:35 PM - Insert with success IMCSR202003589BR
4/8/2020 3:30:00 PM - Inserir Historico IMCSR202003590BR
4/8/2020 3:30:02 PM - Insert with success IMCSR202003590BR
4/8/2020 3:30:35 PM - Inserir Historico IMCSR202003591BR
4/8/2020 3:30:37 PM - Insert with success IMCSR202003591BR
4/8/2020 3:31:09 PM - Inserir Historico IMCSR202003592BR
4/8/2020 3:31:11 PM - Insert with success IMCSR202003592BR
4/8/2020 3:31:42 PM - Inserir Historico IMCSR202004010BR
4/8/2020 3:31:43 PM - Insert with success IMCSR202004010BR
4/8/2020 3:32:14 PM - Inserir Historico IMCSR202004011BR
4/8/2020 3:32:16 PM - Insert with success IMCSR202004011BR
4/8/2020 3:32:43 PM - Inserir Historico IMCSR202004013BR
4/8/2020 3:32:44 PM - Insert with success IMCSR202004013BR
4/8/2020 3:33:10 PM - Inserir Historico IMCSR202003602BR
4/8/2020 3:33:11 PM - Insert with success IMCSR202003602BR
4/8/2020 3:33:37 PM - Inserir Historico IMCSR202004015BR
4/8/2020 3:33:38 PM - Insert with success IMCSR202004015BR
4/8/2020 3:34:07 PM - Inserir Historico IMCSR202004016BR
4/8/2020 3:34:08 PM - Insert with success IMCSR202004016BR
4/8/2020 3:34:37 PM - Inserir Historico IMCSR202004017BR
4/8/2020 3:34:38 PM - Insert with success IMCSR202004017BR
4/8/2020 3:35:07 PM - Inserir Historico IMCSR202004018BR
4/8/2020 3:35:09 PM - Insert with success IMCSR202004018BR
4/8/2020 3:35:38 PM - Inserir Historico IMCSR202004019BR
4/8/2020 3:35:39 PM - Insert with success IMCSR202004019BR
4/8/2020 3:36:08 PM - Inserir Historico IMCSR202004020BR
4/8/2020 3:36:11 PM - Insert with success IMCSR202004020BR
4/8/2020 3:36:39 PM - Inserir Historico IMCSR202004021BR
4/8/2020 3:36:41 PM - Insert with success IMCSR202004021BR
4/8/2020 3:37:08 PM - Inserir Historico IMCSR202003593BR
4/8/2020 3:37:09 PM - Insert with success IMCSR202003593BR
4/8/2020 3:37:31 PM - Inserir Historico EMCSR202004009BR
4/8/2020 3:37:33 PM - Insert with success EMCSR202004009BR
4/8/2020 3:37:57 PM - Inserir Historico IMSOL202002086BR
4/8/2020 3:37:58 PM - Insert with success IMSOL202002086BR
4/8/2020 3:38:21 PM - Inserir Historico EORHO202004006BR
4/8/2020 3:38:21 PM - Insert with success EORHO202004006BR
4/8/2020 3:38:51 PM - Inserir Historico IMSPC202003004BR
4/8/2020 3:38:52 PM - Insert with success IMSPC202003004BR
4/8/2020 3:39:20 PM - Inserir Historico IMTAM202003013BR
4/8/2020 3:39:21 PM - Insert with success IMTAM202003013BR
4/8/2020 3:40:01 PM - Inserir Historico IMMAU202003006BR
4/8/2020 3:40:04 PM - Insert with success IMMAU202003006BR
4/8/2020 3:40:37 PM - Inserir Historico IMSPC202003032BR
4/8/2020 3:40:37 PM - Insert with success IMSPC202003032BR
4/8/2020 3:41:05 PM - Inserir Historico IMSPC202003034BR
4/8/2020 3:41:07 PM - Insert with success IMSPC202003034BR
4/8/2020 3:41:37 PM - Inserir Historico IMSPC202003035BR
4/8/2020 3:41:38 PM - Insert with success IMSPC202003035BR
4/8/2020 3:42:09 PM - Inserir Historico EORHO202004007BR
4/8/2020 3:42:10 PM - Insert with success EORHO202004007BR
4/8/2020 3:42:39 PM - Inserir Historico IMSPC202003011BR
4/8/2020 3:42:39 PM - Insert with success IMSPC202003011BR
4/8/2020 3:43:06 PM - Inserir Historico EMOXT202003189BR
4/8/2020 3:43:07 PM - Insert with success EMOXT202003189BR
4/8/2020 3:43:34 PM - Inserir Historico EORHO202004008BR
4/8/2020 3:43:34 PM - Insert with success EORHO202004008BR
4/8/2020 3:44:03 PM - Inserir Historico IMCSR202003409BR
4/8/2020 3:44:04 PM - Insert with success IMCSR202003409BR
4/8/2020 3:44:32 PM - Inserir Historico IMCSR202003277BR
4/8/2020 3:44:33 PM - Insert with success IMCSR202003277BR
4/8/2020 3:45:00 PM - Inserir Historico IMCSR202003412BR
4/8/2020 3:45:01 PM - Insert with success IMCSR202003412BR
4/8/2020 3:45:31 PM - Inserir Historico IMCSR202003216BR
4/8/2020 3:45:32 PM - Insert with success IMCSR202003216BR
4/8/2020 3:46:14 PM - Inserir Historico IMSPC202003012BR
4/8/2020 3:46:15 PM - Insert with success IMSPC202003012BR
4/8/2020 3:46:43 PM - Inserir Historico IMCSR202003401BR
4/8/2020 3:46:44 PM - Insert with success IMCSR202003401BR
4/8/2020 3:47:28 PM - Inserir Historico EMSAM202003010BR
4/8/2020 3:47:29 PM - Insert with success EMSAM202003010BR
4/8/2020 3:47:50 PM - Inserir Historico EMCSR202003053BR
4/8/2020 3:47:52 PM - Insert with success EMCSR202003053BR
4/8/2020 3:48:14 PM - Inserir Historico EMCSR202003052BR
4/8/2020 3:48:15 PM - Insert with success EMCSR202003052BR
4/8/2020 3:48:37 PM - Inserir Historico EMCSR202003051BR
4/8/2020 3:48:38 PM - Insert with success EMCSR202003051BR
4/8/2020 3:49:04 PM - Inserir Historico EMCSR202003050BR
4/8/2020 3:49:05 PM - Insert with success EMCSR202003050BR
4/8/2020 3:49:39 PM - Inserir Historico IMCBT202003025BR
4/8/2020 3:49:40 PM - Insert with success IMCBT202003025BR
4/8/2020 3:50:18 PM - Inserir Historico IMCBT202003029BR
4/8/2020 3:50:19 PM - Insert with success IMCBT202003029BR
4/8/2020 3:50:45 PM - Inserir Historico IMCBT202003050BR
4/8/2020 3:50:46 PM - Insert with success IMCBT202003050BR
4/8/2020 3:51:15 PM - Inserir Historico EMOXT202003127BR
4/8/2020 3:51:16 PM - Insert with success EMOXT202003127BR
4/8/2020 3:51:43 PM - Inserir Historico IMSPC202003013BR
4/8/2020 3:51:44 PM - Insert with success IMSPC202003013BR
4/8/2020 3:52:10 PM - Inserir Historico IMSOL202002126BR
4/8/2020 3:52:11 PM - Insert with success IMSOL202002126BR
4/8/2020 3:52:37 PM - Inserir Historico IMSOL202002129BR
4/8/2020 3:52:38 PM - Insert with success IMSOL202002129BR
4/8/2020 3:53:04 PM - Inserir Historico IMSPC202003049BR
4/8/2020 3:53:05 PM - Insert with success IMSPC202003049BR
4/8/2020 3:53:31 PM - Inserir Historico IMSPC202003066BR
4/8/2020 3:53:32 PM - Insert with success IMSPC202003066BR
4/8/2020 3:54:10 PM - Inserir Historico IMSPC202004003BR
4/8/2020 3:54:11 PM - Insert with success IMSPC202004003BR
4/8/2020 3:54:38 PM - Inserir Historico IMSWB202002013BR
4/8/2020 3:54:38 PM - Insert with success IMSWB202002013BR
4/8/2020 3:55:29 PM - Inserir Historico IMSWB202003042BR
4/8/2020 3:55:30 PM - Insert with success IMSWB202003042BR
4/8/2020 3:55:55 PM - Inserir Historico EMOXT202003124BR
4/8/2020 3:55:56 PM - Insert with success EMOXT202003124BR
4/8/2020 3:56:27 PM - Inserir Historico IMCSR202003278BR
4/8/2020 3:56:28 PM - Insert with success IMCSR202003278BR
4/8/2020 3:56:59 PM - Inserir Historico IMSPC202003007BR
4/8/2020 3:57:00 PM - Insert with success IMSPC202003007BR
4/8/2020 3:57:25 PM - Inserir Historico EMCSR202002009BR
4/8/2020 3:57:26 PM - Insert with success EMCSR202002009BR
4/8/2020 3:57:53 PM - Inserir Historico EORHO202004009BR
4/8/2020 3:57:54 PM - Insert with success EORHO202004009BR
4/8/2020 3:58:22 PM - Inserir Historico IMCSR202003204BR
4/8/2020 3:58:23 PM - Insert with success IMCSR202003204BR
4/8/2020 3:58:52 PM - Inserir Historico IMCSR202003205BR
4/8/2020 3:58:53 PM - Insert with success IMCSR202003205BR
4/8/2020 3:59:18 PM - Inserir Historico IMCTV202002048BR
4/8/2020 3:59:19 PM - Insert with success IMCTV202002048BR
4/8/2020 3:59:51 PM - Inserir Historico IMCTV202003001BR
4/8/2020 3:59:53 PM - Insert with success IMCTV202003001BR
4/8/2020 4:00:29 PM - Inserir Historico IMEAS202004003BR
4/8/2020 4:00:31 PM - Insert with success IMEAS202004003BR
4/8/2020 4:01:21 PM - Inserir Historico IMEAS202004004BR
4/8/2020 4:01:22 PM - Insert with success IMEAS202004004BR
4/8/2020 4:01:53 PM - Inserir Historico IMSOL202002002BR
4/8/2020 4:01:55 PM - Insert with success IMSOL202002002BR
4/8/2020 4:02:31 PM - Inserir Historico IMSWB201912113BR
4/8/2020 4:02:32 PM - Insert with success IMSWB201912113BR
4/8/2020 4:03:03 PM - Inserir Historico IMSWB202001014BR
4/8/2020 4:03:04 PM - Insert with success IMSWB202001014BR
4/8/2020 4:03:35 PM - Inserir Historico IMSWB202001015BR
4/8/2020 4:03:36 PM - Insert with success IMSWB202001015BR
4/8/2020 4:04:10 PM - Inserir Historico IMSWB202001027BR
4/8/2020 4:04:12 PM - Insert with success IMSWB202001027BR
4/8/2020 4:04:46 PM - Inserir Historico IMSWB202002020BR
4/8/2020 4:04:48 PM - Insert with success IMSWB202002020BR
4/8/2020 4:05:26 PM - Inserir Historico IMSWB202002044BR
4/8/2020 4:05:27 PM - Insert with success IMSWB202002044BR
4/8/2020 4:05:59 PM - Inserir Historico IMSWB202002045BR
4/8/2020 4:06:01 PM - Insert with success IMSWB202002045BR
4/8/2020 4:06:31 PM - Inserir Historico IMSWB202002046BR
4/8/2020 4:06:32 PM - Insert with success IMSWB202002046BR
4/8/2020 4:07:03 PM - Inserir Historico IMSOL202002118BR
4/8/2020 4:07:04 PM - Insert with success IMSOL202002118BR
4/8/2020 4:07:38 PM - Inserir Historico IMSPC202003014BR
4/8/2020 4:07:39 PM - Insert with success IMSPC202003014BR
4/8/2020 4:08:11 PM - Inserir Historico IMCSR202003267BR
4/8/2020 4:08:12 PM - Insert with success IMCSR202003267BR
4/8/2020 4:08:43 PM - Inserir Historico EMOXT202004046BR
4/8/2020 4:08:44 PM - Insert with success EMOXT202004046BR
4/8/2020 4:09:21 PM - Inserir Historico IMSPC202003021BR
4/8/2020 4:09:23 PM - Insert with success IMSPC202003021BR
4/8/2020 4:09:55 PM - Inserir Historico IMCSR202003207BR
4/8/2020 4:09:57 PM - Insert with success IMCSR202003207BR
4/8/2020 4:10:31 PM - Inserir Historico IMCSR202001572BR
4/8/2020 4:10:33 PM - Insert with success IMCSR202001572BR
4/8/2020 4:11:10 PM - Inserir Historico IMOXT202001035BR
4/8/2020 4:11:10 PM - Insert with success IMOXT202001035BR
4/8/2020 4:11:40 PM - Inserir Historico IOOXT202003015BR
4/8/2020 4:11:41 PM - Insert with success IOOXT202003015BR
4/8/2020 4:12:12 PM - Inserir Historico IMCTV202001043BR
4/8/2020 4:12:12 PM - Insert with success IMCTV202001043BR
4/8/2020 4:12:41 PM - Inserir Historico IMSPC202003001BR
4/8/2020 4:12:42 PM - Insert with success IMSPC202003001BR
4/8/2020 4:13:07 PM - Inserir Historico IACTV202003003BR
4/8/2020 4:13:08 PM - Insert with success IACTV202003003BR
4/8/2020 4:13:58 PM - Inserir Historico IMATN202003005BR
4/8/2020 4:14:00 PM - Insert with success IMATN202003005BR
4/8/2020 4:14:40 PM - Inserir Historico IMSPC202003003BR
4/8/2020 4:14:43 PM - Insert with success IMSPC202003003BR
4/8/2020 4:15:22 PM - Inserir Historico IMIFB202002025BR
4/8/2020 4:15:23 PM - Insert with success IMIFB202002025BR
4/8/2020 4:15:53 PM - Inserir Historico IMCSR202003175BR
4/8/2020 4:15:54 PM - Insert with success IMCSR202003175BR
4/8/2020 4:16:23 PM - Inserir Historico IMSPC202003006BR
4/8/2020 4:16:24 PM - Insert with success IMSPC202003006BR
4/8/2020 4:16:54 PM - Inserir Historico IMCSR202002092BR
4/8/2020 4:16:54 PM - Insert with success IMCSR202002092BR
4/8/2020 4:17:23 PM - Inserir Historico IMSWB202001110BR
4/8/2020 4:17:23 PM - Insert with success IMSWB202001110BR
4/8/2020 4:17:53 PM - Inserir Historico IMSPC202003009BR
4/8/2020 4:17:53 PM - Insert with success IMSPC202003009BR
4/8/2020 4:18:20 PM - Inserir Historico EORHO202004010BR
4/8/2020 4:18:21 PM - Insert with success EORHO202004010BR
4/8/2020 4:18:44 PM - Inserir Historico EMCSR202003107BR
4/8/2020 4:18:44 PM - Insert with success EMCSR202003107BR
4/8/2020 4:19:19 PM - Inserir Historico IMCSR202001583BR
4/8/2020 4:19:20 PM - Insert with success IMCSR202001583BR
4/8/2020 4:19:41 PM - Inserir Historico EMCSR202003104BR
4/8/2020 4:19:41 PM - Insert with success EMCSR202003104BR
4/8/2020 4:20:21 PM - Inserir Historico IMCTV202001052BR
4/8/2020 4:20:21 PM - Insert with success IMCTV202001052BR
4/8/2020 4:20:43 PM - Inserir Historico EMCSR202003105BR
4/8/2020 4:20:44 PM - Insert with success EMCSR202003105BR
4/8/2020 4:21:17 PM - Inserir Historico IMCSR202001551BR
4/8/2020 4:21:17 PM - Insert with success IMCSR202001551BR
4/8/2020 4:21:46 PM - Inserir Historico IAOXT202001002BR
4/8/2020 4:21:47 PM - Insert with success IAOXT202001002BR
4/8/2020 4:22:10 PM - Inserir Historico EORHO202004011BR
4/8/2020 4:22:11 PM - Insert with success EORHO202004011BR
4/8/2020 4:22:37 PM - Inserir Historico IMCTV201912068BR
4/8/2020 4:22:38 PM - Insert with success IMCTV201912068BR
4/8/2020 4:23:04 PM - Inserir Historico IMATN202003008BR
4/8/2020 4:23:05 PM - Insert with success IMATN202003008BR
4/8/2020 4:23:30 PM - Inserir Historico EORHO202004012BR
4/8/2020 4:23:31 PM - Insert with success EORHO202004012BR
4/8/2020 4:23:52 PM - Inserir Historico EMCSR202001086BR
4/8/2020 4:23:53 PM - Insert with success EMCSR202001086BR
4/8/2020 4:24:16 PM - Inserir Historico EORHO202004013BR
4/8/2020 4:24:17 PM - Insert with success EORHO202004013BR
4/8/2020 4:24:45 PM - Inserir Historico IMIFB202001069BR
4/8/2020 4:24:46 PM - Insert with success IMIFB202001069BR
4/8/2020 4:25:20 PM - Inserir Historico IMIFB202002031BR
4/8/2020 4:25:20 PM - Insert with success IMIFB202002031BR
4/8/2020 4:26:14 PM - Inserir Historico IMLYB202003001BR
4/8/2020 4:26:15 PM - Insert with success IMLYB202003001BR
4/8/2020 4:26:42 PM - Inserir Historico IMMAU202003008BR
4/8/2020 4:26:42 PM - Insert with success IMMAU202003008BR
4/8/2020 4:27:09 PM - Inserir Historico IMOCV202001007BR
4/8/2020 4:27:10 PM - Insert with success IMOCV202001007BR
4/8/2020 4:27:45 PM - Inserir Historico IMSPC202003023BR
4/8/2020 4:27:46 PM - Insert with success IMSPC202003023BR
4/8/2020 4:28:12 PM - Inserir Historico IMSOL202003120BR
4/8/2020 4:28:13 PM - Insert with success IMSOL202003120BR
4/8/2020 4:28:40 PM - Inserir Historico EMSLA202002001BR
4/8/2020 4:28:40 PM - Insert with success EMSLA202002001BR
4/8/2020 4:28:57 PM - Inserir Historico IMSUN202003002BR
4/8/2020 4:28:58 PM - Insert with success IMSUN202003002BR
4/8/2020 4:29:21 PM - Inserir Historico IMATL202003121BR
4/8/2020 4:29:22 PM - Insert with success IMATL202003121BR
4/8/2020 4:29:43 PM - Inserir Historico IMATL202003122BR
4/8/2020 4:29:44 PM - Insert with success IMATL202003122BR
4/8/2020 4:30:11 PM - Inserir Historico IMATL202003093BR
4/8/2020 4:30:12 PM - Insert with success IMATL202003093BR
4/8/2020 4:30:32 PM - Inserir Historico IMATL202003086BR
4/8/2020 4:30:33 PM - Insert with success IMATL202003086BR
4/8/2020 4:30:55 PM - Inserir Historico IAAPB202004001BR
4/8/2020 4:30:55 PM - Insert with success IAAPB202004001BR
4/8/2020 4:31:15 PM - Inserir Historico IMSUN202003005BR
4/8/2020 4:31:16 PM - Insert with success IMSUN202003005BR
4/8/2020 4:31:36 PM - Inserir Historico IMATL202003090BR
4/8/2020 4:31:37 PM - Insert with success IMATL202003090BR
4/8/2020 4:31:55 PM - Inserir Historico IMATL202003040BR
4/8/2020 4:31:56 PM - Insert with success IMATL202003040BR
4/8/2020 4:32:26 PM - Inserir Historico IMCTV202001021BR
4/8/2020 4:32:27 PM - Insert with success IMCTV202001021BR
4/8/2020 4:32:47 PM - Inserir Historico EMCSR202003113BR
4/8/2020 4:32:48 PM - Insert with success EMCSR202003113BR
4/8/2020 4:33:13 PM - Inserir Historico EMOXT202004088BR
4/8/2020 4:33:14 PM - Insert with success EMOXT202004088BR
4/8/2020 4:33:43 PM - Inserir Historico IMCSR202001544BR
4/8/2020 4:33:44 PM - Insert with success IMCSR202001544BR
4/8/2020 4:34:09 PM - Inserir Historico EMOXT202002094BR
4/8/2020 4:34:10 PM - Insert with success EMOXT202002094BR
4/8/2020 4:34:33 PM - Inserir Historico IACLA202003001BR
4/8/2020 4:34:33 PM - Insert with success IACLA202003001BR
4/8/2020 4:34:58 PM - Inserir Historico IACSR202004001BR
4/8/2020 4:34:59 PM - Insert with success IACSR202004001BR
4/8/2020 4:35:23 PM - Inserir Historico IACSR202004002BR
4/8/2020 4:35:23 PM - Insert with success IACSR202004002BR
4/8/2020 4:35:49 PM - Inserir Historico IMCSR202002113BR
4/8/2020 4:35:51 PM - Insert with success IMCSR202002113BR
4/8/2020 4:36:30 PM - Inserir Historico IASWB202003019BR
4/8/2020 4:36:30 PM - Insert with success IASWB202003019BR
4/8/2020 4:36:56 PM - Inserir Historico IMCBT202001002BR
4/8/2020 4:36:56 PM - Insert with success IMCBT202001002BR
4/8/2020 4:37:18 PM - Inserir Historico EMCSR202003031BR
4/8/2020 4:37:19 PM - Insert with success EMCSR202003031BR
4/8/2020 4:37:44 PM - Inserir Historico IMCSR202002288BR
4/8/2020 4:37:45 PM - Insert with success IMCSR202002288BR
4/8/2020 4:38:12 PM - Inserir Historico IMCSR202003177BR
4/8/2020 4:38:13 PM - Insert with success IMCSR202003177BR
4/8/2020 4:38:42 PM - Inserir Historico IMCSR202003221BR
4/8/2020 4:38:43 PM - Insert with success IMCSR202003221BR
4/8/2020 4:39:13 PM - Inserir Historico IMCSR202003430BR
4/8/2020 4:39:15 PM - Insert with success IMCSR202003430BR
4/8/2020 4:39:54 PM - Inserir Historico IMEAS202003015BR
4/8/2020 4:39:55 PM - Insert with success IMEAS202003015BR
4/8/2020 4:40:24 PM - Inserir Historico IMSLA202003015BR
4/8/2020 4:40:25 PM - Insert with success IMSLA202003015BR
4/8/2020 4:40:52 PM - Inserir Historico IMSOL202002124BR
4/8/2020 4:40:53 PM - Insert with success IMSOL202002124BR
4/8/2020 4:41:19 PM - Inserir Historico IMSPC202003010BR
4/8/2020 4:41:20 PM - Insert with success IMSPC202003010BR
4/8/2020 4:41:45 PM - Inserir Historico IMSPC202003030BR
4/8/2020 4:41:46 PM - Insert with success IMSPC202003030BR
4/8/2020 4:42:11 PM - Inserir Historico IMSPC202003031BR
4/8/2020 4:42:12 PM - Insert with success IMSPC202003031BR
4/8/2020 4:42:37 PM - Inserir Historico IMSPC202003033BR
4/8/2020 4:42:38 PM - Insert with success IMSPC202003033BR
4/8/2020 4:43:02 PM - Inserir Historico IMSPC202003036BR
4/8/2020 4:43:03 PM - Insert with success IMSPC202003036BR
4/8/2020 4:43:28 PM - Inserir Historico IMSPC202003037BR
4/8/2020 4:43:29 PM - Insert with success IMSPC202003037BR
4/8/2020 4:43:56 PM - Inserir Historico IMSPC202003054BR
4/8/2020 4:43:56 PM - Insert with success IMSPC202003054BR
4/8/2020 4:44:23 PM - Inserir Historico IMSPC202003055BR
4/8/2020 4:44:24 PM - Insert with success IMSPC202003055BR
4/8/2020 4:44:55 PM - Inserir Historico IMSWB202002070BR
4/8/2020 4:44:57 PM - Insert with success IMSWB202002070BR
4/8/2020 4:45:25 PM - Inserir Historico IMSWB202002071BR
4/8/2020 4:45:25 PM - Insert with success IMSWB202002071BR
4/8/2020 4:45:57 PM - Inserir Historico IMCSR202001487BR
4/8/2020 4:45:57 PM - Insert with success IMCSR202001487BR
4/8/2020 4:46:18 PM - Inserir Historico EMATL202002028BR
4/8/2020 4:46:20 PM - Insert with success EMATL202002028BR
4/8/2020 4:46:45 PM - Inserir Historico IMSOL201912071BR
4/8/2020 4:46:45 PM - Insert with success IMSOL201912071BR
4/8/2020 4:47:10 PM - Inserir Historico IMSOL202001064BR
4/8/2020 4:47:11 PM - Insert with success IMSOL202001064BR
4/8/2020 4:47:39 PM - Inserir Historico IMCSR202001627BR
4/8/2020 4:47:40 PM - Insert with success IMCSR202001627BR
4/8/2020 4:48:06 PM - Inserir Historico IMSOL202002066BR
4/8/2020 4:48:07 PM - Insert with success IMSOL202002066BR
4/8/2020 4:48:39 PM - Inserir Historico EMOXT202003102BR
4/8/2020 4:48:40 PM - Insert with success EMOXT202003102BR
4/8/2020 4:49:11 PM - Inserir Historico IMCSR202001039BR
4/8/2020 4:49:13 PM - Insert with success IMCSR202001039BR
4/8/2020 4:49:45 PM - Inserir Historico IMCSR202003295BR
4/8/2020 4:49:47 PM - Insert with success IMCSR202003295BR
4/8/2020 4:50:16 PM - Inserir Historico IAATN202002009BR
4/8/2020 4:50:17 PM - Insert with success IAATN202002009BR
4/8/2020 4:50:52 PM - Inserir Historico IACBT202003006BR
4/8/2020 4:50:53 PM - Insert with success IACBT202003006BR
4/8/2020 4:51:24 PM - Inserir Historico IMATN202003001BR
4/8/2020 4:51:25 PM - Insert with success IMATN202003001BR
4/8/2020 4:52:05 PM - Inserir Historico IMCBT202003002BR
4/8/2020 4:52:06 PM - Insert with success IMCBT202003002BR
4/8/2020 4:52:38 PM - Inserir Historico IMCBT202003024BR
4/8/2020 4:52:40 PM - Insert with success IMCBT202003024BR
4/8/2020 4:53:11 PM - Inserir Historico IMCBT202003027BR
4/8/2020 4:53:12 PM - Insert with success IMCBT202003027BR
4/8/2020 4:53:40 PM - Inserir Historico IMCBT202003036BR
4/8/2020 4:53:41 PM - Insert with success IMCBT202003036BR
4/8/2020 4:54:10 PM - Inserir Historico IMCSR201912071BR
4/8/2020 4:54:11 PM - Insert with success IMCSR201912071BR
4/8/2020 4:54:41 PM - Inserir Historico IMCSR202001038BR
4/8/2020 4:54:42 PM - Insert with success IMCSR202001038BR
4/8/2020 4:55:16 PM - Inserir Historico IMCSR202001301BR
4/8/2020 4:55:17 PM - Insert with success IMCSR202001301BR
4/8/2020 4:55:47 PM - Inserir Historico IMCSR202001302BR
4/8/2020 4:55:47 PM - Insert with success IMCSR202001302BR
4/8/2020 4:56:17 PM - Inserir Historico IMCSR202002214BR
4/8/2020 4:56:19 PM - Insert with success IMCSR202002214BR
4/8/2020 4:56:49 PM - Inserir Historico IMCSR202002316BR
4/8/2020 4:56:50 PM - Insert with success IMCSR202002316BR
4/8/2020 4:57:20 PM - Inserir Historico IMCSR202003202BR
4/8/2020 4:57:21 PM - Insert with success IMCSR202003202BR
4/8/2020 4:57:52 PM - Inserir Historico IMCSR202003368BR
4/8/2020 4:57:54 PM - Insert with success IMCSR202003368BR
4/8/2020 4:58:24 PM - Inserir Historico IMCSR202003370BR
4/8/2020 4:58:25 PM - Insert with success IMCSR202003370BR
4/8/2020 4:59:00 PM - Inserir Historico IMCSR202003371BR
4/8/2020 4:59:01 PM - Insert with success IMCSR202003371BR
4/8/2020 4:59:32 PM - Inserir Historico IMCSR202003372BR
4/8/2020 4:59:33 PM - Insert with success IMCSR202003372BR
4/8/2020 5:00:04 PM - Inserir Historico IMCSR202003373BR
4/8/2020 5:00:06 PM - Insert with success IMCSR202003373BR
4/8/2020 5:00:38 PM - Inserir Historico IMCSR202003374BR
4/8/2020 5:00:39 PM - Insert with success IMCSR202003374BR
4/8/2020 5:01:07 PM - Inserir Historico EMATL202003018BR
4/8/2020 5:01:09 PM - Insert with success EMATL202003018BR
4/8/2020 5:01:43 PM - Inserir Historico IMCSR202003378BR
4/8/2020 5:01:44 PM - Insert with success IMCSR202003378BR
4/8/2020 5:02:16 PM - Inserir Historico IMCSR202003379BR
4/8/2020 5:02:17 PM - Insert with success IMCSR202003379BR
4/8/2020 5:02:48 PM - Inserir Historico IMCSR202003463BR
4/8/2020 5:02:49 PM - Insert with success IMCSR202003463BR
4/8/2020 5:03:30 PM - Inserir Historico IMCTV201912071BR
4/8/2020 5:03:31 PM - Insert with success IMCTV201912071BR
4/8/2020 5:04:08 PM - Inserir Historico IMCTV201912074BR
4/8/2020 5:04:09 PM - Insert with success IMCTV201912074BR
4/8/2020 5:04:42 PM - Inserir Historico IMCTV201912076BR
4/8/2020 5:04:43 PM - Insert with success IMCTV201912076BR
4/8/2020 5:05:16 PM - Inserir Historico IMCTV201912077BR
4/8/2020 5:05:17 PM - Insert with success IMCTV201912077BR
4/8/2020 5:05:45 PM - Inserir Historico IMCTV201912078BR
4/8/2020 5:05:46 PM - Insert with success IMCTV201912078BR
4/8/2020 5:06:14 PM - Inserir Historico IMCTV201912080BR
4/8/2020 5:06:16 PM - Insert with success IMCTV201912080BR
4/8/2020 5:06:45 PM - Inserir Historico IMCTV201912081BR
4/8/2020 5:06:46 PM - Insert with success IMCTV201912081BR
4/8/2020 5:07:12 PM - Inserir Historico IMCTV202002076BR
4/8/2020 5:07:13 PM - Insert with success IMCTV202002076BR
4/8/2020 5:07:45 PM - Inserir Historico IMCTV202003023BR
4/8/2020 5:07:46 PM - Insert with success IMCTV202003023BR
4/8/2020 5:08:15 PM - Inserir Historico IMLYB201912021BR
4/8/2020 5:08:17 PM - Insert with success IMLYB201912021BR
4/8/2020 5:08:54 PM - Inserir Historico IMOCV202002013BR
4/8/2020 5:08:55 PM - Insert with success IMOCV202002013BR
4/8/2020 5:09:35 PM - Inserir Historico IMSOL202001086BR
4/8/2020 5:09:36 PM - Insert with success IMSOL202001086BR
4/8/2020 5:10:09 PM - Inserir Historico IMSOL202001111BR
4/8/2020 5:10:11 PM - Insert with success IMSOL202001111BR
4/8/2020 5:10:42 PM - Inserir Historico IMSOL202002024BR
4/8/2020 5:10:43 PM - Insert with success IMSOL202002024BR
4/8/2020 5:11:15 PM - Inserir Historico IMSOL202002025BR
4/8/2020 5:11:17 PM - Insert with success IMSOL202002025BR
4/8/2020 5:11:46 PM - Inserir Historico IMSWB201912097BR
4/8/2020 5:11:47 PM - Insert with success IMSWB201912097BR
4/8/2020 5:12:15 PM - Inserir Historico IMSWB202001008BR
4/8/2020 5:12:16 PM - Insert with success IMSWB202001008BR
4/8/2020 5:12:46 PM - Inserir Historico IMSWB202001026BR
4/8/2020 5:12:47 PM - Insert with success IMSWB202001026BR
4/8/2020 5:13:20 PM - Inserir Historico IMCSR202002111BR
4/8/2020 5:13:20 PM - Insert with success IMCSR202002111BR
4/8/2020 5:13:46 PM - Inserir Historico IMSWB202001043BR
4/8/2020 5:13:47 PM - Insert with success IMSWB202001043BR
4/8/2020 5:14:13 PM - Inserir Historico IMSWB202001046BR
4/8/2020 5:14:15 PM - Insert with success IMSWB202001046BR
4/8/2020 5:14:43 PM - Inserir Historico IMSWB202001055BR
4/8/2020 5:14:44 PM - Insert with success IMSWB202001055BR
4/8/2020 5:15:14 PM - Inserir Historico IMSWB202001059BR
4/8/2020 5:15:15 PM - Insert with success IMSWB202001059BR
4/8/2020 5:15:45 PM - Inserir Historico IMSWB202001062BR
4/8/2020 5:15:46 PM - Insert with success IMSWB202001062BR
4/8/2020 5:16:18 PM - Inserir Historico IMSWB202001064BR
4/8/2020 5:16:19 PM - Insert with success IMSWB202001064BR
4/8/2020 5:16:46 PM - Inserir Historico IMSWB202001071BR
4/8/2020 5:16:48 PM - Insert with success IMSWB202001071BR
4/8/2020 5:17:16 PM - Inserir Historico IMSWB202002005BR
4/8/2020 5:17:17 PM - Insert with success IMSWB202002005BR
4/8/2020 5:17:46 PM - Inserir Historico IMSWB202002011BR
4/8/2020 5:17:47 PM - Insert with success IMSWB202002011BR
4/8/2020 5:18:16 PM - Inserir Historico IMSWB202002106BR
4/8/2020 5:18:17 PM - Insert with success IMSWB202002106BR
4/8/2020 5:18:50 PM - Inserir Historico IMSWB202002117BR
4/8/2020 5:18:51 PM - Insert with success IMSWB202002117BR
4/8/2020 5:19:20 PM - Inserir Historico IMSOL202001066BR
4/8/2020 5:19:21 PM - Insert with success IMSOL202001066BR
4/8/2020 5:19:51 PM - Inserir Historico IMSOL202003116BR
4/8/2020 5:19:51 PM - Insert with success IMSOL202003116BR
4/8/2020 5:20:25 PM - Inserir Historico IMCSR202002103BR
4/8/2020 5:20:26 PM - Insert with success IMCSR202002103BR
4/8/2020 5:20:55 PM - Inserir Historico IMSOL202003121BR
4/8/2020 5:20:57 PM - Insert with success IMSOL202003121BR
4/8/2020 5:21:26 PM - Inserir Historico IMCSR202002112BR
4/8/2020 5:21:27 PM - Insert with success IMCSR202002112BR
4/8/2020 5:21:42 PM - Inserir Historico IOATL202004001BR
4/8/2020 5:21:42 PM - Insert with success IOATL202004001BR
4/8/2020 5:22:09 PM - Inserir Historico IMCSR202002098BR
4/8/2020 5:22:10 PM - Insert with success IMCSR202002098BR
4/8/2020 5:22:41 PM - Inserir Historico IMSOL201912004BR
4/8/2020 5:22:42 PM - Insert with success IMSOL201912004BR
4/8/2020 5:23:13 PM - Inserir Historico IMCSR202002099BR
4/8/2020 5:23:14 PM - Insert with success IMCSR202002099BR
4/8/2020 5:23:36 PM - Inserir Historico EMATL201911014BR
4/8/2020 5:23:37 PM - Insert with success EMATL201911014BR
4/8/2020 5:24:00 PM - Inserir Historico EMATL202002007BR
4/8/2020 5:24:01 PM - Insert with success EMATL202002007BR
4/8/2020 5:25:14 PM - Inserir Historico IMSLA202003025BR
4/8/2020 5:25:15 PM - Insert with success IMSLA202003025BR
4/8/2020 5:26:43 PM - Inserir Historico IMSLA202003027BR
4/8/2020 5:26:44 PM - Insert with success IMSLA202003027BR
4/8/2020 5:27:51 PM - Inserir Historico IMSLA202003028BR
4/8/2020 5:27:51 PM - Insert with success IMSLA202003028BR
4/8/2020 5:28:23 PM - Inserir Historico IOOXT201803002BR
4/8/2020 5:28:24 PM - Insert with success IOOXT201803002BR
4/8/2020 5:28:59 PM - Inserir Historico IMOXT201808033BR
4/8/2020 5:29:00 PM - Insert with success IMOXT201808033BR
4/8/2020 5:29:28 PM - Inserir Historico IMSWB202001033BR
4/8/2020 5:29:29 PM - Insert with success IMSWB202001033BR
4/8/2020 5:30:06 PM - Inserir Historico IMOXT201812029BR
4/8/2020 5:30:07 PM - Insert with success IMOXT201812029BR
4/8/2020 5:30:33 PM - Inserir Historico IACBT202001001BR
4/8/2020 5:30:33 PM - Insert with success IACBT202001001BR
4/8/2020 5:30:58 PM - Inserir Historico IACBT202003001BR
4/8/2020 5:30:59 PM - Insert with success IACBT202003001BR
4/8/2020 5:31:28 PM - Inserir Historico IACSR202003016BR
4/8/2020 5:31:29 PM - Insert with success IACSR202003016BR
4/8/2020 5:31:58 PM - Inserir Historico IMOCV202001006BR
4/8/2020 5:31:59 PM - Insert with success IMOCV202001006BR
4/8/2020 5:32:27 PM - Inserir Historico IMSOL202002101BR
4/8/2020 5:32:28 PM - Insert with success IMSOL202002101BR
4/8/2020 5:32:55 PM - Inserir Historico IACSR202003018BR
4/8/2020 5:32:56 PM - Insert with success IACSR202003018BR
4/8/2020 5:33:20 PM - Inserir Historico IASOL202003006BR
4/8/2020 5:33:21 PM - Insert with success IASOL202003006BR
4/8/2020 5:33:50 PM - Inserir Historico IMCBT201912007BR
4/8/2020 5:33:51 PM - Insert with success IMCBT201912007BR
4/8/2020 5:34:21 PM - Inserir Historico IMCSR201910309BR
4/8/2020 5:34:22 PM - Insert with success IMCSR201910309BR
4/8/2020 5:34:52 PM - Inserir Historico IMCSR202001309BR
4/8/2020 5:34:53 PM - Insert with success IMCSR202001309BR
4/8/2020 5:35:24 PM - Inserir Historico IMCSR202002136BR
4/8/2020 5:35:25 PM - Insert with success IMCSR202002136BR
4/8/2020 5:35:54 PM - Inserir Historico IMCSR202002149BR
4/8/2020 5:35:55 PM - Insert with success IMCSR202002149BR
4/8/2020 5:36:26 PM - Inserir Historico IMCSR202002223BR
4/8/2020 5:36:27 PM - Insert with success IMCSR202002223BR
4/8/2020 5:36:56 PM - Inserir Historico IMCSR202002227BR
4/8/2020 5:36:57 PM - Insert with success IMCSR202002227BR
4/8/2020 5:37:25 PM - Inserir Historico IMCSR202001188BR
4/8/2020 5:37:26 PM - Insert with success IMCSR202001188BR
4/8/2020 5:37:55 PM - Inserir Historico IMSOL202002003BR
4/8/2020 5:37:56 PM - Insert with success IMSOL202002003BR
4/8/2020 5:38:26 PM - Inserir Historico IMCSR202002329BR
4/8/2020 5:38:27 PM - Insert with success IMCSR202002329BR
4/8/2020 5:38:57 PM - Inserir Historico IMCSR202003016BR
4/8/2020 5:38:59 PM - Insert with success IMCSR202003016BR
4/8/2020 5:39:28 PM - Inserir Historico IMCSR202003017BR
4/8/2020 5:39:29 PM - Insert with success IMCSR202003017BR
4/8/2020 5:39:58 PM - Inserir Historico IMCSR202003018BR
4/8/2020 5:39:59 PM - Insert with success IMCSR202003018BR
4/8/2020 5:40:28 PM - Inserir Historico IMCSR202003019BR
4/8/2020 5:40:29 PM - Insert with success IMCSR202003019BR
4/8/2020 5:40:56 PM - Inserir Historico IMSOL202003077BR
4/8/2020 5:40:56 PM - Insert with success IMSOL202003077BR
4/8/2020 5:41:12 PM - Inserir Historico IOATL202004002BR
4/8/2020 5:41:14 PM - Insert with success IOATL202004002BR
4/8/2020 5:41:41 PM - Inserir Historico IMCSR202003214BR
4/8/2020 5:41:42 PM - Insert with success IMCSR202003214BR
4/8/2020 5:42:09 PM - Inserir Historico IMCSR202003215BR
4/8/2020 5:42:09 PM - Insert with success IMCSR202003215BR
4/8/2020 5:42:35 PM - Inserir Historico IMCSR202003217BR
4/8/2020 5:42:36 PM - Insert with success IMCSR202003217BR
4/8/2020 5:43:01 PM - Inserir Historico IMCSR202003241BR
4/8/2020 5:43:02 PM - Insert with success IMCSR202003241BR
4/8/2020 5:43:26 PM - Inserir Historico IMCSR202003246BR
4/8/2020 5:43:27 PM - Insert with success IMCSR202003246BR
4/8/2020 5:43:51 PM - Inserir Historico IMCSR202003249BR
4/8/2020 5:43:52 PM - Insert with success IMCSR202003249BR
4/8/2020 5:44:18 PM - Inserir Historico IMCSR202003257BR
4/8/2020 5:44:20 PM - Insert with success IMCSR202003257BR
4/8/2020 5:44:48 PM - Inserir Historico IMCSR202003266BR
4/8/2020 5:44:51 PM - Insert with success IMCSR202003266BR
4/8/2020 5:45:19 PM - Inserir Historico IMCSR202003284BR
4/8/2020 5:45:21 PM - Insert with success IMCSR202003284BR
4/8/2020 5:45:48 PM - Inserir Historico IMCSR202003309BR
4/8/2020 5:45:50 PM - Insert with success IMCSR202003309BR
4/8/2020 5:46:23 PM - Inserir Historico IMCSR202003310BR
4/8/2020 5:46:25 PM - Insert with success IMCSR202003310BR
4/8/2020 5:46:54 PM - Inserir Historico IMCSR202003369BR
4/8/2020 5:46:56 PM - Insert with success IMCSR202003369BR
4/8/2020 5:47:22 PM - Inserir Historico IMCSR202003375BR
4/8/2020 5:47:22 PM - Insert with success IMCSR202003375BR
4/8/2020 5:47:50 PM - Inserir Historico IMCSR202003380BR
4/8/2020 5:47:51 PM - Insert with success IMCSR202003380BR
4/8/2020 5:48:18 PM - Inserir Historico IMCSR202003387BR
4/8/2020 5:48:19 PM - Insert with success IMCSR202003387BR
4/8/2020 5:48:49 PM - Inserir Historico IMCSR202003388BR
4/8/2020 5:48:50 PM - Insert with success IMCSR202003388BR
4/8/2020 5:49:21 PM - Inserir Historico IMCSR202003389BR
4/8/2020 5:49:21 PM - Insert with success IMCSR202003389BR
4/8/2020 5:49:46 PM - Inserir Historico IMCSR202003396BR
4/8/2020 5:49:46 PM - Insert with success IMCSR202003396BR
4/8/2020 5:50:16 PM - Inserir Historico IMCSR202003457BR
4/8/2020 5:50:17 PM - Insert with success IMCSR202003457BR
4/8/2020 5:50:46 PM - Inserir Historico IMCSR202003503BR
4/8/2020 5:50:47 PM - Insert with success IMCSR202003503BR
4/8/2020 5:51:14 PM - Inserir Historico IMCTV202001004BR
4/8/2020 5:51:15 PM - Insert with success IMCTV202001004BR
4/8/2020 5:51:43 PM - Inserir Historico IMCTV202001008BR
4/8/2020 5:51:44 PM - Insert with success IMCTV202001008BR
4/8/2020 5:52:12 PM - Inserir Historico IMCTV202001009BR
4/8/2020 5:52:12 PM - Insert with success IMCTV202001009BR
4/8/2020 5:52:38 PM - Inserir Historico IMCTV202001010BR
4/8/2020 5:52:39 PM - Insert with success IMCTV202001010BR
4/8/2020 5:53:05 PM - Inserir Historico IMCTV202001011BR
4/8/2020 5:53:06 PM - Insert with success IMCTV202001011BR
4/8/2020 5:53:29 PM - Inserir Historico IMCTV202001012BR
4/8/2020 5:53:30 PM - Insert with success IMCTV202001012BR
4/8/2020 5:53:55 PM - Inserir Historico IMCTV202001013BR
4/8/2020 5:53:56 PM - Insert with success IMCTV202001013BR
4/8/2020 5:54:22 PM - Inserir Historico IMCTV202001060BR
4/8/2020 5:54:22 PM - Insert with success IMCTV202001060BR
4/8/2020 5:54:46 PM - Inserir Historico IMCTV202001064BR
4/8/2020 5:54:47 PM - Insert with success IMCTV202001064BR
4/8/2020 5:55:14 PM - Inserir Historico IMCTV202002009BR
4/8/2020 5:55:15 PM - Insert with success IMCTV202002009BR
4/8/2020 5:55:40 PM - Inserir Historico IMCTV202002010BR
4/8/2020 5:55:41 PM - Insert with success IMCTV202002010BR
4/8/2020 5:56:09 PM - Inserir Historico IMCTV202002011BR
4/8/2020 5:56:09 PM - Insert with success IMCTV202002011BR
4/8/2020 5:56:37 PM - Inserir Historico IMCTV202002012BR
4/8/2020 5:56:38 PM - Insert with success IMCTV202002012BR
4/8/2020 5:57:06 PM - Inserir Historico IMCTV202002013BR
4/8/2020 5:57:06 PM - Insert with success IMCTV202002013BR
4/8/2020 5:57:34 PM - Inserir Historico IMCTV202002023BR
4/8/2020 5:57:34 PM - Insert with success IMCTV202002023BR
4/8/2020 5:58:02 PM - Inserir Historico IMCTV202003002BR
4/8/2020 5:58:03 PM - Insert with success IMCTV202003002BR
4/8/2020 5:58:32 PM - Inserir Historico IMCTV202003026BR
4/8/2020 5:58:33 PM - Insert with success IMCTV202003026BR
4/8/2020 5:59:04 PM - Inserir Historico IMCTV202003027BR
4/8/2020 5:59:06 PM - Insert with success IMCTV202003027BR
4/8/2020 5:59:33 PM - Inserir Historico IMEAS202003005BR
4/8/2020 5:59:33 PM - Insert with success IMEAS202003005BR
4/8/2020 6:00:03 PM - Inserir Historico IMEAS202003006BR
4/8/2020 6:00:06 PM - Insert with success IMEAS202003006BR
4/8/2020 6:00:42 PM - Inserir Historico IMEAS202004002BR
4/8/2020 6:00:44 PM - Insert with success IMEAS202004002BR
4/8/2020 6:01:18 PM - Inserir Historico IMIFB202001059BR
4/8/2020 6:01:19 PM - Insert with success IMIFB202001059BR
4/8/2020 6:01:56 PM - Inserir Historico IMIFB202001060BR
4/8/2020 6:01:57 PM - Insert with success IMIFB202001060BR
4/8/2020 6:02:32 PM - Inserir Historico IMLYB202001017BR
4/8/2020 6:02:34 PM - Insert with success IMLYB202001017BR
4/8/2020 6:03:07 PM - Inserir Historico IMLYB202002001BR
4/8/2020 6:03:09 PM - Insert with success IMLYB202002001BR
4/8/2020 6:03:59 PM - Inserir Historico IMMAU202003010BR
4/8/2020 6:04:01 PM - Insert with success IMMAU202003010BR
4/8/2020 6:04:36 PM - Inserir Historico IMSLA202003019BR
4/8/2020 6:04:37 PM - Insert with success IMSLA202003019BR
4/8/2020 6:05:11 PM - Inserir Historico IMSLA202003043BR
4/8/2020 6:05:13 PM - Insert with success IMSLA202003043BR
4/8/2020 6:06:52 PM - Inserir Historico IMSLA202004002BR
4/8/2020 6:06:54 PM - Insert with success IMSLA202004002BR
4/8/2020 6:07:25 PM - Inserir Historico IMSLA202004003BR
4/8/2020 6:07:27 PM - Insert with success IMSLA202004003BR
4/8/2020 6:07:58 PM - Inserir Historico IMSLA202004007BR
4/8/2020 6:07:59 PM - Insert with success IMSLA202004007BR
4/8/2020 6:08:32 PM - Inserir Historico IMSOL201911034BR
4/8/2020 6:08:33 PM - Insert with success IMSOL201911034BR
4/8/2020 6:09:10 PM - Inserir Historico IMSOL201912073BR
4/8/2020 6:09:12 PM - Insert with success IMSOL201912073BR
4/8/2020 6:09:47 PM - Inserir Historico IMSOL202001012BR
4/8/2020 6:09:48 PM - Insert with success IMSOL202001012BR
4/8/2020 6:10:25 PM - Inserir Historico IMCSR202002141BR
4/8/2020 6:10:27 PM - Insert with success IMCSR202002141BR
4/8/2020 6:11:06 PM - Inserir Historico IMSOL202001041BR
4/8/2020 6:11:08 PM - Insert with success IMSOL202001041BR
4/8/2020 6:11:50 PM - Inserir Historico IMSOL202001046BR
4/8/2020 6:11:51 PM - Insert with success IMSOL202001046BR
4/8/2020 6:12:29 PM - Inserir Historico IMSOL202001077BR
4/8/2020 6:12:30 PM - Insert with success IMSOL202001077BR
4/8/2020 6:13:10 PM - Inserir Historico IMSOL202001110BR
4/8/2020 6:13:11 PM - Insert with success IMSOL202001110BR
4/8/2020 6:13:45 PM - Inserir Historico IMSOL202002005BR
4/8/2020 6:13:46 PM - Insert with success IMSOL202002005BR
4/8/2020 6:14:22 PM - Inserir Historico IMSOL202002007BR
4/8/2020 6:14:24 PM - Insert with success IMSOL202002007BR
4/8/2020 6:14:56 PM - Inserir Historico IMSOL202002023BR
4/8/2020 6:14:57 PM - Insert with success IMSOL202002023BR
4/8/2020 6:15:32 PM - Inserir Historico IMSOL202002026BR
4/8/2020 6:15:33 PM - Insert with success IMSOL202002026BR
4/8/2020 6:16:03 PM - Inserir Historico IMSOL202002027BR
4/8/2020 6:16:04 PM - Insert with success IMSOL202002027BR
4/8/2020 6:16:32 PM - Inserir Historico IMSOL202002047BR
4/8/2020 6:16:33 PM - Insert with success IMSOL202002047BR
4/8/2020 6:17:00 PM - Inserir Historico IMSPC202003051BR
4/8/2020 6:17:01 PM - Insert with success IMSPC202003051BR
4/8/2020 6:17:29 PM - Inserir Historico IMSPC202003056BR
4/8/2020 6:17:30 PM - Insert with success IMSPC202003056BR
4/8/2020 6:17:57 PM - Inserir Historico IMSPC202003057BR
4/8/2020 6:17:58 PM - Insert with success IMSPC202003057BR
4/8/2020 6:18:26 PM - Inserir Historico IMSPC202004001BR
4/8/2020 6:18:27 PM - Insert with success IMSPC202004001BR
4/8/2020 6:18:54 PM - Inserir Historico IMSWB202001090BR
4/8/2020 6:18:55 PM - Insert with success IMSWB202001090BR
4/8/2020 6:19:22 PM - Inserir Historico IMSWB202002023BR
4/8/2020 6:19:23 PM - Insert with success IMSWB202002023BR
4/8/2020 6:20:51 PM - Inserir Historico IMTAM202003007BR
4/8/2020 6:20:53 PM - Insert with success IMTAM202003007BR
4/8/2020 6:21:20 PM - Inserir Historico IMTAM202003012BR
4/8/2020 6:21:21 PM - Insert with success IMTAM202003012BR
4/8/2020 6:21:54 PM - Inserir Historico IMUPM202003006BR
4/8/2020 6:21:55 PM - Insert with success IMUPM202003006BR
4/8/2020 6:22:20 PM - Inserir Historico IMCSR202003226BR
4/8/2020 6:22:21 PM - Insert with success IMCSR202003226BR
4/8/2020 6:22:46 PM - Inserir Historico IMCSR202003223BR
4/8/2020 6:22:47 PM - Insert with success IMCSR202003223BR
4/8/2020 6:23:16 PM - Inserir Historico IMCSR202001484BR
4/8/2020 6:23:17 PM - Insert with success IMCSR202001484BR
4/8/2020 6:23:40 PM - Inserir Historico IMSOL202002038BR
4/8/2020 6:23:41 PM - Insert with success IMSOL202002038BR
4/8/2020 6:24:05 PM - Inserir Historico IMCSR202002104BR
4/8/2020 6:24:05 PM - Insert with success IMCSR202002104BR
4/8/2020 6:24:29 PM - Inserir Historico IMSOL202002040BR
4/8/2020 6:24:30 PM - Insert with success IMSOL202002040BR
4/8/2020 6:24:55 PM - Inserir Historico IMSOL202002039BR
4/8/2020 6:24:56 PM - Insert with success IMSOL202002039BR
4/8/2020 6:25:23 PM - Inserir Historico IMCSR202003172BR
4/8/2020 6:25:25 PM - Insert with success IMCSR202003172BR
4/8/2020 6:25:53 PM - Inserir Historico IMCSR202002100BR
4/8/2020 6:25:54 PM - Insert with success IMCSR202002100BR
4/8/2020 6:26:20 PM - Inserir Historico IAATN202002002BR
4/8/2020 6:26:21 PM - Insert with success IAATN202002002BR
4/8/2020 6:26:45 PM - Inserir Historico IMCSR202003086BR
4/8/2020 6:26:46 PM - Insert with success IMCSR202003086BR
4/8/2020 6:27:09 PM - Inserir Historico IMCSR202003236BR
4/8/2020 6:27:10 PM - Insert with success IMCSR202003236BR
4/8/2020 6:27:33 PM - Inserir Historico IMCSR202003234BR
4/8/2020 6:27:34 PM - Insert with success IMCSR202003234BR
4/8/2020 6:27:58 PM - Inserir Historico IMIFB202001057BR
4/8/2020 6:27:59 PM - Insert with success IMIFB202001057BR
4/8/2020 6:28:54 PM - Inserir Historico IMSLA202003026BR
4/8/2020 6:28:55 PM - Insert with success IMSLA202003026BR
4/8/2020 6:29:27 PM - Inserir Historico IMSOL202001049BR
4/8/2020 6:29:29 PM - Insert with success IMSOL202001049BR
4/8/2020 6:29:56 PM - Inserir Historico IMSOL202001062BR
4/8/2020 6:29:57 PM - Insert with success IMSOL202001062BR
4/8/2020 6:30:27 PM - Inserir Historico IMSOL202002004BR
4/8/2020 6:30:28 PM - Insert with success IMSOL202002004BR
4/8/2020 6:30:57 PM - Inserir Historico IOCSR202004007BR
4/8/2020 6:30:58 PM - Insert with success IOCSR202004007BR
4/8/2020 6:31:28 PM - Inserir Historico IOCSR202004005BR
4/8/2020 6:31:29 PM - Insert with success IOCSR202004005BR
4/8/2020 6:31:57 PM - Inserir Historico IOCSR202004006BR
4/8/2020 6:31:58 PM - Insert with success IOCSR202004006BR
4/8/2020 6:32:28 PM - Inserir Historico IOCSR202004004BR
4/8/2020 6:32:29 PM - Insert with success IOCSR202004004BR
4/8/2020 6:32:58 PM - Inserir Historico IOCSR202004003BR
4/8/2020 6:32:58 PM - Insert with success IOCSR202004003BR
4/8/2020 6:33:27 PM - Inserir Historico IMSWB202002008BR
4/8/2020 6:33:27 PM - Insert with success IMSWB202002008BR
4/8/2020 6:33:57 PM - Inserir Historico IOCSR202004001BR
4/8/2020 6:33:58 PM - Insert with success IOCSR202004001BR
4/8/2020 6:34:31 PM - Inserir Historico IMCTV202002006BR
4/8/2020 6:34:32 PM - Insert with success IMCTV202002006BR
4/8/2020 6:35:03 PM - Inserir Historico IAOXT201808005BR
4/8/2020 6:35:05 PM - Insert with success IAOXT201808005BR
4/8/2020 6:35:35 PM - Inserir Historico IMOXT201805006BR
4/8/2020 6:35:36 PM - Insert with success IMOXT201805006BR
4/8/2020 6:36:12 PM - Inserir Historico IMOXT201910024BR
4/8/2020 6:36:13 PM - Insert with success IMOXT201910024BR
4/8/2020 6:36:43 PM - Inserir Historico IMOXT202002003BR
4/8/2020 6:36:43 PM - Insert with success IMOXT202002003BR
4/8/2020 6:37:12 PM - Inserir Historico IAOXT201906001BR
4/8/2020 6:37:12 PM - Insert with success IAOXT201906001BR
4/8/2020 6:37:42 PM - Inserir Historico IMOXT201801037BR
4/8/2020 6:37:43 PM - Insert with success IMOXT201801037BR
4/8/2020 6:38:13 PM - Inserir Historico IMOXT201801003BR
4/8/2020 6:38:14 PM - Insert with success IMOXT201801003BR
4/8/2020 6:38:47 PM - Inserir Historico IMOXT201909009BR
4/8/2020 6:38:48 PM - Insert with success IMOXT201909009BR
4/8/2020 6:39:34 PM - Inserir Historico IMOXT201907015BR
4/8/2020 6:39:34 PM - Insert with success IMOXT201907015BR
4/8/2020 6:40:13 PM - Inserir Historico IMOXT201807036BR
4/8/2020 6:40:14 PM - Insert with success IMOXT201807036BR
4/8/2020 6:40:49 PM - Inserir Historico IMOXT201806020BR
4/8/2020 6:40:50 PM - Insert with success IMOXT201806020BR
4/8/2020 6:41:20 PM - Inserir Historico IMOXT201805023BR
4/8/2020 6:41:21 PM - Insert with success IMOXT201805023BR
4/8/2020 6:41:48 PM - Inserir Historico IAOXT202002006BR
4/8/2020 6:41:48 PM - Insert with success IAOXT202002006BR
4/8/2020 6:42:22 PM - Inserir Historico IMOXT201812047BR
4/8/2020 6:42:23 PM - Insert with success IMOXT201812047BR
4/8/2020 6:42:51 PM - Inserir Historico IMOXT201902005BR
4/8/2020 6:42:52 PM - Insert with success IMOXT201902005BR
4/8/2020 6:43:25 PM - Inserir Historico IMOXT201908024BR
4/8/2020 6:43:26 PM - Insert with success IMOXT201908024BR
4/8/2020 6:43:56 PM - Inserir Historico IMOXT201911026BR
4/8/2020 6:43:56 PM - Insert with success IMOXT201911026BR
4/8/2020 6:44:33 PM - Inserir Historico IMOXT201809004BR
4/8/2020 6:44:34 PM - Insert with success IMOXT201809004BR
4/8/2020 6:45:00 PM - Inserir Historico IAOXT202002003BR
4/8/2020 6:45:02 PM - Insert with success IAOXT202002003BR
4/8/2020 6:45:29 PM - Inserir Historico IOOXT202003024BR
4/8/2020 6:45:29 PM - Insert with success IOOXT202003024BR
4/8/2020 6:46:01 PM - Inserir Historico IMOXT201802009BR
4/8/2020 6:46:02 PM - Insert with success IMOXT201802009BR
4/8/2020 6:46:30 PM - Inserir Historico IAOXT201803006BR
4/8/2020 6:46:31 PM - Insert with success IAOXT201803006BR
4/8/2020 6:46:57 PM - Inserir Historico IMOXT202001018BR
4/8/2020 6:46:58 PM - Insert with success IMOXT202001018BR
4/8/2020 6:47:25 PM - Inserir Historico IMOXT202001017BR
4/8/2020 6:47:26 PM - Insert with success IMOXT202001017BR
4/8/2020 6:47:51 PM - Inserir Historico IOOXT202003022BR
4/8/2020 6:47:52 PM - Insert with success IOOXT202003022BR
4/8/2020 6:48:20 PM - Inserir Historico IMOXT201902016BR
4/8/2020 6:48:21 PM - Insert with success IMOXT201902016BR
4/8/2020 6:48:48 PM - Inserir Historico IOOXT202003014BR
4/8/2020 6:48:49 PM - Insert with success IOOXT202003014BR
4/8/2020 6:49:19 PM - Inserir Historico IMOXT201905022BR
4/8/2020 6:49:20 PM - Insert with success IMOXT201905022BR
4/8/2020 6:49:48 PM - Inserir Historico IMCSR202003283BR
4/8/2020 6:49:49 PM - Insert with success IMCSR202003283BR
4/8/2020 6:50:20 PM - Inserir Historico IAOXT202003006BR
4/8/2020 6:50:21 PM - Insert with success IAOXT202003006BR
4/8/2020 6:50:49 PM - Inserir Historico IMOXT201811030BR
4/8/2020 6:50:51 PM - Insert with success IMOXT201811030BR
4/8/2020 6:51:11 PM - Inserir Historico EMMTE202003001BR
4/8/2020 6:51:12 PM - Insert with success EMMTE202003001BR
4/8/2020 6:51:47 PM - Inserir Historico IOOXT202001001BR
4/8/2020 6:51:48 PM - Insert with success IOOXT202001001BR
4/8/2020 6:52:14 PM - Inserir Historico IOOXT201912003BR
4/8/2020 6:52:15 PM - Insert with success IOOXT201912003BR
4/8/2020 6:52:43 PM - Inserir Historico IMSWB202001072BR
4/8/2020 6:52:44 PM - Insert with success IMSWB202001072BR
4/8/2020 6:53:12 PM - Inserir Historico IMSWB202001107BR
4/8/2020 6:53:13 PM - Insert with success IMSWB202001107BR
4/8/2020 6:53:43 PM - Inserir Historico IMSWB202002021BR
4/8/2020 6:53:43 PM - Insert with success IMSWB202002021BR
4/8/2020 6:54:14 PM - Inserir Historico IMSWB202002066BR
4/8/2020 6:54:15 PM - Insert with success IMSWB202002066BR
4/8/2020 6:54:43 PM - Inserir Historico IMSWB202003070BR
4/8/2020 6:54:44 PM - Insert with success IMSWB202003070BR
4/8/2020 6:55:13 PM - Inserir Historico IMSWB202002051BR
4/8/2020 6:55:14 PM - Insert with success IMSWB202002051BR
4/8/2020 6:55:43 PM - Inserir Historico IMSWB202001060BR
4/8/2020 6:55:44 PM - Insert with success IMSWB202001060BR
4/8/2020 6:56:11 PM - Inserir Historico IMSWB202004015BR
4/8/2020 6:56:12 PM - Insert with success IMSWB202004015BR
4/8/2020 6:56:40 PM - Inserir Historico IMOCV202001003BR
4/8/2020 6:56:42 PM - Insert with success IMOCV202001003BR
4/8/2020 6:57:09 PM - Inserir Historico IMSWB202002079BR
4/8/2020 6:57:10 PM - Insert with success IMSWB202002079BR
4/8/2020 6:58:48 PM - Inserir Historico IMSWB202004014BR
4/8/2020 6:58:49 PM - Insert with success IMSWB202004014BR
4/8/2020 6:59:15 PM - Inserir Historico IMSWB202004011BR
4/8/2020 6:59:16 PM - Insert with success IMSWB202004011BR
4/8/2020 6:59:40 PM - Inserir Historico IMSWB202004010BR
4/8/2020 6:59:41 PM - Insert with success IMSWB202004010BR
4/8/2020 7:00:06 PM - Inserir Historico IASWB202004004BR
4/8/2020 7:00:08 PM - Insert with success IASWB202004004BR
4/8/2020 7:00:36 PM - Inserir Historico EMOXT202004066BR
4/8/2020 7:00:37 PM - Insert with success EMOXT202004066BR
4/8/2020 7:01:04 PM - Inserir Historico EMOXT202004049BR
4/8/2020 7:01:05 PM - Insert with success EMOXT202004049BR
