Start Program	13/03/2020 9:30:16 AM
EOARG202002090AR	BDPARBUE_20200313093312000002_01.xml	13/03/2020 9:33:21 AM
EOARG202002043AR	BDPARBUE_20200313093929000003_01.xml	13/03/2020 9:39:38 AM
EOARG202002185AR	BDPARBUE_20200313093939000004_01.xml	13/03/2020 9:39:49 AM
IOROA202001007AR	BDPARBUE_20200313093950000005_01.xml	13/03/2020 9:40:01 AM
EOARG202002139AR	BDPARBUE_20200313094002000006_01.xml	13/03/2020 9:40:11 AM
IMARG202002022AR	BDPARBUE_20200313094012000007_01.xml	13/03/2020 9:40:23 AM
EOARG202001144AR	BDPARBUE_20200313094024000008_01.xml	13/03/2020 9:40:34 AM
EOARG202001041AR	BDPARBUE_20200313094035000009_01.xml	13/03/2020 9:40:45 AM
EOARG202001036AR	BDPARBUE_20200313094047000010_01.xml	13/03/2020 9:40:57 AM
EOARG202002217AR	BDPARBUE_20200313094058000011_01.xml	13/03/2020 9:41:08 AM
EMARG202003065AR	BDPARBUE_20200313094109000012_01.xml	13/03/2020 9:41:21 AM
IMROA202001044AR	BDPARBUE_20200313094122000013_01.xml	13/03/2020 9:41:33 AM
EOARG202002113AR	BDPARBUE_20200313094134000014_01.xml	13/03/2020 9:41:45 AM
EOARG202001231AR	BDPARBUE_20200313094146000015_01.xml	13/03/2020 9:41:57 AM
EMARG202002147AR	BDPARBUE_20200313094158000016_01.xml	13/03/2020 9:42:11 AM
EMARG202002219AR	BDPARBUE_20200313094212000017_01.xml	13/03/2020 9:42:24 AM
EOARG202002133AR	BDPARBUE_20200313094225000018_01.xml	13/03/2020 9:42:36 AM
EOARG202001234AR	BDPARBUE_20200313094237000019_01.xml	13/03/2020 9:42:46 AM
EMARG202002002AR	BDPARBUE_20200313094247000020_01.xml	13/03/2020 9:43:00 AM
EOARG202001194AR	BDPARBUE_20200313094301000021_01.xml	13/03/2020 9:43:11 AM
EOARG202001031AR	BDPARBUE_20200313094312000022_01.xml	13/03/2020 9:43:23 AM
EMARG202001131AR	BDPARBUE_20200313094324000023_01.xml	13/03/2020 9:43:34 AM
EOUNI202003012AR	BDPARBUE_20200313094335000024_01.xml	13/03/2020 9:43:44 AM
IMARG202002045AR	BDPARBUE_20200313094345000025_01.xml	13/03/2020 9:43:56 AM
EOARG202002097AR	BDPARBUE_20200313094358000026_01.xml	13/03/2020 9:44:07 AM
EMARG202002173AR	BDPARBUE_20200313094408000027_01.xml	13/03/2020 9:44:21 AM
EOUNI202003010AR	BDPARBUE_20200313094422000028_01.xml	13/03/2020 9:44:31 AM
EOUNI202002021AR	BDPARBUE_20200313094432000029_01.xml	13/03/2020 9:44:41 AM
EMARG202002140AR	BDPARBUE_20200313094442000030_01.xml	13/03/2020 9:44:53 AM
EOARG202002153AR	BDPARBUE_20200313094454000031_01.xml	13/03/2020 9:45:05 AM
IMROA202001004AR	BDPARBUE_20200313094506000032_01.xml	13/03/2020 9:45:17 AM
EMARG202002058AR	BDPARBUE_20200313094518000033_01.xml	13/03/2020 9:45:31 AM
IMARG202001079AR	BDPARBUE_20200313094532000034_01.xml	13/03/2020 9:45:44 AM
EMARG202001056AR	BDPARBUE_20200313094545000035_01.xml	13/03/2020 9:45:55 AM
EOUNI202002034AR	BDPARBUE_20200313094556000036_01.xml	13/03/2020 9:46:05 AM
EMARG202001062AR	BDPARBUE_20200313094606000037_01.xml	13/03/2020 9:46:17 AM
IMARG202001077AR	BDPARBUE_20200313094618000038_01.xml	13/03/2020 9:46:29 AM
EOARG202003008AR	BDPARBUE_20200313094630000039_01.xml	13/03/2020 9:46:40 AM
EMARG202002241AR	BDPARBUE_20200313094641000040_01.xml	13/03/2020 9:46:53 AM
EMARG202001234AR	BDPARBUE_20200313094654000041_01.xml	13/03/2020 9:47:05 AM
EMARG202001057AR	BDPARBUE_20200313094706000042_01.xml	13/03/2020 9:47:16 AM
IMARG202002084AR	BDPARBUE_20200313094717000043_01.xml	13/03/2020 9:47:29 AM
EMARG202001102AR	BDPARBUE_20200313094730000044_01.xml	13/03/2020 9:47:40 AM
EMARG202001010AR	BDPARBUE_20200313094741000045_01.xml	13/03/2020 9:47:51 AM
IMARG202001058AR	BDPARBUE_20200313094752000046_01.xml	13/03/2020 9:48:06 AM
EOUNI202003003AR	BDPARBUE_20200313094807000047_01.xml	13/03/2020 9:48:16 AM
EMARG202002298AR	BDPARBUE_20200313094817000048_01.xml	13/03/2020 9:48:29 AM
EOARG202001199AR	BDPARBUE_20200313094830000049_01.xml	13/03/2020 9:48:41 AM
EMARG202002100AR	BDPARBUE_20200313094842000050_01.xml	13/03/2020 9:48:55 AM
IMARG202001143AR	BDPARBUE_20200313094856000051_01.xml	13/03/2020 9:49:08 AM
EOARG202002216AR	BDPARBUE_20200313094909000052_01.xml	13/03/2020 9:49:18 AM
EMARG202001317AR	BDPARBUE_20200313094919000053_01.xml	13/03/2020 9:49:29 AM
EOARG202002224AR	BDPARBUE_20200313094930000054_01.xml	13/03/2020 9:49:40 AM
EMARG202001282AR	BDPARBUE_20200313094941000055_01.xml	13/03/2020 9:49:59 AM
EMARG202001077AR	BDPARBUE_20200313095000000056_01.xml	13/03/2020 9:50:10 AM
IMCHP202001010AR	BDPARBUE_20200313095011000057_01.xml	13/03/2020 9:50:22 AM
IMARG201912094AR	BDPARBUE_20200313095023000058_01.xml	13/03/2020 9:50:37 AM
IMROA202002001AR	BDPARBUE_20200313095038000059_01.xml	13/03/2020 9:50:51 AM
EOARG202002068AR	BDPARBUE_20200313095052000060_01.xml	13/03/2020 9:51:01 AM
EMARG202003025AR	BDPARBUE_20200313095103000061_01.xml	13/03/2020 9:51:15 AM
EMARG202002065AR	BDPARBUE_20200313095116000062_01.xml	13/03/2020 9:51:29 AM
EMARG202003064AR	BDPARBUE_20200313095130000063_01.xml	13/03/2020 9:51:42 AM
IMARG202001100AR	BDPARBUE_20200313095143000064_01.xml	13/03/2020 9:51:55 AM
IMARG201911084AR	BDPARBUE_20200313095156000065_01.xml	13/03/2020 9:52:10 AM
EMARG202002264AR	BDPARBUE_20200313095211000066_01.xml	13/03/2020 9:52:25 AM
IMCHP202001014AR	BDPARBUE_20200313095226000067_01.xml	13/03/2020 9:52:38 AM
EMARG202001219AR	BDPARBUE_20200313095239000068_01.xml	13/03/2020 9:52:49 AM
EMARG202002047AR	BDPARBUE_20200313095250000069_01.xml	13/03/2020 9:53:01 AM
IMARG202002020AR	BDPARBUE_20200313095302000070_01.xml	13/03/2020 9:53:13 AM
EMARG202001079AR	BDPARBUE_20200313095314000071_01.xml	13/03/2020 9:53:24 AM
EMARG202002028AR	BDPARBUE_20200313095325000072_01.xml	13/03/2020 9:53:36 AM
EMARG202003032AR	BDPARBUE_20200313095337000073_01.xml	13/03/2020 9:53:50 AM
IMROA202001010AR	BDPARBUE_20200313095351000074_01.xml	13/03/2020 9:54:03 AM
EMARG202002086AR	BDPARBUE_20200313095404000075_01.xml	13/03/2020 9:54:16 AM
IMROA202001056AR	BDPARBUE_20200313095417000076_01.xml	13/03/2020 9:54:29 AM
EOARG202001104AR	BDPARBUE_20200313095430000077_01.xml	13/03/2020 9:54:39 AM
EMARG202001063AR	BDPARBUE_20200313095440000078_01.xml	13/03/2020 9:54:51 AM
EMARG202002271AR	BDPARBUE_20200313095452000079_01.xml	13/03/2020 9:55:07 AM
EMARG202001222AR	BDPARBUE_20200313095508000080_01.xml	13/03/2020 9:55:18 AM
IMROA202001039AR	BDPARBUE_20200313095519000081_01.xml	13/03/2020 9:55:31 AM
EOARG202001176AR	BDPARBUE_20200313095532000082_01.xml	13/03/2020 9:55:41 AM
EOARG202001131AR	BDPARBUE_20200313095542000083_01.xml	13/03/2020 9:55:53 AM
IAARG202002006AR	BDPARBUE_20200313095554000084_01.xml	13/03/2020 9:56:02 AM
EMARG202001001AR	BDPARBUE_20200313095603000085_01.xml	13/03/2020 9:56:13 AM
EMARG202001082AR	BDPARBUE_20200313095615000086_01.xml	13/03/2020 9:56:25 AM
EOARG202001263AR	BDPARBUE_20200313095626000087_01.xml	13/03/2020 9:56:35 AM
EOARG202003062AR	BDPARBUE_20200313095636000088_01.xml	13/03/2020 9:56:45 AM
EOARG202002049AR	BDPARBUE_20200313095646000089_01.xml	13/03/2020 9:56:56 AM
EOARG202001259AR	BDPARBUE_20200313095657000090_01.xml	13/03/2020 9:57:07 AM
EMARG202001142AR	BDPARBUE_20200313095708000091_01.xml	13/03/2020 9:57:18 AM
EMARG202002181AR	BDPARBUE_20200313095719000092_01.xml	13/03/2020 9:57:29 AM
EOARG202001095AR	BDPARBUE_20200313095730000093_01.xml	13/03/2020 9:57:40 AM
EMARG202001218AR	BDPARBUE_20200313095741000094_01.xml	13/03/2020 9:57:51 AM
EMARG202002146AR	BDPARBUE_20200313095752000095_01.xml	13/03/2020 9:58:05 AM
EMARG202003031AR	BDPARBUE_20200313095806000096_01.xml	13/03/2020 9:58:21 AM
IMARG202002016AR	BDPARBUE_20200313095822000097_01.xml	13/03/2020 9:58:36 AM
IAARG202001003AR	BDPARBUE_20200313095837000098_01.xml	13/03/2020 9:58:47 AM
EOARG202001143AR	BDPARBUE_20200313095848000099_01.xml	13/03/2020 9:58:57 AM
EMARG202001193AR	BDPARBUE_20200313095858000100_01.xml	13/03/2020 9:59:09 AM
EOARG202001071AR	BDPARBUE_20200313095910000101_01.xml	13/03/2020 9:59:20 AM
IMCHP202001017AR	BDPARBUE_20200313095921000102_01.xml	13/03/2020 9:59:32 AM
EMARG202001014AR	BDPARBUE_20200313095933000103_01.xml	13/03/2020 9:59:45 AM
EMARG202001159AR	BDPARBUE_20200313095946000104_01.xml	13/03/2020 9:59:56 AM
EOARG202002100AR	BDPARBUE_20200313095957000105_01.xml	13/03/2020 10:00:08 AM
EMARG202001041AR	BDPARBUE_20200313100009000106_01.xml	13/03/2020 10:00:21 AM
EOARG202001178AR	BDPARBUE_20200313100023000107_01.xml	13/03/2020 10:00:35 AM
EMARG202002257AR	BDPARBUE_20200313100036000108_01.xml	13/03/2020 10:00:55 AM
EMARG202002080AR	BDPARBUE_20200313100056000109_01.xml	13/03/2020 10:01:13 AM
EOARG202001051AR	BDPARBUE_20200313100115000110_01.xml	13/03/2020 10:01:27 AM
EMARG202001320AR	BDPARBUE_20200313100128000111_01.xml	13/03/2020 10:01:46 AM
EMARG201912352AR	BDPARBUE_20200313100148000112_01.xml	13/03/2020 10:02:03 AM
EOARG202001174AR	BDPARBUE_20200313100204000113_01.xml	13/03/2020 10:02:24 AM
EOUNI202002019AR	BDPARBUE_20200313100225000114_01.xml	13/03/2020 10:02:37 AM
EOARG202002005AR	BDPARBUE_20200313100239000115_01.xml	13/03/2020 10:02:52 AM
EOARG202001065AR	BDPARBUE_20200313100253000116_01.xml	13/03/2020 10:03:07 AM
EMARG202002151AR	BDPARBUE_20200313100308000117_01.xml	13/03/2020 10:03:26 AM
IMARG202001030AR	BDPARBUE_20200313100327000118_01.xml	13/03/2020 10:03:51 AM
EMARG202001034AR	BDPARBUE_20200313100352000119_01.xml	13/03/2020 10:04:08 AM
EMARG202002072AR	BDPARBUE_20200313100409000120_01.xml	13/03/2020 10:04:28 AM
IMARG202001151AR	BDPARBUE_20200313100429000121_01.xml	13/03/2020 10:04:45 AM
EOARG202002006AR	BDPARBUE_20200313100446000122_01.xml	13/03/2020 10:04:58 AM
EMARG202002157AR	BDPARBUE_20200313100500000123_01.xml	13/03/2020 10:05:17 AM
EOARG202001145AR	BDPARBUE_20200313100518000124_01.xml	13/03/2020 10:05:31 AM
EOARG202001171AR	BDPARBUE_20200313100532000125_01.xml	13/03/2020 10:05:45 AM
IMROA202002025AR	BDPARBUE_20200313100546000126_01.xml	13/03/2020 10:06:01 AM
IMARG202001078AR	BDPARBUE_20200313100602000127_01.xml	13/03/2020 10:06:18 AM
EOARG202002038AR	BDPARBUE_20200313100619000128_01.xml	13/03/2020 10:06:31 AM
EMARG202002215AR	BDPARBUE_20200313100633000129_01.xml	13/03/2020 10:06:50 AM
EOARG202001032AR	BDPARBUE_20200313100651000130_01.xml	13/03/2020 10:07:05 AM
EOUNI202002010AR	BDPARBUE_20200313100707000131_01.xml	13/03/2020 10:07:19 AM
IMROA202001061AR	BDPARBUE_20200313100720000132_01.xml	13/03/2020 10:07:35 AM
EMARG202003045AR	BDPARBUE_20200313100736000133_01.xml	13/03/2020 10:07:53 AM
EMARG202002188AR	BDPARBUE_20200313100754000134_01.xml	13/03/2020 10:08:15 AM
IMCHP202001004AR	BDPARBUE_20200313100816000135_01.xml	13/03/2020 10:08:32 AM
EMARG202001116AR	BDPARBUE_20200313100833000136_01.xml	13/03/2020 10:08:47 AM
EMARG202003050AR	BDPARBUE_20200313100848000137_01.xml	13/03/2020 10:09:01 AM
EMARG202001085AR	BDPARBUE_20200313100902000138_01.xml	13/03/2020 10:09:12 AM
EMARG202002096AR	BDPARBUE_20200313100913000139_01.xml	13/03/2020 10:09:24 AM
EMARG202002123AR	BDPARBUE_20200313100925000140_01.xml	13/03/2020 10:09:38 AM
EMARG202001322AR	BDPARBUE_20200313100939000141_01.xml	13/03/2020 10:09:52 AM
IMARG201911040AR	BDPARBUE_20200313100953000142_01.xml	13/03/2020 10:10:04 AM
EOARG202001257AR	BDPARBUE_20200313101005000143_01.xml	13/03/2020 10:10:15 AM
EMARG202001319AR	BDPARBUE_20200313101016000144_01.xml	13/03/2020 10:10:26 AM
EOUNI202002024AR	BDPARBUE_20200313101027000145_01.xml	13/03/2020 10:10:36 AM
EMARG202001227AR	BDPARBUE_20200313101037000146_01.xml	13/03/2020 10:10:47 AM
EOARG202001093AR	BDPARBUE_20200313101048000147_01.xml	13/03/2020 10:10:58 AM
IMARG202003009AR	BDPARBUE_20200313101059000148_01.xml	13/03/2020 10:11:10 AM
IACHP202001001AR	BDPARBUE_20200313101112000149_01.xml	13/03/2020 10:11:18 AM
EMARG202001064AR	BDPARBUE_20200313101119000150_01.xml	13/03/2020 10:11:29 AM
EMARG202003028AR	BDPARBUE_20200313101130000151_01.xml	13/03/2020 10:11:41 AM
EMARG202001164AR	BDPARBUE_20200313101142000152_01.xml	13/03/2020 10:11:52 AM
EMARG202001244AR	BDPARBUE_20200313101153000153_01.xml	13/03/2020 10:12:04 AM
EMARG202001156AR	BDPARBUE_20200313101205000154_01.xml	13/03/2020 10:12:16 AM
EOARG202002001AR	BDPARBUE_20200313101217000155_01.xml	13/03/2020 10:12:27 AM
EOUNI202002011AR	BDPARBUE_20200313101228000156_01.xml	13/03/2020 10:12:38 AM
EMARG202001266AR	BDPARBUE_20200313101239000157_01.xml	13/03/2020 10:12:49 AM
EOARG202003045AR	BDPARBUE_20200313101250000158_01.xml	13/03/2020 10:12:59 AM
EMARG202002246AR	BDPARBUE_20200313101300000159_01.xml	13/03/2020 10:13:10 AM
EMARG202002216AR	BDPARBUE_20200313101311000160_01.xml	13/03/2020 10:13:24 AM
EOARG202002021AR	BDPARBUE_20200313101325000161_01.xml	13/03/2020 10:13:36 AM
EMARG202002135AR	BDPARBUE_20200313101337000162_01.xml	13/03/2020 10:13:50 AM
EOARG202001151AR	BDPARBUE_20200313101351000163_01.xml	13/03/2020 10:14:00 AM
IMARG202001045AR	BDPARBUE_20200313101401000164_01.xml	13/03/2020 10:14:13 AM
EOUNI202002002AR	BDPARBUE_20200313101414000165_01.xml	13/03/2020 10:14:23 AM
EOARG202002140AR	BDPARBUE_20200313101424000166_01.xml	13/03/2020 10:14:35 AM
EOARG202001223AR	BDPARBUE_20200313101436000167_01.xml	13/03/2020 10:14:45 AM
EOARG202003031AR	BDPARBUE_20200313101446000168_01.xml	13/03/2020 10:14:56 AM
EOARG202002002AR	BDPARBUE_20200313101457000169_01.xml	13/03/2020 10:15:06 AM
EMARG202002097AR	BDPARBUE_20200313101507000170_01.xml	13/03/2020 10:15:20 AM
IMARG202002050AR	BDPARBUE_20200313101521000171_01.xml	13/03/2020 10:15:32 AM
EOROA202002001AR	BDPARBUE_20200313101533000172_01.xml	13/03/2020 10:15:43 AM
EMARG202002266AR	BDPARBUE_20200313101544000173_01.xml	13/03/2020 10:15:57 AM
IMFLT202002103AR	BDPARBUE_20200313101558000174_01.xml	13/03/2020 10:16:04 AM
IMARG202001067AR	BDPARBUE_20200313101605000175_01.xml	13/03/2020 10:16:17 AM
EMARG202002053AR	BDPARBUE_20200313101618000176_01.xml	13/03/2020 10:16:28 AM
EMARG202003008AR	BDPARBUE_20200313101629000177_01.xml	13/03/2020 10:16:39 AM
IMARG202001117AR	BDPARBUE_20200313101640000178_01.xml	13/03/2020 10:16:51 AM
EMARG202001197AR	BDPARBUE_20200313101652000179_01.xml	13/03/2020 10:17:03 AM
EOARG202001229AR	BDPARBUE_20200313101704000180_01.xml	13/03/2020 10:17:15 AM
EMARG202002247AR	BDPARBUE_20200313101716000181_01.xml	13/03/2020 10:17:29 AM
EMARG202002025AR	BDPARBUE_20200313101730000182_01.xml	13/03/2020 10:17:40 AM
EMARG202001300AR	BDPARBUE_20200313101741000183_01.xml	13/03/2020 10:17:53 AM
EMARG202001233AR	BDPARBUE_20200313101754000184_01.xml	13/03/2020 10:18:04 AM
IMARG202001061AR	BDPARBUE_20200313101805000185_01.xml	13/03/2020 10:18:17 AM
EOUNI202001040AR	BDPARBUE_20200313101818000186_01.xml	13/03/2020 10:18:27 AM
EOARG202001057AR	BDPARBUE_20200313101828000187_01.xml	13/03/2020 10:18:38 AM
EMARG202001245AR	BDPARBUE_20200313101839000188_01.xml	13/03/2020 10:18:49 AM
EMARG202002108AR	BDPARBUE_20200313101850000189_01.xml	13/03/2020 10:19:03 AM
EMARG202002304AR	BDPARBUE_20200313101904000190_01.xml	13/03/2020 10:19:16 AM
EOARG202001048AR	BDPARBUE_20200313101917000191_01.xml	13/03/2020 10:19:26 AM
IMCHP202001007AR	BDPARBUE_20200313101928000192_01.xml	13/03/2020 10:19:39 AM
EOARG202001137AR	BDPARBUE_20200313101940000193_01.xml	13/03/2020 10:19:49 AM
EOUNI202001027AR	BDPARBUE_20200313101950000194_01.xml	13/03/2020 10:20:00 AM
EOARG202001128AR	BDPARBUE_20200313102001000195_01.xml	13/03/2020 10:20:11 AM
EMARG202002280AR	BDPARBUE_20200313102012000196_01.xml	13/03/2020 10:20:26 AM
EOARG202001054AR	BDPARBUE_20200313102027000197_01.xml	13/03/2020 10:20:36 AM
EOARG202001218AR	BDPARBUE_20200313102037000198_01.xml	13/03/2020 10:20:46 AM
EOARG202001136AR	BDPARBUE_20200313102048000199_01.xml	13/03/2020 10:20:57 AM
EOARG202001110AR	BDPARBUE_20200313102058000200_01.xml	13/03/2020 10:21:08 AM
EMARG202001019AR	BDPARBUE_20200313102109000201_01.xml	13/03/2020 10:21:19 AM
EOARG202002236AR	BDPARBUE_20200313102120000202_01.xml	13/03/2020 10:21:30 AM
EOROA202001006AR	BDPARBUE_20200313102131000203_01.xml	13/03/2020 10:21:40 AM
EOARG202001149AR	BDPARBUE_20200313102141000204_01.xml	13/03/2020 10:21:51 AM
EMARG202001341AR	BDPARBUE_20200313102152000205_01.xml	13/03/2020 10:22:03 AM
EOARG202002127AR	BDPARBUE_20200313102205000206_01.xml	13/03/2020 10:22:14 AM
IAARG202003001AR	BDPARBUE_20200313102215000207_01.xml	13/03/2020 10:22:21 AM
EOARG202001140AR	BDPARBUE_20200313102222000208_01.xml	13/03/2020 10:22:32 AM
EOARG202003019AR	BDPARBUE_20200313102233000209_01.xml	13/03/2020 10:22:43 AM
EOARG202001081AR	BDPARBUE_20200313102244000210_01.xml	13/03/2020 10:22:54 AM
EOARG202001103AR	BDPARBUE_20200313102255000211_01.xml	13/03/2020 10:23:04 AM
EOROA202002009AR	BDPARBUE_20200313102305000212_01.xml	13/03/2020 10:23:15 AM
IMROA202003001AR	BDPARBUE_20200313102316000213_01.xml	13/03/2020 10:23:29 AM
IMARG202001148AR	BDPARBUE_20200313102330000214_01.xml	13/03/2020 10:23:42 AM
IMARG202001049AR	BDPARBUE_20200313102343000215_01.xml	13/03/2020 10:23:54 AM
EOARG202002176AR	BDPARBUE_20200313102355000216_01.xml	13/03/2020 10:24:04 AM
EOARG202002145AR	BDPARBUE_20200313102406000217_01.xml	13/03/2020 10:24:15 AM
IMARG201912008AR	BDPARBUE_20200313102416000218_01.xml	13/03/2020 10:24:28 AM
EOARG202002020AR	BDPARBUE_20200313102429000219_01.xml	13/03/2020 10:24:38 AM
EMARG202001093AR	BDPARBUE_20200313102439000220_01.xml	13/03/2020 10:24:50 AM
IMARG202001158AR	BDPARBUE_20200313102451000221_01.xml	13/03/2020 10:25:03 AM
EMARG202002052AR	BDPARBUE_20200313102504000222_01.xml	13/03/2020 10:25:17 AM
EMARG202001293AR	BDPARBUE_20200313102518000223_01.xml	13/03/2020 10:25:28 AM
Start Program	13/03/2020 10:26:06 AM
IMFLT201911009AR	BDPARBUE_20200313102625000001_01.xml	13/03/2020 10:26:36 AM
IMARG202001023AR	BDPARBUE_20200313102745000002_01.xml	13/03/2020 10:27:56 AM
EOUNI202003001AR	BDPARBUE_20200313102757000003_01.xml	13/03/2020 10:28:07 AM
EMARG202002039AR	BDPARBUE_20200313102808000004_01.xml	13/03/2020 10:28:18 AM
EOARG202002222AR	BDPARBUE_20200313102819000005_01.xml	13/03/2020 10:28:29 AM
EOARG202001005AR	BDPARBUE_20200313102830000006_01.xml	13/03/2020 10:28:39 AM
EMARG202002234AR	BDPARBUE_20200313102840000007_01.xml	13/03/2020 10:28:53 AM
EMARG202002191AR	BDPARBUE_20200313102854000008_01.xml	13/03/2020 10:29:07 AM
EOARG202001084AR	BDPARBUE_20200313102909000009_01.xml	13/03/2020 10:29:18 AM
EOARG202001040AR	BDPARBUE_20200313102919000010_01.xml	13/03/2020 10:29:29 AM
EMARG202003022AR	BDPARBUE_20200313102930000011_01.xml	13/03/2020 10:29:41 AM
IMARG202001052AR	BDPARBUE_20200313102942000012_01.xml	13/03/2020 10:29:55 AM
EOARG202002171AR	BDPARBUE_20200313102956000013_01.xml	13/03/2020 10:30:06 AM
EOUNI202001034AR	BDPARBUE_20200313103007000014_01.xml	13/03/2020 10:30:16 AM
EOARG202002221AR	BDPARBUE_20200313103017000015_01.xml	13/03/2020 10:30:27 AM
IMARG201912048AR	BDPARBUE_20200313103028000016_01.xml	13/03/2020 10:30:36 AM
IMARG202001150AR	BDPARBUE_20200313103037000017_01.xml	13/03/2020 10:30:49 AM
EMARG202001091AR	BDPARBUE_20200313103050000018_01.xml	13/03/2020 10:31:00 AM
IMARG201912005AR	BDPARBUE_20200313103101000019_01.xml	13/03/2020 10:31:13 AM
EMARG202002170AR	BDPARBUE_20200313103114000020_01.xml	13/03/2020 10:31:26 AM
EMARG202002171AR	BDPARBUE_20200313103128000021_01.xml	13/03/2020 10:31:40 AM
EMARG202001334AR	BDPARBUE_20200313103141000022_01.xml	13/03/2020 10:31:52 AM
EMARG202001185AR	BDPARBUE_20200313103153000023_01.xml	13/03/2020 10:32:05 AM
IAFLT202002007AR	BDPARBUE_20200313103206000024_01.xml	13/03/2020 10:32:10 AM
EOUNI202003002AR	BDPARBUE_20200313103211000025_01.xml	13/03/2020 10:32:21 AM
EOARG202002233AR	BDPARBUE_20200313103222000026_01.xml	13/03/2020 10:32:31 AM
IMROA201912022AR	BDPARBUE_20200313103233000027_01.xml	13/03/2020 10:32:44 AM
IMARG202002024AR	BDPARBUE_20200313103245000028_01.xml	13/03/2020 10:32:53 AM
EMARG202002027AR	BDPARBUE_20200313103254000029_01.xml	13/03/2020 10:33:04 AM
EMARG202002212AR	BDPARBUE_20200313103305000030_01.xml	13/03/2020 10:33:18 AM
IMARG202001047AR	BDPARBUE_20200313103319000031_01.xml	13/03/2020 10:33:31 AM
EMARG202002049AR	BDPARBUE_20200313103332000032_01.xml	13/03/2020 10:33:42 AM
EMARG202003036AR	BDPARBUE_20200313103343000033_01.xml	13/03/2020 10:33:55 AM
IMROA202001025AR	BDPARBUE_20200313103356000034_01.xml	13/03/2020 10:34:09 AM
EMARG202002248AR	BDPARBUE_20200313103410000035_01.xml	13/03/2020 10:34:24 AM
EMARG202001172AR	BDPARBUE_20200313103425000036_01.xml	13/03/2020 10:34:35 AM
IMROA202001063AR	BDPARBUE_20200313103436000037_01.xml	13/03/2020 10:34:48 AM
EOROA202002011AR	BDPARBUE_20200313103449000038_01.xml	13/03/2020 10:34:58 AM
EOARG202002027AR	BDPARBUE_20200313103459000039_01.xml	13/03/2020 10:35:09 AM
EMARG202001050AR	BDPARBUE_20200313103510000040_01.xml	13/03/2020 10:35:20 AM
EMARG202001012AR	BDPARBUE_20200313103521000041_01.xml	13/03/2020 10:35:32 AM
EMARG202002081AR	BDPARBUE_20200313103533000042_01.xml	13/03/2020 10:35:46 AM
EOROA202002004AR	BDPARBUE_20200313103547000043_01.xml	13/03/2020 10:35:56 AM
EMARG202001231AR	BDPARBUE_20200313103557000044_01.xml	13/03/2020 10:36:08 AM
EMARG202001008AR	BDPARBUE_20200313103609000045_01.xml	13/03/2020 10:36:19 AM
EOARG202001050AR	BDPARBUE_20200313103620000046_01.xml	13/03/2020 10:36:30 AM
EOUNI202003005AR	BDPARBUE_20200313103631000047_01.xml	13/03/2020 10:36:41 AM
IMCHP202002001AR	BDPARBUE_20200313103642000048_01.xml	13/03/2020 10:36:53 AM
EOARG202003024AR	BDPARBUE_20200313103654000049_01.xml	13/03/2020 10:37:07 AM
IMPME202002005AR	BDPARBUE_20200313103708000050_01.xml	13/03/2020 10:37:19 AM
EMARG202002035AR	BDPARBUE_20200313103720000051_01.xml	13/03/2020 10:37:30 AM
EOARG202001150AR	BDPARBUE_20200313103731000052_01.xml	13/03/2020 10:37:41 AM
EOARG202001046AR	BDPARBUE_20200313103742000053_01.xml	13/03/2020 10:37:52 AM
EOARG202003021AR	BDPARBUE_20200313103753000054_01.xml	13/03/2020 10:38:02 AM
EMARG202002031AR	BDPARBUE_20200313103803000055_01.xml	13/03/2020 10:38:16 AM
EMARG202001148AR	BDPARBUE_20200313103817000056_01.xml	13/03/2020 10:38:27 AM
EMARG202001167AR	BDPARBUE_20200313103828000057_01.xml	13/03/2020 10:38:39 AM
EMARG202001130AR	BDPARBUE_20200313103840000058_01.xml	13/03/2020 10:38:50 AM
EMARG202001029AR	BDPARBUE_20200313103851000059_01.xml	13/03/2020 10:39:02 AM
IMARG201911071AR	BDPARBUE_20200313103903000060_01.xml	13/03/2020 10:39:15 AM
IMPME202001001AR	BDPARBUE_20200313103916000061_01.xml	13/03/2020 10:39:27 AM
IMARG202001057AR	BDPARBUE_20200313103928000062_01.xml	13/03/2020 10:39:39 AM
EOARG202001078AR	BDPARBUE_20200313103940000063_01.xml	13/03/2020 10:39:50 AM
EMARG202001004AR	BDPARBUE_20200313103951000064_01.xml	13/03/2020 10:40:01 AM
EMARG202002268AR	BDPARBUE_20200313104002000065_01.xml	13/03/2020 10:40:15 AM
IMARG202002038AR	BDPARBUE_20200313104016000066_01.xml	13/03/2020 10:40:28 AM
EMARG202002263AR	BDPARBUE_20200313104029000067_01.xml	13/03/2020 10:40:42 AM
EOARG202002202AR	BDPARBUE_20200313104043000068_01.xml	13/03/2020 10:40:53 AM
EMARG202001121AR	BDPARBUE_20200313104054000069_01.xml	13/03/2020 10:41:04 AM
EOARG202002215AR	BDPARBUE_20200313104106000070_01.xml	13/03/2020 10:41:15 AM
IMROA202001020AR	BDPARBUE_20200313104116000071_01.xml	13/03/2020 10:41:28 AM
EOARG202001244AR	BDPARBUE_20200313104129000072_01.xml	13/03/2020 10:41:39 AM
IOARG202001013AR	BDPARBUE_20200313104140000073_01.xml	13/03/2020 10:41:50 AM
EMARG202001312AR	BDPARBUE_20200313104151000074_01.xml	13/03/2020 10:42:05 AM
EMARG201912347AR	BDPARBUE_20200313104207000075_01.xml	13/03/2020 10:42:20 AM
EMARG202001351AR	BDPARBUE_20200313104221000076_01.xml	13/03/2020 10:42:32 AM
EMARG202003071AR	BDPARBUE_20200313104233000077_01.xml	13/03/2020 10:42:45 AM
EMARG202001206AR	BDPARBUE_20200313104246000078_01.xml	13/03/2020 10:42:58 AM
EMARG202001132AR	BDPARBUE_20200313104259000079_01.xml	13/03/2020 10:43:09 AM
EOARG202001098AR	BDPARBUE_20200313104310000080_01.xml	13/03/2020 10:43:20 AM
EMARG202001090AR	BDPARBUE_20200313104321000081_01.xml	13/03/2020 10:43:31 AM
EOARG202002026AR	BDPARBUE_20200313104332000082_01.xml	13/03/2020 10:43:42 AM
IMCHP202002004AR	BDPARBUE_20200313104343000083_01.xml	13/03/2020 10:43:54 AM
EOARG202001052AR	BDPARBUE_20200313104355000084_01.xml	13/03/2020 10:44:05 AM
EMARG202003011AR	BDPARBUE_20200313104406000085_01.xml	13/03/2020 10:44:21 AM
EMARG202001143AR	BDPARBUE_20200313104422000086_01.xml	13/03/2020 10:44:33 AM
IMROA202002014AR	BDPARBUE_20200313104434000087_01.xml	13/03/2020 10:44:47 AM
IMARG202001010AR	BDPARBUE_20200313104448000088_01.xml	13/03/2020 10:45:00 AM
EOARG202001060AR	BDPARBUE_20200313104501000089_01.xml	13/03/2020 10:45:11 AM
EOARG202001119AR	BDPARBUE_20200313104512000090_01.xml	13/03/2020 10:45:21 AM
EMARG202002138AR	BDPARBUE_20200313104522000091_01.xml	13/03/2020 10:45:32 AM
EMARG202001066AR	BDPARBUE_20200313104533000092_01.xml	13/03/2020 10:45:44 AM
EMARG202002116AR	BDPARBUE_20200313104545000093_01.xml	13/03/2020 10:45:58 AM
EOARG202002226AR	BDPARBUE_20200313104559000094_01.xml	13/03/2020 10:46:08 AM
EMARG202003006AR	BDPARBUE_20200313104609000095_01.xml	13/03/2020 10:46:22 AM
EMARG202002060AR	BDPARBUE_20200313104623000096_01.xml	13/03/2020 10:46:35 AM
EMARG202002302AR	BDPARBUE_20200313104636000097_01.xml	13/03/2020 10:46:49 AM
EMARG202001352AR	BDPARBUE_20200313104650000098_01.xml	13/03/2020 10:47:01 AM
EMARG202002062AR	BDPARBUE_20200313104702000099_01.xml	13/03/2020 10:47:15 AM
EMARG202002110AR	BDPARBUE_20200313104716000100_01.xml	13/03/2020 10:47:26 AM
EMARG202002003AR	BDPARBUE_20200313104727000101_01.xml	13/03/2020 10:47:40 AM
EOARG202001233AR	BDPARBUE_20200313104741000102_01.xml	13/03/2020 10:47:51 AM
EOARG202003009AR	BDPARBUE_20200313104752000103_01.xml	13/03/2020 10:48:01 AM
EMARG202003001AR	BDPARBUE_20200313104802000104_01.xml	13/03/2020 10:48:15 AM
EMARG202001110AR	BDPARBUE_20200313104816000105_01.xml	13/03/2020 10:48:26 AM
EOARG202002204AR	BDPARBUE_20200313104827000106_01.xml	13/03/2020 10:48:37 AM
EOUNI202001012AR	BDPARBUE_20200313104838000107_01.xml	13/03/2020 10:48:47 AM
EOARG202001091AR	BDPARBUE_20200313104848000108_01.xml	13/03/2020 10:48:58 AM
EMARG202001238AR	BDPARBUE_20200313104859000109_01.xml	13/03/2020 10:49:09 AM
IMARG202001055AR	BDPARBUE_20200313104910000110_01.xml	13/03/2020 10:49:24 AM
EOARG202001087AR	BDPARBUE_20200313104925000111_01.xml	13/03/2020 10:49:35 AM
EOARG202001120AR	BDPARBUE_20200313104936000112_01.xml	13/03/2020 10:49:45 AM
EOARG202001073AR	BDPARBUE_20200313104946000113_01.xml	13/03/2020 10:49:57 AM
EOARG202002212AR	BDPARBUE_20200313104958000114_01.xml	13/03/2020 10:50:07 AM
EOARG202001010AR	BDPARBUE_20200313105008000115_01.xml	13/03/2020 10:50:18 AM
EOARG202001264AR	BDPARBUE_20200313105019000116_01.xml	13/03/2020 10:50:29 AM
EOARG202001221AR	BDPARBUE_20200313105030000117_01.xml	13/03/2020 10:50:39 AM
IMROA202001053AR	BDPARBUE_20200313105040000118_01.xml	13/03/2020 10:50:52 AM
EOUNI202002033AR	BDPARBUE_20200313105053000119_01.xml	13/03/2020 10:51:03 AM
EMARG202001134AR	BDPARBUE_20200313105104000120_01.xml	13/03/2020 10:51:14 AM
EOARG202002014AR	BDPARBUE_20200313105115000121_01.xml	13/03/2020 10:51:25 AM
EMARG202001149AR	BDPARBUE_20200313105126000122_01.xml	13/03/2020 10:51:36 AM
EMARG202002085AR	BDPARBUE_20200313105137000123_01.xml	13/03/2020 10:51:50 AM
EOARG202003072AR	BDPARBUE_20200313105151000124_01.xml	13/03/2020 10:52:02 AM
IMROA202001049AR	BDPARBUE_20200313105203000125_01.xml	13/03/2020 10:52:15 AM
EOARG202001108AR	BDPARBUE_20200313105216000126_01.xml	13/03/2020 10:52:25 AM
IMARG202002059AR	BDPARBUE_20200313105227000127_01.xml	13/03/2020 10:52:41 AM
EOARG202002200AR	BDPARBUE_20200313105242000128_01.xml	13/03/2020 10:52:52 AM
EMARG202002095AR	BDPARBUE_20200313105253000129_01.xml	13/03/2020 10:53:03 AM
IOROA202001005AR	BDPARBUE_20200313105304000130_01.xml	13/03/2020 10:53:14 AM
EOARG202001262AR	BDPARBUE_20200313105315000131_01.xml	13/03/2020 10:53:25 AM
EMARG202002222AR	BDPARBUE_20200313105326000132_01.xml	13/03/2020 10:53:39 AM
EOARG202001198AR	BDPARBUE_20200313105340000133_01.xml	13/03/2020 10:53:51 AM
EMARG202002243AR	BDPARBUE_20200313105352000134_01.xml	13/03/2020 10:54:06 AM
IMARG202002028AR	BDPARBUE_20200313105407000135_01.xml	13/03/2020 10:54:19 AM
EOARG202002045AR	BDPARBUE_20200313105420000136_01.xml	13/03/2020 10:54:31 AM
EMARG202001043AR	BDPARBUE_20200313105432000137_01.xml	13/03/2020 10:54:42 AM
IAARG202002009AR	BDPARBUE_20200313105443000138_01.xml	13/03/2020 10:54:52 AM
EMARG202001199AR	BDPARBUE_20200313105453000139_01.xml	13/03/2020 10:55:03 AM
EOARG202001125AR	BDPARBUE_20200313105504000140_01.xml	13/03/2020 10:55:14 AM
EMARG202002113AR	BDPARBUE_20200313105515000141_01.xml	13/03/2020 10:55:28 AM
EOARG202001008AR	BDPARBUE_20200313105529000142_01.xml	13/03/2020 10:55:38 AM
EOARG202001152AR	BDPARBUE_20200313105539000143_01.xml	13/03/2020 10:55:49 AM
EMARG202001308AR	BDPARBUE_20200313105550000144_01.xml	13/03/2020 10:56:00 AM
EMARG202001055AR	BDPARBUE_20200313105601000145_01.xml	13/03/2020 10:56:11 AM
EMARG202002045AR	BDPARBUE_20200313105613000146_01.xml	13/03/2020 10:56:23 AM
EMARG202001316AR	BDPARBUE_20200313105624000147_01.xml	13/03/2020 10:56:34 AM
EMARG202002195AR	BDPARBUE_20200313105635000148_01.xml	13/03/2020 10:56:48 AM
EMARG202001289AR	BDPARBUE_20200313105649000149_01.xml	13/03/2020 10:57:00 AM
EOARG202003022AR	BDPARBUE_20200313105701000150_01.xml	13/03/2020 10:57:10 AM
EOARG202001063AR	BDPARBUE_20200313105711000151_01.xml	13/03/2020 10:57:21 AM
EMARG202001154AR	BDPARBUE_20200313105722000152_01.xml	13/03/2020 10:57:32 AM
IOROA202001004AR	BDPARBUE_20200313105733000153_01.xml	13/03/2020 10:57:43 AM
EOARG202002094AR	BDPARBUE_20200313105744000154_01.xml	13/03/2020 10:57:53 AM
EMARG202001176AR	BDPARBUE_20200313105754000155_01.xml	13/03/2020 10:58:05 AM
EOARG202002118AR	BDPARBUE_20200313105806000156_01.xml	13/03/2020 10:58:15 AM
EOARG202002083AR	BDPARBUE_20200313105816000157_01.xml	13/03/2020 10:58:27 AM
EMARG202002050AR	BDPARBUE_20200313105828000158_01.xml	13/03/2020 10:58:41 AM
EMARG202002036AR	BDPARBUE_20200313105842000159_01.xml	13/03/2020 10:58:53 AM
EMARG202002016AR	BDPARBUE_20200313105854000160_01.xml	13/03/2020 10:59:07 AM
EOARG202003027AR	BDPARBUE_20200313105908000161_01.xml	13/03/2020 10:59:17 AM
EOARG202002124AR	BDPARBUE_20200313105918000162_01.xml	13/03/2020 10:59:29 AM
EOARG202001113AR	BDPARBUE_20200313105930000163_01.xml	13/03/2020 10:59:39 AM
EMARG202001252AR	BDPARBUE_20200313105940000164_01.xml	13/03/2020 10:59:51 AM
EOUNI202002014AR	BDPARBUE_20200313105952000165_01.xml	13/03/2020 11:00:02 AM
IMARG201912055AR	BDPARBUE_20200313110003000166_01.xml	13/03/2020 11:00:17 AM
IMROA202002018AR	BDPARBUE_20200313110019000167_01.xml	13/03/2020 11:00:33 AM
EOARG202001090AR	BDPARBUE_20200313110034000168_01.xml	13/03/2020 11:00:48 AM
EOUNI202002031AR	BDPARBUE_20200313110049000169_01.xml	13/03/2020 11:01:02 AM
IOROA202001003AR	BDPARBUE_20200313110103000170_01.xml	13/03/2020 11:01:16 AM
EOARG202001129AR	BDPARBUE_20200313110118000171_01.xml	13/03/2020 11:01:32 AM
IMARG202001060AR	BDPARBUE_20200313110133000172_01.xml	13/03/2020 11:01:50 AM
EMARG202002073AR	BDPARBUE_20200313110152000173_01.xml	13/03/2020 11:02:12 AM
EMARG202001005AR	BDPARBUE_20200313110213000174_01.xml	13/03/2020 11:02:28 AM
EMARG202002011AR	BDPARBUE_20200313110230000175_01.xml	13/03/2020 11:02:48 AM
IMARG202001043AR	BDPARBUE_20200313110250000176_01.xml	13/03/2020 11:03:06 AM
EMARG202002192AR	BDPARBUE_20200313110307000177_01.xml	13/03/2020 11:03:29 AM
EMARG202002124AR	BDPARBUE_20200313110330000178_01.xml	13/03/2020 11:03:46 AM
EMARG202001255AR	BDPARBUE_20200313110347000179_01.xml	13/03/2020 11:04:01 AM
EOUNI202002023AR	BDPARBUE_20200313110403000180_01.xml	13/03/2020 11:04:16 AM
EMARG202001049AR	BDPARBUE_20200313110417000181_01.xml	13/03/2020 11:04:32 AM
EOARG202002179AR	BDPARBUE_20200313110433000182_01.xml	13/03/2020 11:04:47 AM
EOARG202001055AR	BDPARBUE_20200313110448000183_01.xml	13/03/2020 11:05:01 AM
EMARG202001052AR	BDPARBUE_20200313110503000184_01.xml	13/03/2020 11:05:17 AM
EMARG202002010AR	BDPARBUE_20200313110518000185_01.xml	13/03/2020 11:05:36 AM
EOROA202002002AR	BDPARBUE_20200313110537000186_01.xml	13/03/2020 11:05:51 AM
EOARG202001210AR	BDPARBUE_20200313110552000187_01.xml	13/03/2020 11:06:05 AM
EMARG202003024AR	BDPARBUE_20200313110606000188_01.xml	13/03/2020 11:06:22 AM
EOUNI202001035AR	BDPARBUE_20200313110623000189_01.xml	13/03/2020 11:06:35 AM
EOARG202001114AR	BDPARBUE_20200313110636000190_01.xml	13/03/2020 11:06:50 AM
EMARG202001081AR	BDPARBUE_20200313110651000191_01.xml	13/03/2020 11:07:06 AM
IMARG202001147AR	BDPARBUE_20200313110707000192_01.xml	13/03/2020 11:07:22 AM
EOROA202001005AR	BDPARBUE_20200313110723000193_01.xml	13/03/2020 11:07:33 AM
EMARG202001044AR	BDPARBUE_20200313110734000194_01.xml	13/03/2020 11:07:44 AM
IMROA202001011AR	BDPARBUE_20200313110745000195_01.xml	13/03/2020 11:07:57 AM
IMARG202001113AR	BDPARBUE_20200313110758000196_01.xml	13/03/2020 11:08:10 AM
EOARG202002182AR	BDPARBUE_20200313110811000197_01.xml	13/03/2020 11:08:21 AM
EMARG202002134AR	BDPARBUE_20200313110822000198_01.xml	13/03/2020 11:08:35 AM
EMARG202001279AR	BDPARBUE_20200313110836000199_01.xml	13/03/2020 11:08:46 AM
EOARG202002062AR	BDPARBUE_20200313110847000200_01.xml	13/03/2020 11:08:56 AM
EOARG202001039AR	BDPARBUE_20200313110857000201_01.xml	13/03/2020 11:09:08 AM
EOARG202002134AR	BDPARBUE_20200313110909000202_01.xml	13/03/2020 11:09:19 AM
EMARG202001065AR	BDPARBUE_20200313110920000203_01.xml	13/03/2020 11:09:30 AM
EOUNI202001042AR	BDPARBUE_20200313110931000204_01.xml	13/03/2020 11:09:41 AM
EOARG202002018AR	BDPARBUE_20200313110942000205_01.xml	13/03/2020 11:09:51 AM
IMROA202002016AR	BDPARBUE_20200313110953000206_01.xml	13/03/2020 11:10:04 AM
EOARG202003012AR	BDPARBUE_20200313111005000207_01.xml	13/03/2020 11:10:15 AM
IMARG202002043AR	BDPARBUE_20200313111016000208_01.xml	13/03/2020 11:10:29 AM
EMARG202001263AR	BDPARBUE_20200313111030000209_01.xml	13/03/2020 11:10:40 AM
EOARG202001169AR	BDPARBUE_20200313111041000210_01.xml	13/03/2020 11:10:51 AM
EMARG202001126AR	BDPARBUE_20200313111052000211_01.xml	13/03/2020 11:11:02 AM
EOARG202002148AR	BDPARBUE_20200313111103000212_01.xml	13/03/2020 11:11:13 AM
EOUNI202002043AR	BDPARBUE_20200313111114000213_01.xml	13/03/2020 11:11:24 AM
EOARG202001099AR	BDPARBUE_20200313111125000214_01.xml	13/03/2020 11:11:34 AM
IMARG202002003AR	BDPARBUE_20200313111136000215_01.xml	13/03/2020 11:11:47 AM
EOARG202002016AR	BDPARBUE_20200313111148000216_01.xml	13/03/2020 11:11:59 AM
EOARG202001123AR	BDPARBUE_20200313111200000217_01.xml	13/03/2020 11:12:10 AM
EMARG202001249AR	BDPARBUE_20200313111211000218_01.xml	13/03/2020 11:12:21 AM
EMARG202003042AR	BDPARBUE_20200313111222000219_01.xml	13/03/2020 11:12:35 AM
IMARG202002029AR	BDPARBUE_20200313111236000220_01.xml	13/03/2020 11:12:48 AM
EMARG202002098AR	BDPARBUE_20200313111249000221_01.xml	13/03/2020 11:13:02 AM
IMROA202002026AR	BDPARBUE_20200313111303000222_01.xml	13/03/2020 11:13:14 AM
EMARG202001281AR	BDPARBUE_20200313111316000223_01.xml	13/03/2020 11:13:34 AM
EMARG202003097AR	BDPARBUE_20200313111335000224_01.xml	13/03/2020 11:13:50 AM
IMARG202002073AR	BDPARBUE_20200313111351000225_01.xml	13/03/2020 11:14:02 AM
EMARG202001336AR	BDPARBUE_20200313111403000226_01.xml	13/03/2020 11:14:13 AM
EOARG202001224AR	BDPARBUE_20200313111414000227_01.xml	13/03/2020 11:14:24 AM
EMARG202001160AR	BDPARBUE_20200313111425000228_01.xml	13/03/2020 11:14:35 AM
EOARG202002017AR	BDPARBUE_20200313111436000229_01.xml	13/03/2020 11:14:46 AM
EOARG202002203AR	BDPARBUE_20200313111447000230_01.xml	13/03/2020 11:14:57 AM
EOUNI202002025AR	BDPARBUE_20200313111458000231_01.xml	13/03/2020 11:15:07 AM
EOROA202001002AR	BDPARBUE_20200313111508000232_01.xml	13/03/2020 11:15:18 AM
EMARG202002205AR	BDPARBUE_20200313111519000233_01.xml	13/03/2020 11:15:32 AM
EOARG202002201AR	BDPARBUE_20200313111533000234_01.xml	13/03/2020 11:15:42 AM
EOARG202002047AR	BDPARBUE_20200313111543000235_01.xml	13/03/2020 11:15:53 AM
IMROA202001028AR	BDPARBUE_20200313111554000236_01.xml	13/03/2020 11:16:06 AM
EMARG202003013AR	BDPARBUE_20200313111607000237_01.xml	13/03/2020 11:16:17 AM
EOARG202002057AR	BDPARBUE_20200313111618000238_01.xml	13/03/2020 11:16:28 AM
EMARG202001183AR	BDPARBUE_20200313111629000239_01.xml	13/03/2020 11:16:40 AM
EOARG202001126AR	BDPARBUE_20200313111641000240_01.xml	13/03/2020 11:16:50 AM
EMARG202001247AR	BDPARBUE_20200313111651000241_01.xml	13/03/2020 11:17:09 AM
IMFLT202002023AR	BDPARBUE_20200313111710000242_01.xml	13/03/2020 11:17:16 AM
EOARG202003046AR	BDPARBUE_20200313111717000243_01.xml	13/03/2020 11:17:27 AM
EMARG202001046AR	BDPARBUE_20200313111728000244_01.xml	13/03/2020 11:17:38 AM
IMARG202001068AR	BDPARBUE_20200313111739000245_01.xml	13/03/2020 11:17:51 AM
EOROA202001007AR	BDPARBUE_20200313111752000246_01.xml	13/03/2020 11:18:02 AM
EMARG202002078AR	BDPARBUE_20200313111803000247_01.xml	13/03/2020 11:18:16 AM
EOARG202002044AR	BDPARBUE_20200313111817000248_01.xml	13/03/2020 11:18:28 AM
EOARG202002223AR	BDPARBUE_20200313111829000249_01.xml	13/03/2020 11:18:38 AM
EOARG202002052AR	BDPARBUE_20200313111839000250_01.xml	13/03/2020 11:18:50 AM
IMARG202002008AR	BDPARBUE_20200313111851000251_01.xml	13/03/2020 11:19:05 AM
EMARG202002156AR	BDPARBUE_20200313111906000252_01.xml	13/03/2020 11:19:19 AM
IMARG202002070AR	BDPARBUE_20200313111920000253_01.xml	13/03/2020 11:19:34 AM
EMARG202002230AR	BDPARBUE_20200313111935000254_01.xml	13/03/2020 11:19:45 AM
EOARG202002064AR	BDPARBUE_20200313111946000255_01.xml	13/03/2020 11:19:55 AM
EOARG202001085AR	BDPARBUE_20200313111956000256_01.xml	13/03/2020 11:20:07 AM
EMARG202002228AR	BDPARBUE_20200313112008000257_01.xml	13/03/2020 11:20:22 AM
EOARG202002187AR	BDPARBUE_20200313112023000258_01.xml	13/03/2020 11:20:32 AM
IMROA202002002AR	BDPARBUE_20200313112033000259_01.xml	13/03/2020 11:20:45 AM
IMPME202001003AR	BDPARBUE_20200313112046000260_01.xml	13/03/2020 11:20:57 AM
IMROA202001019AR	BDPARBUE_20200313112058000261_01.xml	13/03/2020 11:21:09 AM
EOUNI202002018AR	BDPARBUE_20200313112111000262_01.xml	13/03/2020 11:21:20 AM
EMARG202001225AR	BDPARBUE_20200313112121000263_01.xml	13/03/2020 11:21:31 AM
EOARG202001160AR	BDPARBUE_20200313112132000264_01.xml	13/03/2020 11:21:42 AM
EOARG202002063AR	BDPARBUE_20200313112143000265_01.xml	13/03/2020 11:21:53 AM
EMARG202002296AR	BDPARBUE_20200313112154000266_01.xml	13/03/2020 11:22:08 AM
EMARG202002255AR	BDPARBUE_20200313112209000267_01.xml	13/03/2020 11:22:21 AM
EMARG202001003AR	BDPARBUE_20200313112222000268_01.xml	13/03/2020 11:22:33 AM
IMROA202001006AR	BDPARBUE_20200313112234000269_01.xml	13/03/2020 11:22:46 AM
EOUNI202002009AR	BDPARBUE_20200313112247000270_01.xml	13/03/2020 11:22:57 AM
EOARG202002167AR	BDPARBUE_20200313112258000271_01.xml	13/03/2020 11:23:08 AM
EMARG202002293AR	BDPARBUE_20200313112309000272_01.xml	13/03/2020 11:23:19 AM
EMARG202001140AR	BDPARBUE_20200313112320000273_01.xml	13/03/2020 11:23:31 AM
EMARG202003018AR	BDPARBUE_20200313112332000274_01.xml	13/03/2020 11:23:45 AM
EOUNI202003015AR	BDPARBUE_20200313112346000275_01.xml	13/03/2020 11:23:55 AM
IMARG202002027AR	BDPARBUE_20200313112356000276_01.xml	13/03/2020 11:24:08 AM
IMROA202002023AR	BDPARBUE_20200313112409000277_01.xml	13/03/2020 11:24:21 AM
EMARG202001232AR	BDPARBUE_20200313112422000278_01.xml	13/03/2020 11:24:32 AM
EOARG202002123AR	BDPARBUE_20200313112433000279_01.xml	13/03/2020 11:24:42 AM
EOARG202002039AR	BDPARBUE_20200313112443000280_01.xml	13/03/2020 11:24:53 AM
EMARG202001112AR	BDPARBUE_20200313112454000281_01.xml	13/03/2020 11:25:05 AM
EOARG202001035AR	BDPARBUE_20200313112506000282_01.xml	13/03/2020 11:25:16 AM
EMARG202001286AR	BDPARBUE_20200313112517000283_01.xml	13/03/2020 11:25:28 AM
EOARG202002228AR	BDPARBUE_20200313112529000284_01.xml	13/03/2020 11:25:39 AM
EOARG202002138AR	BDPARBUE_20200313112540000285_01.xml	13/03/2020 11:25:49 AM
EOARG202001100AR	BDPARBUE_20200313112550000286_01.xml	13/03/2020 11:26:00 AM
IACHP202002002AR	BDPARBUE_20200313112601000287_01.xml	13/03/2020 11:26:09 AM
EOUNI202001030AR	BDPARBUE_20200313112610000288_01.xml	13/03/2020 11:26:20 AM
EOUNI202001001AR	BDPARBUE_20200313112621000289_01.xml	13/03/2020 11:26:30 AM
EOARG202002034AR	BDPARBUE_20200313112631000290_01.xml	13/03/2020 11:26:41 AM
EMARG202001115AR	BDPARBUE_20200313112642000291_01.xml	13/03/2020 11:26:52 AM
EMARG202001061AR	BDPARBUE_20200313112654000292_01.xml	13/03/2020 11:27:04 AM
EOARG202001247AR	BDPARBUE_20200313112706000293_01.xml	13/03/2020 11:27:16 AM
EOARG202001132AR	BDPARBUE_20200313112717000294_01.xml	13/03/2020 11:27:27 AM
EOARG202003039AR	BDPARBUE_20200313112728000295_01.xml	13/03/2020 11:27:38 AM
EMARG202002017AR	BDPARBUE_20200313112739000296_01.xml	13/03/2020 11:27:52 AM
EMARG202001216AR	BDPARBUE_20200313112753000297_01.xml	13/03/2020 11:28:03 AM
EMARG202001187AR	BDPARBUE_20200313112804000298_01.xml	13/03/2020 11:28:15 AM
EOARG202001181AR	BDPARBUE_20200313112816000299_01.xml	13/03/2020 11:28:26 AM
EMARG202002076AR	BDPARBUE_20200313112827000300_01.xml	13/03/2020 11:28:39 AM
IMARG202001054AR	BDPARBUE_20200313112841000301_01.xml	13/03/2020 11:28:49 AM
EOARG202001115AR	BDPARBUE_20200313112850000302_01.xml	13/03/2020 11:29:00 AM
EOARG202002072AR	BDPARBUE_20200313112901000303_01.xml	13/03/2020 11:29:11 AM
EMARG202002198AR	BDPARBUE_20200313112912000304_01.xml	13/03/2020 11:29:26 AM
EMARG202001114AR	BDPARBUE_20200313112927000305_01.xml	13/03/2020 11:29:37 AM
EMARG202001237AR	BDPARBUE_20200313112938000306_01.xml	13/03/2020 11:29:49 AM
EOARG202002213AR	BDPARBUE_20200313112950000307_01.xml	13/03/2020 11:29:59 AM
EMARG202002163AR	BDPARBUE_20200313113000000308_01.xml	13/03/2020 11:30:14 AM
EMARG202003051AR	BDPARBUE_20200313113015000309_01.xml	13/03/2020 11:30:26 AM
EOARG202002205AR	BDPARBUE_20200313113027000310_01.xml	13/03/2020 11:30:37 AM
IMPME202002001AR	BDPARBUE_20200313113038000311_01.xml	13/03/2020 11:30:49 AM
IMROA201911040AR	BDPARBUE_20200313113050000312_01.xml	13/03/2020 11:31:01 AM
EMARG202001173AR	BDPARBUE_20200313113103000313_01.xml	13/03/2020 11:31:13 AM
EMARG202002164AR	BDPARBUE_20200313113114000314_01.xml	13/03/2020 11:31:26 AM
EMARG202002128AR	BDPARBUE_20200313113127000315_01.xml	13/03/2020 11:31:39 AM
IMARG202001105AR	BDPARBUE_20200313113140000316_01.xml	13/03/2020 11:31:52 AM
EMARG202001323AR	BDPARBUE_20200313113153000317_01.xml	13/03/2020 11:32:07 AM
EMARG202001285AR	BDPARBUE_20200313113208000318_01.xml	13/03/2020 11:32:19 AM
EOARG202001027AR	BDPARBUE_20200313113220000319_01.xml	13/03/2020 11:32:30 AM
EOARG202002151AR	BDPARBUE_20200313113231000320_01.xml	13/03/2020 11:32:41 AM
IMROA202002005AR	BDPARBUE_20200313113242000321_01.xml	13/03/2020 11:32:53 AM
EOARG202002081AR	BDPARBUE_20200313113255000322_01.xml	13/03/2020 11:33:04 AM
IAARG202001011AR	BDPARBUE_20200313113305000323_01.xml	13/03/2020 11:33:14 AM
IMROA202001071AR	BDPARBUE_20200313113315000324_01.xml	13/03/2020 11:33:27 AM
EMARG202002066AR	BDPARBUE_20200313113328000325_01.xml	13/03/2020 11:33:41 AM
EMARG202002183AR	BDPARBUE_20200313113342000326_01.xml	13/03/2020 11:33:53 AM
EOUNI202002041AR	BDPARBUE_20200313113354000327_01.xml	13/03/2020 11:34:04 AM
IMARG201910069AR	BDPARBUE_20200313113405000328_01.xml	13/03/2020 11:34:17 AM
IMARG202002039AR	BDPARBUE_20200313113418000329_01.xml	13/03/2020 11:34:30 AM
EOUNI202001011AR	BDPARBUE_20200313113431000330_01.xml	13/03/2020 11:34:41 AM
EOUNI202002022AR	BDPARBUE_20200313113442000331_01.xml	13/03/2020 11:34:51 AM
EMARG202001207AR	BDPARBUE_20200313113453000332_01.xml	13/03/2020 11:35:03 AM
EMARG202002006AR	BDPARBUE_20200313113504000333_01.xml	13/03/2020 11:35:17 AM
EOARG202001025AR	BDPARBUE_20200313113518000334_01.xml	13/03/2020 11:35:28 AM
EMARG202001178AR	BDPARBUE_20200313113529000335_01.xml	13/03/2020 11:35:40 AM
IMARG201912056AR	BDPARBUE_20200313113541000336_01.xml	13/03/2020 11:35:53 AM
IMARG202002007AR	BDPARBUE_20200313113554000337_01.xml	13/03/2020 11:36:06 AM
IOARG202001014AR	BDPARBUE_20200313113607000338_01.xml	13/03/2020 11:36:21 AM
EOARG202003033AR	BDPARBUE_20200313113622000339_01.xml	13/03/2020 11:36:31 AM
IMARG202001146AR	BDPARBUE_20200313113632000340_01.xml	13/03/2020 11:36:44 AM
EMARG202002269AR	BDPARBUE_20200313113645000341_01.xml	13/03/2020 11:36:58 AM
EOARG202001080AR	BDPARBUE_20200313113700000342_01.xml	13/03/2020 11:37:10 AM
EOARG202001042AR	BDPARBUE_20200313113711000343_01.xml	13/03/2020 11:37:22 AM
EMARG202002194AR	BDPARBUE_20200313113723000344_01.xml	13/03/2020 11:37:33 AM
EMARG202001214AR	BDPARBUE_20200313113734000345_01.xml	13/03/2020 11:37:44 AM
EMARG202001144AR	BDPARBUE_20200313113745000346_01.xml	13/03/2020 11:37:55 AM
EMARG201912241AR	BDPARBUE_20200313113756000347_01.xml	13/03/2020 11:38:07 AM
EOARG202001185AR	BDPARBUE_20200313113808000348_01.xml	13/03/2020 11:38:19 AM
EMARG202001186AR	BDPARBUE_20200313113820000349_01.xml	13/03/2020 11:38:31 AM
EMARG202002077AR	BDPARBUE_20200313113832000350_01.xml	13/03/2020 11:38:44 AM
EMARG202001013AR	BDPARBUE_20200313113846000351_01.xml	13/03/2020 11:38:56 AM
EMUNI202002004AR	BDPARBUE_20200313113857000352_01.xml	13/03/2020 11:39:07 AM
EMARG202002015AR	BDPARBUE_20200313113908000353_01.xml	13/03/2020 11:39:18 AM
IAFLT202002010AR	BDPARBUE_20200313113919000354_01.xml	13/03/2020 11:39:24 AM
EOUNI202002032AR	BDPARBUE_20200313113925000355_01.xml	13/03/2020 11:39:34 AM
EMARG202002012AR	BDPARBUE_20200313113935000356_01.xml	13/03/2020 11:39:48 AM
EOROA202003001AR	BDPARBUE_20200313113949000357_01.xml	13/03/2020 11:39:58 AM
EOARG202003070AR	BDPARBUE_20200313113959000358_01.xml	13/03/2020 11:40:09 AM
EMARG202002099AR	BDPARBUE_20200313114010000359_01.xml	13/03/2020 11:40:23 AM
IMROA202001052AR	BDPARBUE_20200313114024000360_01.xml	13/03/2020 11:40:35 AM
EOARG202001179AR	BDPARBUE_20200313114036000361_01.xml	13/03/2020 11:40:46 AM
IMROA202001035AR	BDPARBUE_20200313114047000362_01.xml	13/03/2020 11:40:59 AM
EOARG202001237AR	BDPARBUE_20200313114100000363_01.xml	13/03/2020 11:41:10 AM
EMARG202002223AR	BDPARBUE_20200313114111000364_01.xml	13/03/2020 11:41:24 AM
EMARG202002037AR	BDPARBUE_20200313114125000365_01.xml	13/03/2020 11:41:38 AM
EMARG202001103AR	BDPARBUE_20200313114139000366_01.xml	13/03/2020 11:41:50 AM
EOARG202002130AR	BDPARBUE_20200313114151000367_01.xml	13/03/2020 11:42:02 AM
IAARG202001001AR	BDPARBUE_20200313114203000368_01.xml	13/03/2020 11:42:12 AM
EMARG202002048AR	BDPARBUE_20200313114213000369_01.xml	13/03/2020 11:42:23 AM
EMARG202002282AR	BDPARBUE_20200313114224000370_01.xml	13/03/2020 11:42:37 AM
EMARG202001166AR	BDPARBUE_20200313114238000371_01.xml	13/03/2020 11:42:48 AM
EMARG202002278AR	BDPARBUE_20200313114249000372_01.xml	13/03/2020 11:43:02 AM
EMARG202001287AR	BDPARBUE_20200313114303000373_01.xml	13/03/2020 11:43:14 AM
EMARG202001280AR	BDPARBUE_20200313114315000374_01.xml	13/03/2020 11:43:25 AM
EMARG202001073AR	BDPARBUE_20200313114326000375_01.xml	13/03/2020 11:43:36 AM
EMARG202001210AR	BDPARBUE_20200313114337000376_01.xml	13/03/2020 11:43:48 AM
EOARG202001097AR	BDPARBUE_20200313114349000377_01.xml	13/03/2020 11:43:58 AM
EMARG202001145AR	BDPARBUE_20200313114359000378_01.xml	13/03/2020 11:44:10 AM
EOARG202002122AR	BDPARBUE_20200313114411000379_01.xml	13/03/2020 11:44:20 AM
EOARG202002219AR	BDPARBUE_20200313114421000380_01.xml	13/03/2020 11:44:31 AM
EMARG202001058AR	BDPARBUE_20200313114432000381_01.xml	13/03/2020 11:44:42 AM
EMARG202002102AR	BDPARBUE_20200313114443000382_01.xml	13/03/2020 11:44:56 AM
EOARG202003043AR	BDPARBUE_20200313114457000383_01.xml	13/03/2020 11:45:06 AM
EOARG202002036AR	BDPARBUE_20200313114507000384_01.xml	13/03/2020 11:45:17 AM
EOARG202001164AR	BDPARBUE_20200313114518000385_01.xml	13/03/2020 11:45:27 AM
EOARG201912223AR	BDPARBUE_20200313114528000386_01.xml	13/03/2020 11:45:39 AM
EMARG202001067AR	BDPARBUE_20200313114540000387_01.xml	13/03/2020 11:45:50 AM
IMROA202002003AR	BDPARBUE_20200313114551000388_01.xml	13/03/2020 11:46:03 AM
IMARG202002077AR	BDPARBUE_20200313114604000389_01.xml	13/03/2020 11:46:15 AM
IMROA202001065AR	BDPARBUE_20200313114616000390_01.xml	13/03/2020 11:46:27 AM
EMARG202001235AR	BDPARBUE_20200313114628000391_01.xml	13/03/2020 11:46:39 AM
EOARG202001241AR	BDPARBUE_20200313114640000392_01.xml	13/03/2020 11:46:49 AM
EMARG202002261AR	BDPARBUE_20200313114650000393_01.xml	13/03/2020 11:47:03 AM
EOARG202001243AR	BDPARBUE_20200313114704000394_01.xml	13/03/2020 11:47:14 AM
EOARG202003056AR	BDPARBUE_20200313114715000395_01.xml	13/03/2020 11:47:24 AM
EMARG202002239AR	BDPARBUE_20200313114725000396_01.xml	13/03/2020 11:47:38 AM
EMARG202002168AR	BDPARBUE_20200313114739000397_01.xml	13/03/2020 11:47:51 AM
EMARG202002274AR	BDPARBUE_20200313114752000398_01.xml	13/03/2020 11:48:08 AM
EOUNI202001023AR	BDPARBUE_20200313114809000399_01.xml	13/03/2020 11:48:18 AM
EMARG202002130AR	BDPARBUE_20200313114819000400_01.xml	13/03/2020 11:48:32 AM
EOUNI202001041AR	BDPARBUE_20200313114833000401_01.xml	13/03/2020 11:48:43 AM
IMROA202001067AR	BDPARBUE_20200313114844000402_01.xml	13/03/2020 11:48:55 AM
EMARG202001295AR	BDPARBUE_20200313114856000403_01.xml	13/03/2020 11:49:06 AM
EOARG202001049AR	BDPARBUE_20200313114907000404_01.xml	13/03/2020 11:49:17 AM
EOARG202001153AR	BDPARBUE_20200313114918000405_01.xml	13/03/2020 11:49:27 AM
EOARG202002109AR	BDPARBUE_20200313114928000406_01.xml	13/03/2020 11:49:39 AM
EOARG202001089AR	BDPARBUE_20200313114940000407_01.xml	13/03/2020 11:49:49 AM
EOARG202003057AR	BDPARBUE_20200313114950000408_01.xml	13/03/2020 11:50:00 AM
IMROA202002021AR	BDPARBUE_20200313115001000409_01.xml	13/03/2020 11:50:12 AM
EMARG202001045AR	BDPARBUE_20200313115013000410_01.xml	13/03/2020 11:50:23 AM
EMARG202002297AR	BDPARBUE_20200313115025000411_01.xml	13/03/2020 11:50:37 AM
IMROA202001008AR	BDPARBUE_20200313115038000412_01.xml	13/03/2020 11:50:49 AM
EOROA202002006AR	BDPARBUE_20200313115050000413_01.xml	13/03/2020 11:50:59 AM
IMARG202001062AR	BDPARBUE_20200313115100000414_01.xml	13/03/2020 11:51:12 AM
EMARG202001346AR	BDPARBUE_20200313115113000415_01.xml	13/03/2020 11:51:23 AM
IMARG202001136AR	BDPARBUE_20200313115124000416_01.xml	13/03/2020 11:51:36 AM
IMROA202001046AR	BDPARBUE_20200313115137000417_01.xml	13/03/2020 11:51:48 AM
IMROA201911039AR	BDPARBUE_20200313115149000418_01.xml	13/03/2020 11:52:01 AM
IMARG202001129AR	BDPARBUE_20200313115202000419_01.xml	13/03/2020 11:52:16 AM
EOARG202002030AR	BDPARBUE_20200313115217000420_01.xml	13/03/2020 11:52:26 AM
EMARG202001031AR	BDPARBUE_20200313115227000421_01.xml	13/03/2020 11:52:38 AM
EMARG202002001AR	BDPARBUE_20200313115239000422_01.xml	13/03/2020 11:52:52 AM
IMARG202002006AR	BDPARBUE_20200313115253000423_01.xml	13/03/2020 11:53:05 AM
EMARG202003029AR	BDPARBUE_20200313115307000424_01.xml	13/03/2020 11:53:18 AM
EMARG202001215AR	BDPARBUE_20200313115319000425_01.xml	13/03/2020 11:53:29 AM
IMARG202001036AR	BDPARBUE_20200313115331000426_01.xml	13/03/2020 11:53:43 AM
IOARG202001015AR	BDPARBUE_20200313115344000427_01.xml	13/03/2020 11:53:58 AM
EOARG202002121AR	BDPARBUE_20200313115359000428_01.xml	13/03/2020 11:54:09 AM
EMARG202001051AR	BDPARBUE_20200313115410000429_01.xml	13/03/2020 11:54:20 AM
EMARG202001092AR	BDPARBUE_20200313115421000430_01.xml	13/03/2020 11:54:31 AM
EMARG202003083AR	BDPARBUE_20200313115432000431_01.xml	13/03/2020 11:54:45 AM
EMARG202002233AR	BDPARBUE_20200313115446000432_01.xml	13/03/2020 11:54:59 AM
EOARG202002175AR	BDPARBUE_20200313115500000433_01.xml	13/03/2020 11:55:09 AM
EMARG202003023AR	BDPARBUE_20200313115510000434_01.xml	13/03/2020 11:55:23 AM
IMROA202002020AR	BDPARBUE_20200313115524000435_01.xml	13/03/2020 11:55:35 AM
EOARG202003013AR	BDPARBUE_20200313115536000436_01.xml	13/03/2020 11:55:45 AM
IMARG202002041AR	BDPARBUE_20200313115547000437_01.xml	13/03/2020 11:55:58 AM
EOARG202002028AR	BDPARBUE_20200313115559000438_01.xml	13/03/2020 11:56:09 AM
EOUNI202001033AR	BDPARBUE_20200313115610000439_01.xml	13/03/2020 11:56:19 AM
EOARG202002131AR	BDPARBUE_20200313115620000440_01.xml	13/03/2020 11:56:31 AM
EOARG202002041AR	BDPARBUE_20200313115632000441_01.xml	13/03/2020 11:56:41 AM
EOARG202003016AR	BDPARBUE_20200313115642000442_01.xml	13/03/2020 11:56:52 AM
IOARG202001006AR	BDPARBUE_20200313115653000443_01.xml	13/03/2020 11:57:02 AM
EMARG202002118AR	BDPARBUE_20200313115704000444_01.xml	13/03/2020 11:57:16 AM
EOARG202003044AR	BDPARBUE_20200313115717000445_01.xml	13/03/2020 11:57:27 AM
EOARG202003028AR	BDPARBUE_20200313115728000446_01.xml	13/03/2020 11:57:38 AM
EOARG202002110AR	BDPARBUE_20200313115739000447_01.xml	13/03/2020 11:57:49 AM
EMARG202002214AR	BDPARBUE_20200313115751000448_01.xml	13/03/2020 11:58:03 AM
EMARG202001264AR	BDPARBUE_20200313115804000449_01.xml	13/03/2020 11:58:15 AM
EMARG202002185AR	BDPARBUE_20200313115816000450_01.xml	13/03/2020 11:58:26 AM
EMARG202001095AR	BDPARBUE_20200313115827000451_01.xml	13/03/2020 11:58:37 AM
EOARG202002023AR	BDPARBUE_20200313115838000452_01.xml	13/03/2020 11:58:48 AM
EMARG202001220AR	BDPARBUE_20200313115849000453_01.xml	13/03/2020 11:59:00 AM
EMARG202002211AR	BDPARBUE_20200313115901000454_01.xml	13/03/2020 11:59:14 AM
IMROA201912010AR	BDPARBUE_20200313115915000455_01.xml	13/03/2020 11:59:27 AM
EOARG202002012AR	BDPARBUE_20200313115928000456_01.xml	13/03/2020 11:59:37 AM
EMARG202002009AR	BDPARBUE_20200313115938000457_01.xml	13/03/2020 11:59:51 AM
EOUNI202003014AR	BDPARBUE_20200313115953000458_01.xml	13/03/2020 12:00:02 PM
EMARG202001259AR	BDPARBUE_20200313120004000459_01.xml	13/03/2020 12:00:15 PM
EMARG202001342AR	BDPARBUE_20200313120017000460_01.xml	13/03/2020 12:00:29 PM
EMARG202001106AR	BDPARBUE_20200313120031000461_01.xml	13/03/2020 12:00:45 PM
EOARG202001219AR	BDPARBUE_20200313120046000462_01.xml	13/03/2020 12:00:58 PM
EOARG202001109AR	BDPARBUE_20200313120100000463_01.xml	13/03/2020 12:01:13 PM
IMARG202002034AR	BDPARBUE_20200313120114000464_01.xml	13/03/2020 12:01:30 PM
EMARG202001333AR	BDPARBUE_20200313120131000465_01.xml	13/03/2020 12:01:46 PM
IMFLT202003022AR	BDPARBUE_20200313120147000466_01.xml	13/03/2020 12:01:55 PM
EOARG202002087AR	BDPARBUE_20200313120157000467_01.xml	13/03/2020 12:02:10 PM
EMARG202001200AR	BDPARBUE_20200313120211000468_01.xml	13/03/2020 12:02:27 PM
IMARG202001039AR	BDPARBUE_20200313120228000469_01.xml	13/03/2020 12:02:47 PM
EOARG202002056AR	BDPARBUE_20200313120248000470_01.xml	13/03/2020 12:03:01 PM
EMARG202002094AR	BDPARBUE_20200313120303000471_01.xml	13/03/2020 12:03:17 PM
EOUNI202002028AR	BDPARBUE_20200313120318000472_01.xml	13/03/2020 12:03:31 PM
EMARG202002303AR	BDPARBUE_20200313120332000473_01.xml	13/03/2020 12:03:49 PM
EOARG202002115AR	BDPARBUE_20200313120350000474_01.xml	13/03/2020 12:04:06 PM
EOARG202002159AR	BDPARBUE_20200313120407000475_01.xml	13/03/2020 12:04:20 PM
EOARG202003040AR	BDPARBUE_20200313120421000476_01.xml	13/03/2020 12:04:33 PM
EOARG201912244AR	BDPARBUE_20200313120434000477_01.xml	13/03/2020 12:04:47 PM
EOARG202003020AR	BDPARBUE_20200313120448000478_01.xml	13/03/2020 12:05:01 PM
EMARG202001113AR	BDPARBUE_20200313120502000479_01.xml	13/03/2020 12:05:16 PM
IMARG202002074AR	BDPARBUE_20200313120517000480_01.xml	13/03/2020 12:05:32 PM
EMARG202002018AR	BDPARBUE_20200313120533000481_01.xml	13/03/2020 12:05:49 PM
EMARG202002137AR	BDPARBUE_20200313120551000482_01.xml	13/03/2020 12:06:07 PM
IMROA202001001AR	BDPARBUE_20200313120608000483_01.xml	13/03/2020 12:06:24 PM
IMROA201912011AR	BDPARBUE_20200313120625000484_01.xml	13/03/2020 12:06:39 PM
IMARG202002081AR	BDPARBUE_20200313120640000485_01.xml	13/03/2020 12:06:53 PM
IMARG202003006AR	BDPARBUE_20200313120655000486_01.xml	13/03/2020 12:07:09 PM
EMARG202001168AR	BDPARBUE_20200313120710000487_01.xml	13/03/2020 12:07:23 PM
EOARG202002077AR	BDPARBUE_20200313120724000488_01.xml	13/03/2020 12:07:35 PM
EMARG202003084AR	BDPARBUE_20200313120737000489_01.xml	13/03/2020 12:07:51 PM
EOARG202001184AR	BDPARBUE_20200313120752000490_01.xml	13/03/2020 12:08:01 PM
EOARG202002150AR	BDPARBUE_20200313120802000491_01.xml	13/03/2020 12:08:12 PM
EOROA202001004AR	BDPARBUE_20200313120813000492_01.xml	13/03/2020 12:08:24 PM
IMARG202001103AR	BDPARBUE_20200313120825000493_01.xml	13/03/2020 12:08:39 PM
EOARG202002192AR	BDPARBUE_20200313120840000494_01.xml	13/03/2020 12:08:51 PM
IMARG202002044AR	BDPARBUE_20200313120852000495_01.xml	13/03/2020 12:09:05 PM
EOARG202001020AR	BDPARBUE_20200313120906000496_01.xml	13/03/2020 12:09:17 PM
EOARG202002196AR	BDPARBUE_20200313120918000497_01.xml	13/03/2020 12:09:27 PM
EOARG202001092AR	BDPARBUE_20200313120928000498_01.xml	13/03/2020 12:09:38 PM
EOUNI202001019AR	BDPARBUE_20200313120939000499_01.xml	13/03/2020 12:09:48 PM
EOARG202001203AR	BDPARBUE_20200313120949000500_01.xml	13/03/2020 12:09:59 PM
EMARG202001097AR	BDPARBUE_20200313121000000501_01.xml	13/03/2020 12:10:10 PM
EOARG202001105AR	BDPARBUE_20200313121011000502_01.xml	13/03/2020 12:10:20 PM
EOUNI202001018AR	BDPARBUE_20200313121022000503_01.xml	13/03/2020 12:10:31 PM
IMFLT202001109AR	BDPARBUE_20200313121032000504_01.xml	13/03/2020 12:10:37 PM
EOARG202002096AR	BDPARBUE_20200313121038000505_01.xml	13/03/2020 12:10:48 PM
EOUNI202001002AR	BDPARBUE_20200313121049000506_01.xml	13/03/2020 12:10:58 PM
IMARG202001076AR	BDPARBUE_20200313121059000507_01.xml	13/03/2020 12:11:11 PM
EOARG202002156AR	BDPARBUE_20200313121112000508_01.xml	13/03/2020 12:11:21 PM
IMARG201912075AR	BDPARBUE_20200313121122000509_01.xml	13/03/2020 12:11:34 PM
EOARG202001026AR	BDPARBUE_20200313121135000510_01.xml	13/03/2020 12:11:46 PM
IOARG202001016AR	BDPARBUE_20200313121147000511_01.xml	13/03/2020 12:11:59 PM
EOARG202001013AR	BDPARBUE_20200313121200000512_01.xml	13/03/2020 12:12:09 PM
EMARG202002276AR	BDPARBUE_20200313121211000513_01.xml	13/03/2020 12:12:23 PM
IMCHP202002005AR	BDPARBUE_20200313121224000514_01.xml	13/03/2020 12:12:36 PM
IMARG202001144AR	BDPARBUE_20200313121237000515_01.xml	13/03/2020 12:12:50 PM
EOARG202002237AR	BDPARBUE_20200313121251000516_01.xml	13/03/2020 12:13:00 PM
EOARG202003048AR	BDPARBUE_20200313121302000517_01.xml	13/03/2020 12:13:11 PM
EMARG201912245AR	BDPARBUE_20200313121312000518_01.xml	13/03/2020 12:13:22 PM
EMARG201912266AR	BDPARBUE_20200313121323000519_01.xml	13/03/2020 12:13:34 PM
IMARG201911085AR	BDPARBUE_20200313121335000520_01.xml	13/03/2020 12:13:48 PM
IMARG201912009AR	BDPARBUE_20200313121349000521_01.xml	13/03/2020 12:14:00 PM
EMARG202001292AR	BDPARBUE_20200313121401000522_01.xml	13/03/2020 12:14:11 PM
EMARG202002258AR	BDPARBUE_20200313121412000523_01.xml	13/03/2020 12:14:26 PM
EOARG202002178AR	BDPARBUE_20200313121427000524_01.xml	13/03/2020 12:14:36 PM
EMARG202002133AR	BDPARBUE_20200313121437000525_01.xml	13/03/2020 12:14:50 PM
EOARG202001193AR	BDPARBUE_20200313121451000526_01.xml	13/03/2020 12:15:00 PM
IMARG202001169AR	BDPARBUE_20200313121501000527_01.xml	13/03/2020 12:15:13 PM
IMCHP202001015AR	BDPARBUE_20200313121514000528_01.xml	13/03/2020 12:15:26 PM
IMARG202001064AR	BDPARBUE_20200313121527000529_01.xml	13/03/2020 12:15:38 PM
EMARG202001075AR	BDPARBUE_20200313121539000530_01.xml	13/03/2020 12:15:49 PM
EMARG201912224AR	BDPARBUE_20200313121550000531_01.xml	13/03/2020 12:16:00 PM
EMARG202002169AR	BDPARBUE_20200313121601000532_01.xml	13/03/2020 12:16:14 PM
EOARG202002003AR	BDPARBUE_20200313121615000533_01.xml	13/03/2020 12:16:24 PM
IABRN202003001AR	BDPARBUE_20200313121625000534_01.xml	13/03/2020 12:16:32 PM
IMARG202002064AR	BDPARBUE_20200313121633000535_01.xml	13/03/2020 12:16:45 PM
EOARG201912219AR	BDPARBUE_20200313121646000536_01.xml	13/03/2020 12:16:55 PM
IMARG202001025AR	BDPARBUE_20200313121657000537_01.xml	13/03/2020 12:17:08 PM
EOARG202001009AR	BDPARBUE_20200313121709000538_01.xml	13/03/2020 12:17:19 PM
EOARG202001053AR	BDPARBUE_20200313121720000539_01.xml	13/03/2020 12:17:29 PM
IMARG201912078AR	BDPARBUE_20200313121730000540_01.xml	13/03/2020 12:17:41 PM
EOARG202003047AR	BDPARBUE_20200313121743000541_01.xml	13/03/2020 12:17:52 PM
EMARG202003078AR	BDPARBUE_20200313121753000542_01.xml	13/03/2020 12:18:05 PM
IMFLT202002017AR	BDPARBUE_20200313121806000543_01.xml	13/03/2020 12:18:12 PM
IMARG202001137AR	BDPARBUE_20200313121813000544_01.xml	13/03/2020 12:18:24 PM
EMARG202001158AR	BDPARBUE_20200313121825000545_01.xml	13/03/2020 12:18:35 PM
EMARG202001274AR	BDPARBUE_20200313121836000546_01.xml	13/03/2020 12:18:46 PM
IMARG202001072AR	BDPARBUE_20200313121848000547_01.xml	13/03/2020 12:18:59 PM
EOARG201912222AR	BDPARBUE_20200313121900000548_01.xml	13/03/2020 12:19:10 PM
EOARG202003071AR	BDPARBUE_20200313121911000549_01.xml	13/03/2020 12:19:20 PM
EMARG202001150AR	BDPARBUE_20200313121921000550_01.xml	13/03/2020 12:19:32 PM
EMARG202002179AR	BDPARBUE_20200313121933000551_01.xml	13/03/2020 12:19:43 PM
EOARG202001146AR	BDPARBUE_20200313121944000552_01.xml	13/03/2020 12:19:54 PM
EMARG202001069AR	BDPARBUE_20200313121955000553_01.xml	13/03/2020 12:20:05 PM
EOARG202002210AR	BDPARBUE_20200313122006000554_01.xml	13/03/2020 12:20:15 PM
EOARG202002088AR	BDPARBUE_20200313122017000555_01.xml	13/03/2020 12:20:26 PM
EMARG202002032AR	BDPARBUE_20200313122027000556_01.xml	13/03/2020 12:20:35 PM
EMARG202001223AR	BDPARBUE_20200313122036000557_01.xml	13/03/2020 12:20:46 PM
EOARG202002230AR	BDPARBUE_20200313122047000558_01.xml	13/03/2020 12:20:56 PM
EOARG202001021AR	BDPARBUE_20200313122057000559_01.xml	13/03/2020 12:21:07 PM
EMARG202002125AR	BDPARBUE_20200313122108000560_01.xml	13/03/2020 12:21:21 PM
EOARG202002173AR	BDPARBUE_20200313122122000561_01.xml	13/03/2020 12:21:33 PM
EMARG202002056AR	BDPARBUE_20200313122134000562_01.xml	13/03/2020 12:21:45 PM
EMARG202001294AR	BDPARBUE_20200313122146000563_01.xml	13/03/2020 12:21:58 PM
EOARG202001111AR	BDPARBUE_20200313122200000564_01.xml	13/03/2020 12:22:09 PM
IMARG202001168AR	BDPARBUE_20200313122210000565_01.xml	13/03/2020 12:22:22 PM
IMARG201912074AR	BDPARBUE_20200313122223000566_01.xml	13/03/2020 12:22:35 PM
EOARG202001172AR	BDPARBUE_20200313122236000567_01.xml	13/03/2020 12:22:46 PM
IMARG202002021AR	BDPARBUE_20200313122247000568_01.xml	13/03/2020 12:22:55 PM
EMARG202001101AR	BDPARBUE_20200313122256000569_01.xml	13/03/2020 12:23:07 PM
EMARG202002202AR	BDPARBUE_20200313122308000570_01.xml	13/03/2020 12:23:19 PM
EMARG202003062AR	BDPARBUE_20200313122320000571_01.xml	13/03/2020 12:23:32 PM
IMARG202001163AR	BDPARBUE_20200313122333000572_01.xml	13/03/2020 12:23:45 PM
EMARG202002240AR	BDPARBUE_20200313122346000573_01.xml	13/03/2020 12:23:58 PM
IMARG202001069AR	BDPARBUE_20200313122359000574_01.xml	13/03/2020 12:24:12 PM
EOARG202002048AR	BDPARBUE_20200313122413000575_01.xml	13/03/2020 12:24:22 PM
EMARG202002300AR	BDPARBUE_20200313122423000576_01.xml	13/03/2020 12:24:38 PM
EMARG202003044AR	BDPARBUE_20200313122439000577_01.xml	13/03/2020 12:24:52 PM
IMARG202001093AR	BDPARBUE_20200313122453000578_01.xml	13/03/2020 12:25:05 PM
EMARG202001278AR	BDPARBUE_20200313122506000579_01.xml	13/03/2020 12:25:16 PM
EOARG202002166AR	BDPARBUE_20200313122517000580_01.xml	13/03/2020 12:25:26 PM
EMARG202002237AR	BDPARBUE_20200313122527000581_01.xml	13/03/2020 12:25:40 PM
EOUNI202001010AR	BDPARBUE_20200313122541000582_01.xml	13/03/2020 12:25:50 PM
IMARG202001132AR	BDPARBUE_20200313122551000583_01.xml	13/03/2020 12:26:03 PM
EOARG202002198AR	BDPARBUE_20200313122604000584_01.xml	13/03/2020 12:26:13 PM
EOARG202001044AR	BDPARBUE_20200313122614000585_01.xml	13/03/2020 12:26:24 PM
EOARG202002085AR	BDPARBUE_20200313122625000586_01.xml	13/03/2020 12:26:34 PM
EOARG202002197AR	BDPARBUE_20200313122635000587_01.xml	13/03/2020 12:26:45 PM
EMARG202002101AR	BDPARBUE_20200313122646000588_01.xml	13/03/2020 12:26:59 PM
EOARG202002082AR	BDPARBUE_20200313122701000589_01.xml	13/03/2020 12:27:11 PM
EOARG202001200AR	BDPARBUE_20200313122712000590_01.xml	13/03/2020 12:27:22 PM
EMARG201912349AR	BDPARBUE_20200313122724000591_01.xml	13/03/2020 12:27:34 PM
EMARG202003068AR	BDPARBUE_20200313122735000592_01.xml	13/03/2020 12:27:47 PM
EOARG201912204AR	BDPARBUE_20200313122748000593_01.xml	13/03/2020 12:27:57 PM
EMARG202001039AR	BDPARBUE_20200313122759000594_01.xml	13/03/2020 12:28:09 PM
EMARG202002068AR	BDPARBUE_20200313122810000595_01.xml	13/03/2020 12:28:23 PM
EOARG202001004AR	BDPARBUE_20200313122824000596_01.xml	13/03/2020 12:28:34 PM
EOARG202002025AR	BDPARBUE_20200313122835000597_01.xml	13/03/2020 12:28:44 PM
EMARG202001153AR	BDPARBUE_20200313122845000598_01.xml	13/03/2020 12:28:56 PM
EMARG202001260AR	BDPARBUE_20200313122857000599_01.xml	13/03/2020 12:29:08 PM
EMARG202002176AR	BDPARBUE_20200313122909000600_01.xml	13/03/2020 12:29:22 PM
EOARG202001187AR	BDPARBUE_20200313122923000601_01.xml	13/03/2020 12:29:33 PM
EMUNI202002005AR	BDPARBUE_20200313122934000602_01.xml	13/03/2020 12:29:45 PM
EOUNI202001004AR	BDPARBUE_20200313122946000603_01.xml	13/03/2020 12:29:56 PM
EMARG202003007AR	BDPARBUE_20200313122957000604_01.xml	13/03/2020 12:30:14 PM
EOUNI202001032AR	BDPARBUE_20200313123015000605_01.xml	13/03/2020 12:30:27 PM
IMARG201912007AR	BDPARBUE_20200313123028000606_01.xml	13/03/2020 12:30:40 PM
EMARG202001236AR	BDPARBUE_20200313123041000607_01.xml	13/03/2020 12:30:53 PM
EOARG201912140AR	BDPARBUE_20200313123055000608_01.xml	13/03/2020 12:31:07 PM
EOARG202002128AR	BDPARBUE_20200313123109000609_01.xml	13/03/2020 12:31:19 PM
EMARG202002294AR	BDPARBUE_20200313123120000610_01.xml	13/03/2020 12:31:33 PM
IMARG202001097AR	BDPARBUE_20200313123134000611_01.xml	13/03/2020 12:31:49 PM
IMARG202001071AR	BDPARBUE_20200313123151000612_01.xml	13/03/2020 12:32:03 PM
EMARG202001350AR	BDPARBUE_20200313123204000613_01.xml	13/03/2020 12:32:18 PM
EOUNI202002016AR	BDPARBUE_20200313123219000614_01.xml	13/03/2020 12:32:28 PM
EOARG202002220AR	BDPARBUE_20200313123229000615_01.xml	13/03/2020 12:32:39 PM
IMARG202002001AR	BDPARBUE_20200313123240000616_01.xml	13/03/2020 12:32:52 PM
IMROA202001038AR	BDPARBUE_20200313123253000617_01.xml	13/03/2020 12:33:04 PM
EMARG202003048AR	BDPARBUE_20200313123305000618_01.xml	13/03/2020 12:33:19 PM
IMARG202001005AR	BDPARBUE_20200313123320000619_01.xml	13/03/2020 12:33:32 PM
EMARG202001108AR	BDPARBUE_20200313123333000620_01.xml	13/03/2020 12:33:43 PM
EMARG202002242AR	BDPARBUE_20200313123345000621_01.xml	13/03/2020 12:33:57 PM
EOARG202001158AR	BDPARBUE_20200313123358000622_01.xml	13/03/2020 12:34:08 PM
EMARG202001118AR	BDPARBUE_20200313123409000623_01.xml	13/03/2020 12:34:19 PM
EMARG202001243AR	BDPARBUE_20200313123420000624_01.xml	13/03/2020 12:34:30 PM
IOARG202001007AR	BDPARBUE_20200313123431000625_01.xml	13/03/2020 12:34:41 PM
IMARG202002046AR	BDPARBUE_20200313123442000626_01.xml	13/03/2020 12:34:53 PM
EOARG202001015AR	BDPARBUE_20200313123454000627_01.xml	13/03/2020 12:35:04 PM
EMARG202002143AR	BDPARBUE_20200313123505000628_01.xml	13/03/2020 12:35:18 PM
IAARG202001009AR	BDPARBUE_20200313123519000629_01.xml	13/03/2020 12:35:28 PM
EMARG202001204AR	BDPARBUE_20200313123529000630_01.xml	13/03/2020 12:35:40 PM
EMARG202002014AR	BDPARBUE_20200313123541000631_01.xml	13/03/2020 12:35:51 PM
IMARG202001109AR	BDPARBUE_20200313123552000632_01.xml	13/03/2020 12:36:03 PM
EMARG202001141AR	BDPARBUE_20200313123604000633_01.xml	13/03/2020 12:36:15 PM
EOARG202002050AR	BDPARBUE_20200313123616000634_01.xml	13/03/2020 12:36:25 PM
EOARG202001014AR	BDPARBUE_20200313123626000635_01.xml	13/03/2020 12:36:36 PM
EMUNI202002001AR	BDPARBUE_20200313123637000636_01.xml	13/03/2020 12:36:47 PM
EMARG202003019AR	BDPARBUE_20200313123648000637_01.xml	13/03/2020 12:37:01 PM
EMARG202002175AR	BDPARBUE_20200313123702000638_01.xml	13/03/2020 12:37:15 PM
EOROA202001008AR	BDPARBUE_20200313123716000639_01.xml	13/03/2020 12:37:25 PM
EOUNI202001022AR	BDPARBUE_20200313123726000640_01.xml	13/03/2020 12:37:36 PM
EOARG202001011AR	BDPARBUE_20200313123737000641_01.xml	13/03/2020 12:37:46 PM
EMARG202002245AR	BDPARBUE_20200313123748000642_01.xml	13/03/2020 12:37:58 PM
EMARG202001053AR	BDPARBUE_20200313123759000643_01.xml	13/03/2020 12:38:09 PM
EOUNI202001029AR	BDPARBUE_20200313123810000644_01.xml	13/03/2020 12:38:20 PM
EMARG202003079AR	BDPARBUE_20200313123821000645_01.xml	13/03/2020 12:38:34 PM
EMARG202002201AR	BDPARBUE_20200313123835000646_01.xml	13/03/2020 12:38:47 PM
EMARG202001138AR	BDPARBUE_20200313123848000647_01.xml	13/03/2020 12:38:58 PM
IMARG202001040AR	BDPARBUE_20200313123859000648_01.xml	13/03/2020 12:39:11 PM
EMARG202001096AR	BDPARBUE_20200313123912000649_01.xml	13/03/2020 12:39:23 PM
EMARG202003087AR	BDPARBUE_20200313123924000650_01.xml	13/03/2020 12:39:36 PM
EMARG202001072AR	BDPARBUE_20200313123937000651_01.xml	13/03/2020 12:39:47 PM
EMARG202001188AR	BDPARBUE_20200313123948000652_01.xml	13/03/2020 12:39:58 PM
EOARG202002225AR	BDPARBUE_20200313123959000653_01.xml	13/03/2020 12:40:09 PM
EMARG202001074AR	BDPARBUE_20200313124010000654_01.xml	13/03/2020 12:40:20 PM
EOUNI202002020AR	BDPARBUE_20200313124021000655_01.xml	13/03/2020 12:40:31 PM
IMARG202001031AR	BDPARBUE_20200313124032000656_01.xml	13/03/2020 12:40:44 PM
EOARG202002105AR	BDPARBUE_20200313124045000657_01.xml	13/03/2020 12:40:56 PM
IMARG202001002AR	BDPARBUE_20200313124057000658_01.xml	13/03/2020 12:41:11 PM
IOARG202002005AR	BDPARBUE_20200313124112000659_01.xml	13/03/2020 12:41:23 PM
IMROA201911044AR	BDPARBUE_20200313124124000660_01.xml	13/03/2020 12:41:36 PM
EMARG202001089AR	BDPARBUE_20200313124137000661_01.xml	13/03/2020 12:41:48 PM
EOARG202001155AR	BDPARBUE_20200313124149000662_01.xml	13/03/2020 12:42:00 PM
EOARG202001180AR	BDPARBUE_20200313124201000663_01.xml	13/03/2020 12:42:11 PM
IMARG202002068AR	BDPARBUE_20200313124212000664_01.xml	13/03/2020 12:42:25 PM
EMARG202002281AR	BDPARBUE_20200313124226000665_01.xml	13/03/2020 12:42:39 PM
IAARG202002003AR	BDPARBUE_20200313124240000666_01.xml	13/03/2020 12:42:51 PM
EOARG202002137AR	BDPARBUE_20200313124252000667_01.xml	13/03/2020 12:43:01 PM
EOARG202003029AR	BDPARBUE_20200313124302000668_01.xml	13/03/2020 12:43:12 PM
EOARG202001239AR	BDPARBUE_20200313124313000669_01.xml	13/03/2020 12:43:22 PM
EMARG202003003AR	BDPARBUE_20200313124323000670_01.xml	13/03/2020 12:43:36 PM
IMPME202002003AR	BDPARBUE_20200313124337000671_01.xml	13/03/2020 12:43:48 PM
EOUNI202002027AR	BDPARBUE_20200313124349000672_01.xml	13/03/2020 12:43:58 PM
EOARG202003066AR	BDPARBUE_20200313124359000673_01.xml	13/03/2020 12:44:08 PM
EOARG202001101AR	BDPARBUE_20200313124409000674_01.xml	13/03/2020 12:44:19 PM
IMARG202001140AR	BDPARBUE_20200313124420000675_01.xml	13/03/2020 12:44:31 PM
EOARG202001076AR	BDPARBUE_20200313124432000676_01.xml	13/03/2020 12:44:42 PM
EOARG202002126AR	BDPARBUE_20200313124443000677_01.xml	13/03/2020 12:44:53 PM
EMARG202002227AR	BDPARBUE_20200313124454000678_01.xml	13/03/2020 12:45:07 PM
EMARG202001032AR	BDPARBUE_20200313124508000679_01.xml	13/03/2020 12:45:18 PM
EOARG202002135AR	BDPARBUE_20200313124520000680_01.xml	13/03/2020 12:45:29 PM
EOARG202003049AR	BDPARBUE_20200313124530000681_01.xml	13/03/2020 12:45:40 PM
EMARG202003017AR	BDPARBUE_20200313124541000682_01.xml	13/03/2020 12:45:54 PM
EMARG202002283AR	BDPARBUE_20200313124555000683_01.xml	13/03/2020 12:46:08 PM
EOARG202001012AR	BDPARBUE_20200313124609000684_01.xml	13/03/2020 12:46:18 PM
EOARG202001118AR	BDPARBUE_20200313124619000685_01.xml	13/03/2020 12:46:29 PM
IMARG202001033AR	BDPARBUE_20200313124630000686_01.xml	13/03/2020 12:46:41 PM
EOUNI202001015AR	BDPARBUE_20200313124642000687_01.xml	13/03/2020 12:46:52 PM
EOARG202001059AR	BDPARBUE_20200313124653000688_01.xml	13/03/2020 12:47:02 PM
EOARG202002170AR	BDPARBUE_20200313124703000689_01.xml	13/03/2020 12:47:13 PM
IAARG202001006AR	BDPARBUE_20200313124714000690_01.xml	13/03/2020 12:47:23 PM
IMARG202002067AR	BDPARBUE_20200313124724000691_01.xml	13/03/2020 12:47:35 PM
EOARG202003026AR	BDPARBUE_20200313124736000692_01.xml	13/03/2020 12:47:46 PM
EOARG202002024AR	BDPARBUE_20200313124747000693_01.xml	13/03/2020 12:47:56 PM
IMARG202001165AR	BDPARBUE_20200313124757000694_01.xml	13/03/2020 12:48:09 PM
EOARG202001045AR	BDPARBUE_20200313124810000695_01.xml	13/03/2020 12:48:19 PM
IMROA202001024AR	BDPARBUE_20200313124820000696_01.xml	13/03/2020 12:48:31 PM
EOARG202003051AR	BDPARBUE_20200313124833000697_01.xml	13/03/2020 12:48:42 PM
EOARG202002086AR	BDPARBUE_20200313124843000698_01.xml	13/03/2020 12:48:52 PM
IMARG202002002AR	BDPARBUE_20200313124853000699_01.xml	13/03/2020 12:49:05 PM
EMARG202003027AR	BDPARBUE_20200313124906000700_01.xml	13/03/2020 12:49:22 PM
EOARG202002169AR	BDPARBUE_20200313124923000701_01.xml	13/03/2020 12:49:32 PM
EMARG202003072AR	BDPARBUE_20200313124933000702_01.xml	13/03/2020 12:49:45 PM
EMARG202001337AR	BDPARBUE_20200313124946000703_01.xml	13/03/2020 12:49:59 PM
EOARG202001061AR	BDPARBUE_20200313125000000704_01.xml	13/03/2020 12:50:09 PM
EOARG202001122AR	BDPARBUE_20200313125010000705_01.xml	13/03/2020 12:50:20 PM
IMROA201911033AR	BDPARBUE_20200313125021000706_01.xml	13/03/2020 12:50:32 PM
EOARG202001253AR	BDPARBUE_20200313125033000707_01.xml	13/03/2020 12:50:43 PM
EOARG202001205AR	BDPARBUE_20200313125044000708_01.xml	13/03/2020 12:50:53 PM
EOARG202001023AR	BDPARBUE_20200313125054000709_01.xml	13/03/2020 12:51:06 PM
IMARG202001152AR	BDPARBUE_20200313125107000710_01.xml	13/03/2020 12:51:19 PM
IMARG202002083AR	BDPARBUE_20200313125120000711_01.xml	13/03/2020 12:51:27 PM
EOARG202002180AR	BDPARBUE_20200313125128000712_01.xml	13/03/2020 12:51:38 PM
IMARG202001034AR	BDPARBUE_20200313125139000713_01.xml	13/03/2020 12:51:52 PM
IMARG201911037AR	BDPARBUE_20200313125153000714_01.xml	13/03/2020 12:52:05 PM
EOARG202002022AR	BDPARBUE_20200313125206000715_01.xml	13/03/2020 12:52:16 PM
EMARG202002284AR	BDPARBUE_20200313125217000716_01.xml	13/03/2020 12:52:30 PM
EMARG202002167AR	BDPARBUE_20200313125231000717_01.xml	13/03/2020 12:52:44 PM
EMARG202001353AR	BDPARBUE_20200313125245000718_01.xml	13/03/2020 12:52:56 PM
EOARG202001096AR	BDPARBUE_20200313125257000719_01.xml	13/03/2020 12:53:07 PM
IAARG202001002AR	BDPARBUE_20200313125308000720_01.xml	13/03/2020 12:53:17 PM
EOUNI202002040AR	BDPARBUE_20200313125318000721_01.xml	13/03/2020 12:53:27 PM
IMARG202001021AR	BDPARBUE_20200313125328000722_01.xml	13/03/2020 12:53:40 PM
EOARG202001037AR	BDPARBUE_20200313125341000723_01.xml	13/03/2020 12:53:51 PM
EOARG202001033AR	BDPARBUE_20200313125352000724_01.xml	13/03/2020 12:54:03 PM
EMARG202001190AR	BDPARBUE_20200313125404000725_01.xml	13/03/2020 12:54:14 PM
EMARG202001125AR	BDPARBUE_20200313125415000726_01.xml	13/03/2020 12:54:25 PM
IOARG202001011AR	BDPARBUE_20200313125426000727_01.xml	13/03/2020 12:54:41 PM
EMARG202002236AR	BDPARBUE_20200313125442000728_01.xml	13/03/2020 12:54:54 PM
EMARG202002132AR	BDPARBUE_20200313125455000729_01.xml	13/03/2020 12:55:08 PM
EOARG202002249AR	BDPARBUE_20200313125509000730_01.xml	13/03/2020 12:55:19 PM
EOARG202003006AR	BDPARBUE_20200313125520000731_01.xml	13/03/2020 12:55:29 PM
IMARG202001048AR	BDPARBUE_20200313125530000732_01.xml	13/03/2020 12:55:42 PM
EOARG202002054AR	BDPARBUE_20200313125543000733_01.xml	13/03/2020 12:55:54 PM
EOARG202002194AR	BDPARBUE_20200313125555000734_01.xml	13/03/2020 12:56:04 PM
EOUNI202002005AR	BDPARBUE_20200313125605000735_01.xml	13/03/2020 12:56:15 PM
IOARG202002004AR	BDPARBUE_20200313125616000736_01.xml	13/03/2020 12:56:25 PM
EMARG202002180AR	BDPARBUE_20200313125626000737_01.xml	13/03/2020 12:56:36 PM
EMARG202002165AR	BDPARBUE_20200313125637000738_01.xml	13/03/2020 12:56:50 PM
EMARG202002206AR	BDPARBUE_20200313125651000739_01.xml	13/03/2020 12:57:04 PM
EMARG202001071AR	BDPARBUE_20200313125705000740_01.xml	13/03/2020 12:57:15 PM
EMARG202002024AR	BDPARBUE_20200313125716000741_01.xml	13/03/2020 12:57:27 PM
IMCHP202001012AR	BDPARBUE_20200313125728000742_01.xml	13/03/2020 12:57:39 PM
IMARG202001089AR	BDPARBUE_20200313125740000743_01.xml	13/03/2020 12:57:54 PM
EOARG202002125AR	BDPARBUE_20200313125755000744_01.xml	13/03/2020 12:58:05 PM
EOARG202003007AR	BDPARBUE_20200313125806000745_01.xml	13/03/2020 12:58:16 PM
IMARG202001088AR	BDPARBUE_20200313125817000746_01.xml	13/03/2020 12:58:30 PM
IMARG202002011AR	BDPARBUE_20200313125831000747_01.xml	13/03/2020 12:58:42 PM
EMARG202002029AR	BDPARBUE_20200313125843000748_01.xml	13/03/2020 12:58:54 PM
EOARG202002129AR	BDPARBUE_20200313125855000749_01.xml	13/03/2020 12:59:04 PM
EOARG202002059AR	BDPARBUE_20200313125905000750_01.xml	13/03/2020 12:59:15 PM
EMARG202002093AR	BDPARBUE_20200313125916000751_01.xml	13/03/2020 12:59:26 PM
EOARG202003014AR	BDPARBUE_20200313125927000752_01.xml	13/03/2020 12:59:36 PM
IMROA202001058AR	BDPARBUE_20200313125938000753_01.xml	13/03/2020 12:59:49 PM
IMARG202003027AR	BDPARBUE_20200313125950000754_01.xml	13/03/2020 1:00:04 PM
EOARG202002234AR	BDPARBUE_20200313130005000755_01.xml	13/03/2020 1:00:17 PM
EOARG202003011AR	BDPARBUE_20200313130018000756_01.xml	13/03/2020 1:00:29 PM
EOARG202001148AR	BDPARBUE_20200313130031000757_01.xml	13/03/2020 1:00:44 PM
IAROA202001001AR	BDPARBUE_20200313130045000758_01.xml	13/03/2020 1:00:54 PM
EMARG202002221AR	BDPARBUE_20200313130055000759_01.xml	13/03/2020 1:01:10 PM
EOARG202002071AR	BDPARBUE_20200313130112000760_01.xml	13/03/2020 1:01:25 PM
IMARG201912070AR	BDPARBUE_20200313130127000761_01.xml	13/03/2020 1:01:43 PM
EMARG202002301AR	BDPARBUE_20200313130145000762_01.xml	13/03/2020 1:02:08 PM
EOARG202001208AR	BDPARBUE_20200313130209000763_01.xml	13/03/2020 1:02:23 PM
EOARG202002238AR	BDPARBUE_20200313130224000764_01.xml	13/03/2020 1:02:38 PM
EMUNI202002002AR	BDPARBUE_20200313130239000765_01.xml	13/03/2020 1:02:53 PM
EMARG202001344AR	BDPARBUE_20200313130254000766_01.xml	13/03/2020 1:03:09 PM
EOARG202001212AR	BDPARBUE_20200313130310000767_01.xml	13/03/2020 1:03:24 PM
IMARG202001042AR	BDPARBUE_20200313130325000768_01.xml	13/03/2020 1:03:43 PM
EMARG202002020AR	BDPARBUE_20200313130345000769_01.xml	13/03/2020 1:04:00 PM
EOUNI202002015AR	BDPARBUE_20200313130401000770_01.xml	13/03/2020 1:04:14 PM
EMARG202002088AR	BDPARBUE_20200313130415000771_01.xml	13/03/2020 1:04:31 PM
EMARG202002091AR	BDPARBUE_20200313130432000772_01.xml	13/03/2020 1:04:47 PM
EMARG202002153AR	BDPARBUE_20200313130448000773_01.xml	13/03/2020 1:05:06 PM
IMARG202001027AR	BDPARBUE_20200313130508000774_01.xml	13/03/2020 1:05:24 PM
EMARG202001129AR	BDPARBUE_20200313130525000775_01.xml	13/03/2020 1:05:39 PM
IMARG202002004AR	BDPARBUE_20200313130540000776_01.xml	13/03/2020 1:05:56 PM
EMARG202001171AR	BDPARBUE_20200313130557000777_01.xml	13/03/2020 1:06:11 PM
EMARG202001163AR	BDPARBUE_20200313130613000778_01.xml	13/03/2020 1:06:27 PM
EOARG202001107AR	BDPARBUE_20200313130628000779_01.xml	13/03/2020 1:06:41 PM
IMPME202002004AR	BDPARBUE_20200313130642000780_01.xml	13/03/2020 1:06:57 PM
EMARG202002007AR	BDPARBUE_20200313130659000781_01.xml	13/03/2020 1:07:17 PM
EOARG202002143AR	BDPARBUE_20200313130718000782_01.xml	13/03/2020 1:07:30 PM
EMARG202002299AR	BDPARBUE_20200313130731000783_01.xml	13/03/2020 1:07:52 PM
EMARG202002208AR	BDPARBUE_20200313130753000784_01.xml	13/03/2020 1:08:06 PM
IAARG202002008AR	BDPARBUE_20200313130807000785_01.xml	13/03/2020 1:08:23 PM
EOUNI202002008AR	BDPARBUE_20200313130824000786_01.xml	13/03/2020 1:08:34 PM
EMARG202002174AR	BDPARBUE_20200313130835000787_01.xml	13/03/2020 1:08:48 PM
EOUNI202003006AR	BDPARBUE_20200313130849000788_01.xml	13/03/2020 1:08:58 PM
EOARG202001215AR	BDPARBUE_20200313130859000789_01.xml	13/03/2020 1:09:09 PM
IMARG202002013AR	BDPARBUE_20200313130910000790_01.xml	13/03/2020 1:09:24 PM
EOARG202002065AR	BDPARBUE_20200313130925000791_01.xml	13/03/2020 1:09:34 PM
EMARG202001209AR	BDPARBUE_20200313130935000792_01.xml	13/03/2020 1:09:45 PM
EMARG202001054AR	BDPARBUE_20200313130946000793_01.xml	13/03/2020 1:09:57 PM
IOARG202002010AR	BDPARBUE_20200313130958000794_01.xml	13/03/2020 1:10:09 PM
IMARG202001053AR	BDPARBUE_20200313131010000795_01.xml	13/03/2020 1:10:23 PM
EMARG202002023AR	BDPARBUE_20200313131024000796_01.xml	13/03/2020 1:10:37 PM
IMPME202002002AR	BDPARBUE_20200313131038000797_01.xml	13/03/2020 1:10:49 PM
EMARG202002046AR	BDPARBUE_20200313131050000798_01.xml	13/03/2020 1:11:01 PM
EOARG202001197AR	BDPARBUE_20200313131102000799_01.xml	13/03/2020 1:11:12 PM
EOARG202001250AR	BDPARBUE_20200313131113000800_01.xml	13/03/2020 1:11:23 PM
EOARG202002080AR	BDPARBUE_20200313131124000801_01.xml	13/03/2020 1:11:33 PM
EOARG202002116AR	BDPARBUE_20200313131134000802_01.xml	13/03/2020 1:11:43 PM
EMARG202002061AR	BDPARBUE_20200313131144000803_01.xml	13/03/2020 1:11:58 PM
EOARG202002144AR	BDPARBUE_20200313131159000804_01.xml	13/03/2020 1:12:09 PM
IMARG202001138AR	BDPARBUE_20200313131210000805_01.xml	13/03/2020 1:12:21 PM
IAARG202001005AR	BDPARBUE_20200313131223000806_01.xml	13/03/2020 1:12:31 PM
EOARG202001019AR	BDPARBUE_20200313131232000807_01.xml	13/03/2020 1:12:41 PM
EMARG202002106AR	BDPARBUE_20200313131242000808_01.xml	13/03/2020 1:12:53 PM
EOARG202002074AR	BDPARBUE_20200313131254000809_01.xml	13/03/2020 1:13:03 PM
EOUNI202002004AR	BDPARBUE_20200313131304000810_01.xml	13/03/2020 1:13:13 PM
EMARG202002064AR	BDPARBUE_20200313131314000811_01.xml	13/03/2020 1:13:27 PM
IMARG201912096AR	BDPARBUE_20200313131328000812_01.xml	13/03/2020 1:13:36 PM
IMARG202001073AR	BDPARBUE_20200313131337000813_01.xml	13/03/2020 1:13:48 PM
EMARG202002229AR	BDPARBUE_20200313131349000814_01.xml	13/03/2020 1:14:02 PM
EOARG202001062AR	BDPARBUE_20200313131403000815_01.xml	13/03/2020 1:14:13 PM
EMARG202001182AR	BDPARBUE_20200313131414000816_01.xml	13/03/2020 1:14:24 PM
EMARG202001251AR	BDPARBUE_20200313131425000817_01.xml	13/03/2020 1:14:35 PM
IMARG202001110AR	BDPARBUE_20200313131436000818_01.xml	13/03/2020 1:14:48 PM
EMARG202003040AR	BDPARBUE_20200313131449000819_01.xml	13/03/2020 1:15:00 PM
EOARG202003042AR	BDPARBUE_20200313131501000820_01.xml	13/03/2020 1:15:11 PM
IMARG202001083AR	BDPARBUE_20200313131512000821_01.xml	13/03/2020 1:15:23 PM
EMARG202002136AR	BDPARBUE_20200313131524000822_01.xml	13/03/2020 1:15:37 PM
EMARG202001084AR	BDPARBUE_20200313131538000823_01.xml	13/03/2020 1:15:48 PM
IMROA202001009AR	BDPARBUE_20200313131549000824_01.xml	13/03/2020 1:16:01 PM
IOARG202002001AR	BDPARBUE_20200313131602000825_01.xml	13/03/2020 1:16:13 PM
EOCHP202002001AR	BDPARBUE_20200313131614000826_01.xml	13/03/2020 1:16:24 PM
IMARG202001070AR	BDPARBUE_20200313131625000827_01.xml	13/03/2020 1:16:37 PM
IMROA202002024AR	BDPARBUE_20200313131638000828_01.xml	13/03/2020 1:16:49 PM
EMARG202001275AR	BDPARBUE_20200313131650000829_01.xml	13/03/2020 1:17:00 PM
EOARG202001133AR	BDPARBUE_20200313131701000830_01.xml	13/03/2020 1:17:11 PM
EOARG202001142AR	BDPARBUE_20200313131712000831_01.xml	13/03/2020 1:17:21 PM
IMARG202001112AR	BDPARBUE_20200313131722000832_01.xml	13/03/2020 1:17:35 PM
IAARG202002001AR	BDPARBUE_20200313131737000833_01.xml	13/03/2020 1:17:46 PM
IMARG202001167AR	BDPARBUE_20200313131747000834_01.xml	13/03/2020 1:17:58 PM
EMARG202002013AR	BDPARBUE_20200313131759000835_01.xml	13/03/2020 1:18:12 PM
EMARG202003061AR	BDPARBUE_20200313131813000836_01.xml	13/03/2020 1:18:24 PM
EOARG202003054AR	BDPARBUE_20200313131825000837_01.xml	13/03/2020 1:18:35 PM
IMARG202001056AR	BDPARBUE_20200313131836000838_01.xml	13/03/2020 1:18:47 PM
EOARG202001232AR	BDPARBUE_20200313131848000839_01.xml	13/03/2020 1:18:58 PM
EMARG202002145AR	BDPARBUE_20200313131859000840_01.xml	13/03/2020 1:19:09 PM
EMARG202002126AR	BDPARBUE_20200313131910000841_01.xml	13/03/2020 1:19:23 PM
EOARG202002055AR	BDPARBUE_20200313131924000842_01.xml	13/03/2020 1:19:33 PM
EOARG202002195AR	BDPARBUE_20200313131935000843_01.xml	13/03/2020 1:19:44 PM
IMARG202002076AR	BDPARBUE_20200313131945000844_01.xml	13/03/2020 1:19:56 PM
EMARG202002250AR	BDPARBUE_20200313131957000845_01.xml	13/03/2020 1:20:10 PM
EOARG202002184AR	BDPARBUE_20200313132012000846_01.xml	13/03/2020 1:20:21 PM
IMROA201912004AR	BDPARBUE_20200313132022000847_01.xml	13/03/2020 1:20:34 PM
EOARG202001121AR	BDPARBUE_20200313132035000848_01.xml	13/03/2020 1:20:44 PM
EMARG202002074AR	BDPARBUE_20200313132045000849_01.xml	13/03/2020 1:20:58 PM
IMARG202002086AR	BDPARBUE_20200313132059000850_01.xml	13/03/2020 1:21:10 PM
EMARG202001181AR	BDPARBUE_20200313132111000851_01.xml	13/03/2020 1:21:22 PM
EOARG202002245AR	BDPARBUE_20200313132123000852_01.xml	13/03/2020 1:21:32 PM
EMARG202001273AR	BDPARBUE_20200313132133000853_01.xml	13/03/2020 1:21:43 PM
EMARG202001298AR	BDPARBUE_20200313132144000854_01.xml	13/03/2020 1:21:55 PM
IMARG202001125AR	BDPARBUE_20200313132156000855_01.xml	13/03/2020 1:22:08 PM
EMARG202001332AR	BDPARBUE_20200313132209000856_01.xml	13/03/2020 1:22:22 PM
EMARG202001179AR	BDPARBUE_20200313132223000857_01.xml	13/03/2020 1:22:33 PM
EMARG202001324AR	BDPARBUE_20200313132234000858_01.xml	13/03/2020 1:22:44 PM
EOARG202003065AR	BDPARBUE_20200313132245000859_01.xml	13/03/2020 1:22:55 PM
IMARG202002071AR	BDPARBUE_20200313132256000860_01.xml	13/03/2020 1:23:09 PM
EOARG202003068AR	BDPARBUE_20200313132310000861_01.xml	13/03/2020 1:23:20 PM
IMARG202002026AR	BDPARBUE_20200313132321000862_01.xml	13/03/2020 1:23:33 PM
EOARG202001006AR	BDPARBUE_20200313132334000863_01.xml	13/03/2020 1:23:44 PM
EOUNI202002026AR	BDPARBUE_20200313132345000864_01.xml	13/03/2020 1:23:54 PM
EMARG202001328AR	BDPARBUE_20200313132355000865_01.xml	13/03/2020 1:24:05 PM
IMARG202002005AR	BDPARBUE_20200313132406000866_01.xml	13/03/2020 1:24:19 PM
EMARG202003067AR	BDPARBUE_20200313132421000867_01.xml	13/03/2020 1:24:33 PM
EOARG202002066AR	BDPARBUE_20200313132434000868_01.xml	13/03/2020 1:24:43 PM
IMARG202001106AR	BDPARBUE_20200313132444000869_01.xml	13/03/2020 1:24:56 PM
IMROA202001023AR	BDPARBUE_20200313132457000870_01.xml	13/03/2020 1:25:08 PM
IMARG202001024AR	BDPARBUE_20200313132509000871_01.xml	13/03/2020 1:25:22 PM
EOARG202002164AR	BDPARBUE_20200313132524000872_01.xml	13/03/2020 1:25:33 PM
EOUNI202001037AR	BDPARBUE_20200313132534000873_01.xml	13/03/2020 1:25:43 PM
EOUNI202002007AR	BDPARBUE_20200313132544000874_01.xml	13/03/2020 1:25:53 PM
EMARG202001343AR	BDPARBUE_20200313132554000875_01.xml	13/03/2020 1:26:04 PM
IAARG202001004AR	BDPARBUE_20200313132605000876_01.xml	13/03/2020 1:26:14 PM
EOARG202002207AR	BDPARBUE_20200313132615000877_01.xml	13/03/2020 1:26:25 PM
EMARG202001340AR	BDPARBUE_20200313132626000878_01.xml	13/03/2020 1:26:36 PM
EMARG202001212AR	BDPARBUE_20200313132637000879_01.xml	13/03/2020 1:26:47 PM
EMARG202002270AR	BDPARBUE_20200313132648000880_01.xml	13/03/2020 1:27:00 PM
EMARG202002054AR	BDPARBUE_20200313132702000881_01.xml	13/03/2020 1:27:14 PM
IMROA202001002AR	BDPARBUE_20200313132715000882_01.xml	13/03/2020 1:27:26 PM
EOARG202002037AR	BDPARBUE_20200313132727000883_01.xml	13/03/2020 1:27:37 PM
EOARG202001159AR	BDPARBUE_20200313132738000884_01.xml	13/03/2020 1:27:47 PM
EOARG202001220AR	BDPARBUE_20200313132748000885_01.xml	13/03/2020 1:27:58 PM
EMARG202002087AR	BDPARBUE_20200313132759000886_01.xml	13/03/2020 1:28:11 PM
EMARG201912240AR	BDPARBUE_20200313132812000887_01.xml	13/03/2020 1:28:22 PM
EMARG202002187AR	BDPARBUE_20200313132823000888_01.xml	13/03/2020 1:28:33 PM
EMARG202001271AR	BDPARBUE_20200313132834000889_01.xml	13/03/2020 1:28:45 PM
EOARG202001256AR	BDPARBUE_20200313132846000890_01.xml	13/03/2020 1:28:55 PM
IMARG202002058AR	BDPARBUE_20200313132856000891_01.xml	13/03/2020 1:29:08 PM
IMROA202001029AR	BDPARBUE_20200313132909000892_01.xml	13/03/2020 1:29:20 PM
EMARG202002005AR	BDPARBUE_20200313132921000893_01.xml	13/03/2020 1:29:33 PM
EOARG202002240AR	BDPARBUE_20200313132934000894_01.xml	13/03/2020 1:29:44 PM
EOARG202002091AR	BDPARBUE_20200313132945000895_01.xml	13/03/2020 1:29:54 PM
IMARG202002072AR	BDPARBUE_20200313132955000896_01.xml	13/03/2020 1:30:09 PM
IOARG202002002AR	BDPARBUE_20200313133010000897_01.xml	13/03/2020 1:30:18 PM
EMARG202002209AR	BDPARBUE_20200313133020000898_01.xml	13/03/2020 1:30:30 PM
EOARG202001225AR	BDPARBUE_20200313133031000899_01.xml	13/03/2020 1:30:40 PM
EOARG202002154AR	BDPARBUE_20200313133041000900_01.xml	13/03/2020 1:30:50 PM
EOARG202001167AR	BDPARBUE_20200313133051000901_01.xml	13/03/2020 1:31:01 PM
EMARG202001127AR	BDPARBUE_20200313133102000902_01.xml	13/03/2020 1:31:12 PM
EMARG202001011AR	BDPARBUE_20200313133113000903_01.xml	13/03/2020 1:31:23 PM
IAARG202003002AR	BDPARBUE_20200313133124000904_01.xml	13/03/2020 1:31:31 PM
EMARG202001269AR	BDPARBUE_20200313133132000905_01.xml	13/03/2020 1:31:42 PM
EMARG202002030AR	BDPARBUE_20200313133143000906_01.xml	13/03/2020 1:31:55 PM
EOARG202002243AR	BDPARBUE_20200313133156000907_01.xml	13/03/2020 1:32:07 PM
IMROA202002022AR	BDPARBUE_20200313133208000908_01.xml	13/03/2020 1:32:19 PM
IMARG201912076AR	BDPARBUE_20200313133220000909_01.xml	13/03/2020 1:32:32 PM
IMARG202001145AR	BDPARBUE_20200313133233000910_01.xml	13/03/2020 1:32:44 PM
EOUNI201912008AR	BDPARBUE_20200313133245000911_01.xml	13/03/2020 1:32:54 PM
EMARG202001155AR	BDPARBUE_20200313133256000912_01.xml	13/03/2020 1:33:06 PM
IMARG202001116AR	BDPARBUE_20200313133307000913_01.xml	13/03/2020 1:33:20 PM
EOARG202001127AR	BDPARBUE_20200313133321000914_01.xml	13/03/2020 1:33:31 PM
EMARG202001296AR	BDPARBUE_20200313133332000915_01.xml	13/03/2020 1:33:42 PM
IOSOL202002001AR	BDPARBUE_20200313133343000916_01.xml	13/03/2020 1:33:50 PM
IMROA202001055AR	BDPARBUE_20200313133351000917_01.xml	13/03/2020 1:34:02 PM
IMROA201910009AR	BDPARBUE_20200313133403000918_01.xml	13/03/2020 1:34:14 PM
EMARG202003115AR	BDPARBUE_20200313133415000919_01.xml	13/03/2020 1:34:25 PM
EMARG202003116AR	BDPARBUE_20200313133426000920_01.xml	13/03/2020 1:34:36 PM
EMARG202003117AR	BDPARBUE_20200313133437000921_01.xml	13/03/2020 1:34:46 PM
EMARG202003118AR	BDPARBUE_20200313133448000922_01.xml	13/03/2020 1:34:57 PM
EMARG202003119AR	BDPARBUE_20200313133458000923_01.xml	13/03/2020 1:35:08 PM
EMARG202003120AR	BDPARBUE_20200313133509000924_01.xml	13/03/2020 1:35:19 PM
EMARG202003121AR	BDPARBUE_20200313133520000925_01.xml	13/03/2020 1:35:30 PM
EMARG202003122AR	BDPARBUE_20200313133531000926_01.xml	13/03/2020 1:35:40 PM
EMARG202003123AR	BDPARBUE_20200313133541000927_01.xml	13/03/2020 1:35:51 PM
EMARG202003124AR	BDPARBUE_20200313133552000928_01.xml	13/03/2020 1:36:02 PM
EMARG202003125AR	BDPARBUE_20200313133603000929_01.xml	13/03/2020 1:36:13 PM
EMARG202003126AR	BDPARBUE_20200313133614000930_01.xml	13/03/2020 1:36:24 PM
EMARG202003127AR	BDPARBUE_20200313133625000931_01.xml	13/03/2020 1:36:34 PM
EOARG202003090AR	BDPARBUE_20200313133635000932_01.xml	13/03/2020 1:36:45 PM
EOARG202003074AR	BDPARBUE_20200313133646000933_01.xml	13/03/2020 1:36:55 PM
IMARG202003059AR	BDPARBUE_20200313133656000934_01.xml	13/03/2020 1:37:09 PM
IMARG202003058AR	BDPARBUE_20200313133710000935_01.xml	13/03/2020 1:37:23 PM
IMFLT202002099AR	BDPARBUE_20200313133724000936_01.xml	13/03/2020 1:37:33 PM
IMFLT202002097AR	BDPARBUE_20200313133734000937_01.xml	13/03/2020 1:37:43 PM
EOROA202003004AR	BDPARBUE_20200313133744000938_01.xml	13/03/2020 1:37:53 PM
EMARG202003128AR	BDPARBUE_20200313133754000939_01.xml	13/03/2020 1:38:01 PM
EOROA202003005AR	BDPARBUE_20200313133803000940_01.xml	13/03/2020 1:38:11 PM
EOROA202003006AR	BDPARBUE_20200313133813000941_01.xml	13/03/2020 1:38:21 PM
IMARG202003069AR	BDPARBUE_20200313133823000942_01.xml	13/03/2020 1:38:33 PM
IMROA202003023AR	BDPARBUE_20200313133834000943_01.xml	13/03/2020 1:38:45 PM
EOARG202003091AR	BDPARBUE_20200313133846000944_01.xml	13/03/2020 1:38:55 PM
EMFLT202002022AR	BDPARBUE_20200313133856000945_01.xml	13/03/2020 1:39:04 PM
IMROA202003024AR	BDPARBUE_20200313133905000946_01.xml	13/03/2020 1:39:15 PM
EMFLT202002018AR	BDPARBUE_20200313133916000947_01.xml	13/03/2020 1:39:22 PM
IMROA202003025AR	BDPARBUE_20200313133923000948_01.xml	13/03/2020 1:39:34 PM
EOUNI202003019AR	BDPARBUE_20200313133935000949_01.xml	13/03/2020 1:39:44 PM
IMROA202003026AR	BDPARBUE_20200313133945000950_01.xml	13/03/2020 1:39:55 PM
IMROA202003027AR	BDPARBUE_20200313133956000951_01.xml	13/03/2020 1:40:07 PM
IMROA202003028AR	BDPARBUE_20200313134008000952_01.xml	13/03/2020 1:40:18 PM
IMFLT202002065AR	BDPARBUE_20200313134020000953_01.xml	13/03/2020 1:40:26 PM
IMFLT202002069AR	BDPARBUE_20200313134027000954_01.xml	13/03/2020 1:40:33 PM
EOARG202003092AR	BDPARBUE_20200313134034000955_01.xml	13/03/2020 1:40:43 PM
EOUNI202003020AR	BDPARBUE_20200313134044000956_01.xml	13/03/2020 1:40:53 PM
IMFLT202002066AR	BDPARBUE_20200313134054000957_01.xml	13/03/2020 1:40:59 PM
EMARG201912121AR	BDPARBUE_20200313134100000958_01.xml	13/03/2020 1:41:11 PM
EMARG202003111AR	BDPARBUE_20200313134112000959_01.xml	13/03/2020 1:41:21 PM
IMFLT202002101AR	BDPARBUE_20200313134123000960_01.xml	13/03/2020 1:41:28 PM
IMARG202003046AR	BDPARBUE_20200313134129000961_01.xml	13/03/2020 1:41:40 PM
EMVTP202003001AR	BDPARBUE_20200313134141000962_01.xml	13/03/2020 1:41:49 PM
EMFLT202002026AR	BDPARBUE_20200313134150000963_01.xml	13/03/2020 1:41:56 PM
IMFLT202002082AR	BDPARBUE_20200313134157000964_01.xml	13/03/2020 1:42:07 PM
IMARG202003033AR	BDPARBUE_20200313134208000965_01.xml	13/03/2020 1:42:19 PM
IMARG202003032AR	BDPARBUE_20200313134221000966_01.xml	13/03/2020 1:42:32 PM
IMARG202002089AR	BDPARBUE_20200313134233000967_01.xml	13/03/2020 1:42:44 PM
IMARG202002075AR	BDPARBUE_20200313134245000968_01.xml	13/03/2020 1:42:56 PM
IMARG202002091AR	BDPARBUE_20200313134257000969_01.xml	13/03/2020 1:43:10 PM
IMARG202002060AR	BDPARBUE_20200313134311000970_01.xml	13/03/2020 1:43:22 PM
IMARG201912072AR	BDPARBUE_20200313134323000971_01.xml	13/03/2020 1:43:35 PM
EOUNI202003021AR	BDPARBUE_20200313134336000972_01.xml	13/03/2020 1:43:45 PM
IMFLT202003005AR	BDPARBUE_20200313134346000973_01.xml	13/03/2020 1:43:51 PM
IMFLT202003004AR	BDPARBUE_20200313134352000974_01.xml	13/03/2020 1:43:58 PM
IMROA202001066AR	BDPARBUE_20200313134359000975_01.xml	13/03/2020 1:44:10 PM
IMROA202002034AR	BDPARBUE_20200313134411000976_01.xml	13/03/2020 1:44:22 PM
EOUNI202003022AR	BDPARBUE_20200313134423000977_01.xml	13/03/2020 1:44:32 PM
IMROA202002033AR	BDPARBUE_20200313134433000978_01.xml	13/03/2020 1:44:44 PM
EOARG202003067AR	BDPARBUE_20200313134445000979_01.xml	13/03/2020 1:44:54 PM
IMFLT202003021AR	BDPARBUE_20200313134455000980_01.xml	13/03/2020 1:45:01 PM
IMFLT202003020AR	BDPARBUE_20200313134502000981_01.xml	13/03/2020 1:45:08 PM
IMFLT202003019AR	BDPARBUE_20200313134509000982_01.xml	13/03/2020 1:45:14 PM
IMARG202003070AR	BDPARBUE_20200313134515000983_01.xml	13/03/2020 1:45:20 PM
IMARG201911083AR	BDPARBUE_20200313134522000984_01.xml	13/03/2020 1:45:33 PM
IMFLT202002003AR	BDPARBUE_20200313134534000985_01.xml	13/03/2020 1:45:42 PM
IMFLT201911004AR	BDPARBUE_20200313134543000986_01.xml	13/03/2020 1:45:48 PM
IMFLT201911005AR	BDPARBUE_20200313134549000987_01.xml	13/03/2020 1:45:55 PM
EOARG202003093AR	BDPARBUE_20200313134556000988_01.xml	13/03/2020 1:46:05 PM
EOARG202003094AR	BDPARBUE_20200313134606000989_01.xml	13/03/2020 1:46:15 PM
EMARG202003129AR	BDPARBUE_20200313134616000990_01.xml	13/03/2020 1:46:26 PM
IMARG202003071AR	BDPARBUE_20200313134627000991_01.xml	13/03/2020 1:46:38 PM
IMFLT201911011AR	BDPARBUE_20200313134639000992_01.xml	13/03/2020 1:46:45 PM
IMFLT201911012AR	BDPARBUE_20200313134646000993_01.xml	13/03/2020 1:46:52 PM
IMFLT201911013AR	BDPARBUE_20200313134653000994_01.xml	13/03/2020 1:47:00 PM
IMFLT202002022AR	BDPARBUE_20200313134701000995_01.xml	13/03/2020 1:47:07 PM
IMFLT202002004AR	BDPARBUE_20200313134708000996_01.xml	13/03/2020 1:47:13 PM
IMFLT201911015AR	BDPARBUE_20200313134714000997_01.xml	13/03/2020 1:47:20 PM
IMCHP202002014AR	BDPARBUE_20200313134721000998_01.xml	13/03/2020 1:47:32 PM
IMCHP202003001AR	BDPARBUE_20200313134733000999_01.xml	13/03/2020 1:47:44 PM
IMFLT201911019AR	BDPARBUE_20200313134745001000_01.xml	13/03/2020 1:47:51 PM
IMCHP202003002AR	BDPARBUE_20200313134752001001_01.xml	13/03/2020 1:48:03 PM
IMCHP202002012AR	BDPARBUE_20200313134804001002_01.xml	13/03/2020 1:48:15 PM
IMCHP202003010AR	BDPARBUE_20200313134816001003_01.xml	13/03/2020 1:48:26 PM
EOARG201912199AR	BDPARBUE_20200313134828001004_01.xml	13/03/2020 1:48:37 PM
IMFLT201911024AR	BDPARBUE_20200313134838001005_01.xml	13/03/2020 1:48:43 PM
IMFLT201912019AR	BDPARBUE_20200313134844001006_01.xml	13/03/2020 1:48:50 PM
IMFLT202001082AR	BDPARBUE_20200313134851001007_01.xml	13/03/2020 1:48:57 PM
IMFLT202001037AR	BDPARBUE_20200313134858001008_01.xml	13/03/2020 1:49:03 PM
IMFLT202001083AR	BDPARBUE_20200313134904001009_01.xml	13/03/2020 1:49:10 PM
IMFLT201912086AR	BDPARBUE_20200313134911001010_01.xml	13/03/2020 1:49:16 PM
IMFLT202002028AR	BDPARBUE_20200313134917001011_01.xml	13/03/2020 1:49:25 PM
IMFLT201911025AR	BDPARBUE_20200313134926001012_01.xml	13/03/2020 1:49:31 PM
IMFLT202002054AR	BDPARBUE_20200313134933001013_01.xml	13/03/2020 1:49:41 PM
IMFLT202002053AR	BDPARBUE_20200313134942001014_01.xml	13/03/2020 1:49:51 PM
IMFLT201912063AR	BDPARBUE_20200313134952001015_01.xml	13/03/2020 1:49:57 PM
IMCHP202003011AR	BDPARBUE_20200313134958001016_01.xml	13/03/2020 1:50:09 PM
IMARG202001065AR	BDPARBUE_20200313135010001017_01.xml	13/03/2020 1:50:22 PM
IMFLT202001107AR	BDPARBUE_20200313135023001018_01.xml	13/03/2020 1:50:28 PM
IMFLT202001094AR	BDPARBUE_20200313135029001019_01.xml	13/03/2020 1:50:35 PM
IMARG202001127AR	BDPARBUE_20200313135036001020_01.xml	13/03/2020 1:50:49 PM
IMFLT202001111AR	BDPARBUE_20200313135050001021_01.xml	13/03/2020 1:50:59 PM
IAARG202003003AR	BDPARBUE_20200313135100001022_01.xml	13/03/2020 1:51:08 PM
IMFLT202003023AR	BDPARBUE_20200313135109001023_01.xml	13/03/2020 1:51:17 PM
EOARG202003095AR	BDPARBUE_20200313135118001024_01.xml	13/03/2020 1:51:27 PM
EOARG202001204AR	BDPARBUE_20200313135128001025_01.xml	13/03/2020 1:51:37 PM
EMARG202003109AR	BDPARBUE_20200313135138001026_01.xml	13/03/2020 1:51:48 PM
IMROA202001051AR	BDPARBUE_20200313135149001027_01.xml	13/03/2020 1:52:06 PM
EOARG202001168AR	BDPARBUE_20200313135207001028_01.xml	13/03/2020 1:52:17 PM
IMBRN202002010AR	BDPARBUE_20200313135218001029_01.xml	13/03/2020 1:52:26 PM
IMSLT202001001AR	BDPARBUE_20200313135227001030_01.xml	13/03/2020 1:52:38 PM
IMSLT202002003AR	BDPARBUE_20200313135239001031_01.xml	13/03/2020 1:52:51 PM
IMBRN201911038AR	BDPARBUE_20200313135252001032_01.xml	13/03/2020 1:52:59 PM
IMBRN202001018AR	BDPARBUE_20200313135300001033_01.xml	13/03/2020 1:53:11 PM
EOARG202001170AR	BDPARBUE_20200313135312001034_01.xml	13/03/2020 1:53:21 PM
IMBRN202001003AR	BDPARBUE_20200313135322001035_01.xml	13/03/2020 1:53:37 PM
IABRN202002002AR	BDPARBUE_20200313135338001036_01.xml	13/03/2020 1:53:46 PM
IMARG202003072AR	BDPARBUE_20200313135347001037_01.xml	13/03/2020 1:53:58 PM
IMARG202003073AR	BDPARBUE_20200313135359001038_01.xml	13/03/2020 1:54:10 PM
EOARG202003096AR	BDPARBUE_20200313135411001039_01.xml	13/03/2020 1:54:20 PM
IMROA202003029AR	BDPARBUE_20200313135421001040_01.xml	13/03/2020 1:54:32 PM
EOARG202003097AR	BDPARBUE_20200313135433001041_01.xml	13/03/2020 1:54:42 PM
IMROA202003030AR	BDPARBUE_20200313135443001042_01.xml	13/03/2020 1:54:53 PM
EOARG202003098AR	BDPARBUE_20200313135454001043_01.xml	13/03/2020 1:55:03 PM
EOARG202003099AR	BDPARBUE_20200313135504001044_01.xml	13/03/2020 1:55:13 PM
IMARG202001153AR	BDPARBUE_20200313135514001045_01.xml	13/03/2020 1:55:25 PM
EOARG202003100AR	BDPARBUE_20200313135526001046_01.xml	13/03/2020 1:55:35 PM
IMARG202001066AR	BDPARBUE_20200313135537001047_01.xml	13/03/2020 1:55:47 PM
EOARG202003101AR	BDPARBUE_20200313135549001048_01.xml	13/03/2020 1:55:58 PM
EOARG202003102AR	BDPARBUE_20200313135559001049_01.xml	13/03/2020 1:56:08 PM
EOARG202003103AR	BDPARBUE_20200313135609001050_01.xml	13/03/2020 1:56:18 PM
EMARG202002019AR	BDPARBUE_20200313135619001051_01.xml	13/03/2020 1:56:30 PM
IOAXA202003008AR	BDPARBUE_20200313135631001052_01.xml	13/03/2020 1:56:39 PM
EOARG202003104AR	BDPARBUE_20200313135640001053_01.xml	13/03/2020 1:56:49 PM
EOARG202001228AR	BDPARBUE_20200313135650001054_01.xml	13/03/2020 1:57:00 PM
EOARG202003105AR	BDPARBUE_20200313135701001055_01.xml	13/03/2020 1:57:10 PM
IMNOV202002002AR	BDPARBUE_20200313135711001056_01.xml	13/03/2020 1:57:23 PM
IMROA202003002AR	BDPARBUE_20200313135724001057_01.xml	13/03/2020 1:57:36 PM
IMROA202003003AR	BDPARBUE_20200313135737001058_01.xml	13/03/2020 1:57:48 PM
EMFLT202003003AR	BDPARBUE_20200313135749001059_01.xml	13/03/2020 1:57:56 PM
EMARG202001283AR	BDPARBUE_20200313135757001060_01.xml	13/03/2020 1:58:07 PM
IAFLT202003004AR	BDPARBUE_20200313135809001061_01.xml	13/03/2020 1:58:13 PM
IOSOL202002008AR	BDPARBUE_20200313135814001062_01.xml	13/03/2020 1:58:23 PM
IOSOL202002009AR	BDPARBUE_20200313135824001063_01.xml	13/03/2020 1:58:32 PM
EOARG202001141AR	BDPARBUE_20200313135833001064_01.xml	13/03/2020 1:58:43 PM
EOARG202001139AR	BDPARBUE_20200313135844001065_01.xml	13/03/2020 1:58:53 PM
EOARG202001138AR	BDPARBUE_20200313135854001066_01.xml	13/03/2020 1:59:03 PM
EMARG202001201AR	BDPARBUE_20200313135904001067_01.xml	13/03/2020 1:59:14 PM
EOARG202003075AR	BDPARBUE_20200313135915001068_01.xml	13/03/2020 1:59:24 PM
EMARG202001262AR	BDPARBUE_20200313135925001069_01.xml	13/03/2020 1:59:35 PM
EOARG202003076AR	BDPARBUE_20200313135937001070_01.xml	13/03/2020 1:59:47 PM
IMARG202003074AR	BDPARBUE_20200313135948001071_01.xml	13/03/2020 2:00:00 PM
EOARG202003058AR	BDPARBUE_20200313140001001072_01.xml	13/03/2020 2:00:14 PM
EOROA202003002AR	BDPARBUE_20200313140015001073_01.xml	13/03/2020 2:00:26 PM
EMARG202001202AR	BDPARBUE_20200313140027001074_01.xml	13/03/2020 2:00:40 PM
IMARG202003075AR	BDPARBUE_20200313140041001075_01.xml	13/03/2020 2:00:55 PM
IMFLT202001112AR	BDPARBUE_20200313140056001076_01.xml	13/03/2020 2:01:05 PM
IMFLT202003024AR	BDPARBUE_20200313140106001077_01.xml	13/03/2020 2:01:14 PM
IMFLT202001059AR	BDPARBUE_20200313140116001078_01.xml	13/03/2020 2:01:26 PM
IMFLT202002042AR	BDPARBUE_20200313140128001079_01.xml	13/03/2020 2:01:37 PM
EOUNI202003023AR	BDPARBUE_20200313140138001080_01.xml	13/03/2020 2:01:50 PM
EOUNI202003024AR	BDPARBUE_20200313140151001081_01.xml	13/03/2020 2:02:03 PM
IMAXA202002003AR	BDPARBUE_20200313140204001082_01.xml	13/03/2020 2:02:19 PM
IMAXA202002002AR	BDPARBUE_20200313140220001083_01.xml	13/03/2020 2:02:35 PM
IMFLT202001105AR	BDPARBUE_20200313140237001084_01.xml	13/03/2020 2:02:48 PM
IOGRH202001001AR	BDPARBUE_20200313140249001085_01.xml	13/03/2020 2:03:19 PM
IOAXA202003006AR	BDPARBUE_20200313140320001086_01.xml	13/03/2020 2:03:29 PM
IMFLT202003025AR	BDPARBUE_20200313140331001087_01.xml	13/03/2020 2:03:40 PM
IOCHP202001003AR	BDPARBUE_20200313140341001088_01.xml	13/03/2020 2:03:54 PM
IMAXA202003006AR	BDPARBUE_20200313140355001089_01.xml	13/03/2020 2:04:02 PM
EOUNI202003025AR	BDPARBUE_20200313140403001090_01.xml	13/03/2020 2:04:15 PM
EMARG202002189AR	BDPARBUE_20200313140416001091_01.xml	13/03/2020 2:04:37 PM
EOARG202003061AR	BDPARBUE_20200313140439001092_01.xml	13/03/2020 2:04:52 PM
EOARG202002229AR	BDPARBUE_20200313140453001093_01.xml	13/03/2020 2:05:06 PM
EMARG202002199AR	BDPARBUE_20200313140507001094_01.xml	13/03/2020 2:05:29 PM
EOARG202003018AR	BDPARBUE_20200313140530001095_01.xml	13/03/2020 2:05:43 PM
EOARG202003060AR	BDPARBUE_20200313140544001096_01.xml	13/03/2020 2:05:56 PM
EOUNI202003008AR	BDPARBUE_20200313140557001097_01.xml	13/03/2020 2:06:10 PM
EOARG202003059AR	BDPARBUE_20200313140612001098_01.xml	13/03/2020 2:06:24 PM
EOARG202002248AR	BDPARBUE_20200313140625001099_01.xml	13/03/2020 2:06:38 PM
EMARG202002260AR	BDPARBUE_20200313140639001100_01.xml	13/03/2020 2:06:56 PM
EMARG202003010AR	BDPARBUE_20200313140657001101_01.xml	13/03/2020 2:07:19 PM
EOARG202001173AR	BDPARBUE_20200313140720001102_01.xml	13/03/2020 2:07:33 PM
IMVTP201911003AR	BDPARBUE_20200313140734001103_01.xml	13/03/2020 2:07:45 PM
EMARG202003009AR	BDPARBUE_20200313140746001104_01.xml	13/03/2020 2:08:06 PM
EMFLT202002019AR	BDPARBUE_20200313140808001105_01.xml	13/03/2020 2:08:15 PM
IMBRN201908002AR	BDPARBUE_20200313140816001106_01.xml	13/03/2020 2:08:30 PM
IMARG202003076AR	BDPARBUE_20200313140832001107_01.xml	13/03/2020 2:08:47 PM
IMFLT202001093AR	BDPARBUE_20200313140848001108_01.xml	13/03/2020 2:08:55 PM
EOARG202003017AR	BDPARBUE_20200313140857001109_01.xml	13/03/2020 2:09:09 PM
EMARG202002273AR	BDPARBUE_20200313140910001110_01.xml	13/03/2020 2:09:27 PM
EMARG202003002AR	BDPARBUE_20200313140928001111_01.xml	13/03/2020 2:09:44 PM
EMARG202003005AR	BDPARBUE_20200313140945001112_01.xml	13/03/2020 2:10:02 PM
IMCRE201912002AR	BDPARBUE_20200313141003001113_01.xml	13/03/2020 2:10:13 PM
EMARG202002235AR	BDPARBUE_20200313141014001114_01.xml	13/03/2020 2:10:31 PM
IMFLT202003026AR	BDPARBUE_20200313141032001115_01.xml	13/03/2020 2:10:39 PM
IMAXA202003005AR	BDPARBUE_20200313141041001116_01.xml	13/03/2020 2:10:55 PM
EMARG202003004AR	BDPARBUE_20200313141056001117_01.xml	13/03/2020 2:11:14 PM
EMFLT202002021AR	BDPARBUE_20200313141115001118_01.xml	13/03/2020 2:11:24 PM
EMFLT202002020AR	BDPARBUE_20200313141125001119_01.xml	13/03/2020 2:11:33 PM
EMARG202002279AR	BDPARBUE_20200313141134001120_01.xml	13/03/2020 2:11:52 PM
EMFLT202003001AR	BDPARBUE_20200313141154001121_01.xml	13/03/2020 2:12:03 PM
EOARG202003106AR	BDPARBUE_20200313141204001122_01.xml	13/03/2020 2:12:18 PM
IMARG201912073AR	BDPARBUE_20200313141220001123_01.xml	13/03/2020 2:12:36 PM
EMARG202002190AR	BDPARBUE_20200313141237001124_01.xml	13/03/2020 2:12:55 PM
IMAXA202002009AR	BDPARBUE_20200313141256001125_01.xml	13/03/2020 2:13:11 PM
EMARG202002275AR	BDPARBUE_20200313141313001126_01.xml	13/03/2020 2:13:30 PM
IMARG202003077AR	BDPARBUE_20200313141331001127_01.xml	13/03/2020 2:13:46 PM
IAFLT202002030AR	BDPARBUE_20200313141347001128_01.xml	13/03/2020 2:13:51 PM
IMCRE202003002AR	BDPARBUE_20200313141352001129_01.xml	13/03/2020 2:14:02 PM
IAFLT202002025AR	BDPARBUE_20200313141403001130_01.xml	13/03/2020 2:14:08 PM
IMFLT202003027AR	BDPARBUE_20200313141409001131_01.xml	13/03/2020 2:14:14 PM
IMSOL202003002AR	BDPARBUE_20200313141415001132_01.xml	13/03/2020 2:14:21 PM
IAFLT202002024AR	BDPARBUE_20200313141422001133_01.xml	13/03/2020 2:14:26 PM
IMSOL202003003AR	BDPARBUE_20200313141427001134_01.xml	13/03/2020 2:14:33 PM
IMARG202002069AR	BDPARBUE_20200313141434001135_01.xml	13/03/2020 2:14:42 PM
IAFLT202002023AR	BDPARBUE_20200313141443001136_01.xml	13/03/2020 2:14:47 PM
IMAXA202002001AR	BDPARBUE_20200313141448001137_01.xml	13/03/2020 2:14:58 PM
IAURU202003001AR	BDPARBUE_20200313141459001138_01.xml	13/03/2020 2:15:04 PM
EOSLT202003001AR	BDPARBUE_20200313141505001139_01.xml	13/03/2020 2:15:14 PM
IAFLT202002021AR	BDPARBUE_20200313141515001140_01.xml	13/03/2020 2:15:19 PM
IMARG202003055AR	BDPARBUE_20200313141520001141_01.xml	13/03/2020 2:15:33 PM
EMARG202003130AR	BDPARBUE_20200313141534001142_01.xml	13/03/2020 2:15:44 PM
EMARG202003131AR	BDPARBUE_20200313141545001143_01.xml	13/03/2020 2:15:55 PM
IAFLT202002020AR	BDPARBUE_20200313141556001144_01.xml	13/03/2020 2:16:00 PM
IMFLT202003011AR	BDPARBUE_20200313141601001145_01.xml	13/03/2020 2:16:06 PM
EAURU202003002AR	BDPARBUE_20200313141607001146_01.xml	13/03/2020 2:16:12 PM
EMARG202003132AR	BDPARBUE_20200313141613001147_01.xml	13/03/2020 2:16:22 PM
EOARG202002241AR	BDPARBUE_20200313141623001148_01.xml	13/03/2020 2:16:32 PM
IMFLT202002059AR	BDPARBUE_20200313141633001149_01.xml	13/03/2020 2:16:39 PM
EOARG202003107AR	BDPARBUE_20200313141640001150_01.xml	13/03/2020 2:16:49 PM
IMFLT202002056AR	BDPARBUE_20200313141650001151_01.xml	13/03/2020 2:16:56 PM
EMARG202002277AR	BDPARBUE_20200313141657001152_01.xml	13/03/2020 2:17:09 PM
EMARG202003133AR	BDPARBUE_20200313141710001153_01.xml	13/03/2020 2:17:20 PM
EOARG202003108AR	BDPARBUE_20200313141721001154_01.xml	13/03/2020 2:17:30 PM
EMARG202003026AR	BDPARBUE_20200313141731001155_01.xml	13/03/2020 2:17:46 PM
EOARG202003069AR	BDPARBUE_20200313141748001156_01.xml	13/03/2020 2:17:58 PM
IMBRN202003003AR	BDPARBUE_20200313141759001157_01.xml	13/03/2020 2:18:09 PM
EMARG202003134AR	BDPARBUE_20200313141810001158_01.xml	13/03/2020 2:18:20 PM
EMARG202003135AR	BDPARBUE_20200313141821001159_01.xml	13/03/2020 2:18:31 PM
EMARG202003136AR	BDPARBUE_20200313141832001160_01.xml	13/03/2020 2:18:42 PM
IMARG202002031AR	BDPARBUE_20200313141843001161_01.xml	13/03/2020 2:18:54 PM
IMARG202003015AR	BDPARBUE_20200313141856001162_01.xml	13/03/2020 2:19:07 PM
IMARG202002054AR	BDPARBUE_20200313141908001163_01.xml	13/03/2020 2:19:18 PM
EMARG202003137AR	BDPARBUE_20200313141919001164_01.xml	13/03/2020 2:19:29 PM
EMARG202003138AR	BDPARBUE_20200313141930001165_01.xml	13/03/2020 2:19:40 PM
IMARG202002052AR	BDPARBUE_20200313141941001166_01.xml	13/03/2020 2:19:52 PM
IMARG202002051AR	BDPARBUE_20200313141953001167_01.xml	13/03/2020 2:20:05 PM
IMARG202002053AR	BDPARBUE_20200313142006001168_01.xml	13/03/2020 2:20:16 PM
EMARG202003139AR	BDPARBUE_20200313142017001169_01.xml	13/03/2020 2:20:26 PM
IMARG202001166AR	BDPARBUE_20200313142027001170_01.xml	13/03/2020 2:20:39 PM
EMARG202003140AR	BDPARBUE_20200313142040001171_01.xml	13/03/2020 2:20:49 PM
EMARG202003141AR	BDPARBUE_20200313142050001172_01.xml	13/03/2020 2:21:00 PM
EMARG202003142AR	BDPARBUE_20200313142102001173_01.xml	13/03/2020 2:21:12 PM
IAFLT202003008AR	BDPARBUE_20200313142113001174_01.xml	13/03/2020 2:21:17 PM
EMARG202003143AR	BDPARBUE_20200313142118001175_01.xml	13/03/2020 2:21:28 PM
IMSLT202002004AR	BDPARBUE_20200313142129001176_01.xml	13/03/2020 2:21:40 PM
IMFLT202003010AR	BDPARBUE_20200313142141001177_01.xml	13/03/2020 2:21:48 PM
IMBRN202002004AR	BDPARBUE_20200313142149001178_01.xml	13/03/2020 2:22:07 PM
EMARG202003144AR	BDPARBUE_20200313142208001179_01.xml	13/03/2020 2:22:18 PM
EMARG202003145AR	BDPARBUE_20200313142219001180_01.xml	13/03/2020 2:22:29 PM
IMAXA202002004AR	BDPARBUE_20200313142230001181_01.xml	13/03/2020 2:22:40 PM
EMARG202003146AR	BDPARBUE_20200313142242001182_01.xml	13/03/2020 2:22:51 PM
IMAXA202002005AR	BDPARBUE_20200313142252001183_01.xml	13/03/2020 2:23:02 PM
IMROA202003020AR	BDPARBUE_20200313142303001184_01.xml	13/03/2020 2:23:15 PM
IMBRN202003004AR	BDPARBUE_20200313142316001185_01.xml	13/03/2020 2:23:25 PM
IMBRN202003005AR	BDPARBUE_20200313142326001186_01.xml	13/03/2020 2:23:35 PM
EMARG202003147AR	BDPARBUE_20200313142336001187_01.xml	13/03/2020 2:23:44 PM
IMARG202003078AR	BDPARBUE_20200313142345001188_01.xml	13/03/2020 2:23:55 PM
EMFLT202002007AR	BDPARBUE_20200313142356001189_01.xml	13/03/2020 2:23:59 PM
IOAXA202002005AR	BDPARBUE_20200313142401001190_01.xml	13/03/2020 2:24:07 PM
EMARG202003148AR	BDPARBUE_20200313142408001191_01.xml	13/03/2020 2:24:16 PM
IMARG202001156AR	BDPARBUE_20200313142417001192_01.xml	13/03/2020 2:24:33 PM
IMROA202003019AR	BDPARBUE_20200313142435001193_01.xml	13/03/2020 2:24:44 PM
IMAXA202002006AR	BDPARBUE_20200313142445001194_01.xml	13/03/2020 2:24:55 PM
IMARG202002057AR	BDPARBUE_20200313142456001195_01.xml	13/03/2020 2:25:07 PM
IMAXA202002007AR	BDPARBUE_20200313142508001196_01.xml	13/03/2020 2:25:18 PM
EOFLT202003004AR	BDPARBUE_20200313142519001197_01.xml	13/03/2020 2:25:24 PM
EMARG202003149AR	BDPARBUE_20200313142525001198_01.xml	13/03/2020 2:25:35 PM
EOUNI202003007AR	BDPARBUE_20200313142536001199_01.xml	13/03/2020 2:25:45 PM
IMAXA202002008AR	BDPARBUE_20200313142546001200_01.xml	13/03/2020 2:25:56 PM
IMARG202003023AR	BDPARBUE_20200313142557001201_01.xml	13/03/2020 2:26:07 PM
EMARG202003150AR	BDPARBUE_20200313142608001202_01.xml	13/03/2020 2:26:18 PM
EOARG202003109AR	BDPARBUE_20200313142619001203_01.xml	13/03/2020 2:26:27 PM
EOFLT202003005AR	BDPARBUE_20200313142628001204_01.xml	13/03/2020 2:26:32 PM
IMROA202003021AR	BDPARBUE_20200313142634001205_01.xml	13/03/2020 2:26:44 PM
EOARG202003110AR	BDPARBUE_20200313142645001206_01.xml	13/03/2020 2:26:54 PM
EOARG202003111AR	BDPARBUE_20200313142655001207_01.xml	13/03/2020 2:27:04 PM
EOARG202003112AR	BDPARBUE_20200313142705001208_01.xml	13/03/2020 2:27:13 PM
EOARG202003113AR	BDPARBUE_20200313142715001209_01.xml	13/03/2020 2:27:23 PM
EOARG202003114AR	BDPARBUE_20200313142724001210_01.xml	13/03/2020 2:27:31 PM
EMFLT202003004AR	BDPARBUE_20200313142732001211_01.xml	13/03/2020 2:27:41 PM
EOARG202003115AR	BDPARBUE_20200313142742001212_01.xml	13/03/2020 2:27:53 PM
IMARG202003079AR	BDPARBUE_20200313142754001213_01.xml	13/03/2020 2:28:05 PM
EOARG202003116AR	BDPARBUE_20200313142806001214_01.xml	13/03/2020 2:28:15 PM
IMROA202003022AR	BDPARBUE_20200313142817001215_01.xml	13/03/2020 2:28:25 PM
EOARG202003117AR	BDPARBUE_20200313142826001216_01.xml	13/03/2020 2:28:34 PM
IMFLT202003028AR	BDPARBUE_20200313142835001217_01.xml	13/03/2020 2:28:41 PM
IMFLT202003029AR	BDPARBUE_20200313142842001218_01.xml	13/03/2020 2:28:48 PM
IMFLT202003030AR	BDPARBUE_20200313142849001219_01.xml	13/03/2020 2:28:53 PM
IMFLT202003015AR	BDPARBUE_20200313142854001220_01.xml	13/03/2020 2:28:58 PM
IMBRN202002003AR	BDPARBUE_20200313142859001221_01.xml	13/03/2020 2:29:10 PM
IMROA202003031AR	BDPARBUE_20200313142911001222_01.xml	13/03/2020 2:29:16 PM
IMROA202003032AR	BDPARBUE_20200313142917001223_01.xml	13/03/2020 2:29:27 PM
EOUNI202003011AR	BDPARBUE_20200313142928001224_01.xml	13/03/2020 2:29:35 PM
IMARG202003039AR	BDPARBUE_20200313142936001225_01.xml	13/03/2020 2:29:45 PM
IMARG202003025AR	BDPARBUE_20200313142946001226_01.xml	13/03/2020 2:29:55 PM
IMARG202003014AR	BDPARBUE_20200313142957001227_01.xml	13/03/2020 2:30:07 PM
IMARG202003013AR	BDPARBUE_20200313143009001228_01.xml	13/03/2020 2:30:19 PM
IMARG202003012AR	BDPARBUE_20200313143021001229_01.xml	13/03/2020 2:30:32 PM
IMARG202003011AR	BDPARBUE_20200313143033001230_01.xml	13/03/2020 2:30:45 PM
IMARG202003010AR	BDPARBUE_20200313143046001231_01.xml	13/03/2020 2:30:59 PM
IMFLT202003016AR	BDPARBUE_20200313143100001232_01.xml	13/03/2020 2:31:05 PM
IMARG202003008AR	BDPARBUE_20200313143106001233_01.xml	13/03/2020 2:31:19 PM
IMARG202003007AR	BDPARBUE_20200313143120001234_01.xml	13/03/2020 2:31:30 PM
IMARG202003068AR	BDPARBUE_20200313143131001235_01.xml	13/03/2020 2:31:41 PM
IMARG202003066AR	BDPARBUE_20200313143142001236_01.xml	13/03/2020 2:31:51 PM
IMARG202003067AR	BDPARBUE_20200313143152001237_01.xml	13/03/2020 2:32:06 PM
IMARG202003065AR	BDPARBUE_20200313143207001238_01.xml	13/03/2020 2:32:19 PM
IMARG202003064AR	BDPARBUE_20200313143220001239_01.xml	13/03/2020 2:32:29 PM
IMARG202003029AR	BDPARBUE_20200313143230001240_01.xml	13/03/2020 2:32:40 PM
IMARG202003028AR	BDPARBUE_20200313143242001241_01.xml	13/03/2020 2:32:53 PM
IMARG202003030AR	BDPARBUE_20200313143254001242_01.xml	13/03/2020 2:33:05 PM
IMARG202003057AR	BDPARBUE_20200313143306001243_01.xml	13/03/2020 2:33:16 PM
IMARG202003044AR	BDPARBUE_20200313143317001244_01.xml	13/03/2020 2:33:27 PM
IMARG202003043AR	BDPARBUE_20200313143329001245_01.xml	13/03/2020 2:33:40 PM
IMARG202003037AR	BDPARBUE_20200313143341001246_01.xml	13/03/2020 2:33:52 PM
IMARG202003036AR	BDPARBUE_20200313143353001247_01.xml	13/03/2020 2:34:04 PM
IMARG202003035AR	BDPARBUE_20200313143405001248_01.xml	13/03/2020 2:34:16 PM
IMARG202003034AR	BDPARBUE_20200313143417001249_01.xml	13/03/2020 2:34:28 PM
EMARG202003151AR	BDPARBUE_20200313143429001250_01.xml	13/03/2020 2:34:38 PM
EMARG202003152AR	BDPARBUE_20200313143439001251_01.xml	13/03/2020 2:34:49 PM
EMARG202003153AR	BDPARBUE_20200313143450001252_01.xml	13/03/2020 2:35:00 PM
EMARG202003154AR	BDPARBUE_20200313143501001253_01.xml	13/03/2020 2:35:10 PM
EMARG202003155AR	BDPARBUE_20200313143511001254_01.xml	13/03/2020 2:35:21 PM
EOARG202003023AR	BDPARBUE_20200313143522001255_01.xml	13/03/2020 2:35:31 PM
EOARG202003055AR	BDPARBUE_20200313143532001256_01.xml	13/03/2020 2:35:42 PM
IOFLT201911001AR	BDPARBUE_20200313143543001257_01.xml	13/03/2020 2:35:49 PM
IMSOL202003001AR	BDPARBUE_20200313143550001258_01.xml	13/03/2020 2:35:58 PM
IMSOL202001014AR	BDPARBUE_20200313143559001259_01.xml	13/03/2020 2:36:06 PM
EASOL202002001AR	BDPARBUE_20200313143608001260_01.xml	13/03/2020 2:36:13 PM
IASOL202003001AR	BDPARBUE_20200313143614001261_01.xml	13/03/2020 2:36:20 PM
IMGRH201912002AR	BDPARBUE_20200313143621001262_01.xml	13/03/2020 2:36:36 PM
IMROA202003012AR	BDPARBUE_20200313143637001263_01.xml	13/03/2020 2:36:48 PM
IMARG202003047AR	BDPARBUE_20200313143649001264_01.xml	13/03/2020 2:37:00 PM
EMARG202002253AR	BDPARBUE_20200313143701001265_01.xml	13/03/2020 2:37:14 PM
EMARG202002254AR	BDPARBUE_20200313143715001266_01.xml	13/03/2020 2:37:27 PM
EOARG202003085AR	BDPARBUE_20200313143728001267_01.xml	13/03/2020 2:37:38 PM
EOARG202003086AR	BDPARBUE_20200313143739001268_01.xml	13/03/2020 2:37:48 PM
EOARG202003087AR	BDPARBUE_20200313143749001269_01.xml	13/03/2020 2:37:58 PM
IMCHP202003012AR	BDPARBUE_20200313143759001270_01.xml	13/03/2020 2:38:10 PM
IMFLT201911009AR	BDPARBUE_20200313143811001271_01.xml	13/03/2020 2:38:20 PM
EOARG202003118AR	BDPARBUE_20200313143821001272_01.xml	13/03/2020 2:38:31 PM
EOARG202003083AR	BDPARBUE_20200313143832001273_01.xml	13/03/2020 2:38:42 PM
EOARG202003084AR	BDPARBUE_20200313143843001274_01.xml	13/03/2020 2:38:52 PM
EMARG202002197AR	BDPARBUE_20200313143853001275_01.xml	13/03/2020 2:39:04 PM
EMARG202003033AR	BDPARBUE_20200313143905001276_01.xml	13/03/2020 2:39:18 PM
EMARG202003046AR	BDPARBUE_20200313143919001277_01.xml	13/03/2020 2:39:32 PM
EOSOL202003001AR	BDPARBUE_20200313143933001278_01.xml	13/03/2020 2:39:39 PM
EMARG202003156AR	BDPARBUE_20200313143940001279_01.xml	13/03/2020 2:39:49 PM
IMROA202003033AR	BDPARBUE_20200313143950001280_01.xml	13/03/2020 2:40:01 PM
Program has been finished		13/03/2020 2:40:01 PM
