Start Program	4/9/2020 8:41:38 AM
IMOXT202004022BR	BDPBRSAO_20200409084145000002_01.xml	4/9/2020 8:42:12 AM
IMUPM202004001BR	BDPBRSAO_20200409084214000003_01.xml	4/9/2020 8:42:42 AM
IMCSR202004105BR	BDPBRSAO_20200409084244000004_01.xml	4/9/2020 8:43:06 AM
IMSWB202002098BR	BDPBRSAO_20200409084308000005_01.xml	4/9/2020 8:43:34 AM
IMPSP202001021BR	BDPBRSAO_20200409084336000006_01.xml	4/9/2020 8:44:06 AM
IMCBT201912001BR	BDPBRSAO_20200409084409000007_01.xml	4/9/2020 8:44:45 AM
IMCSR202004056BR	BDPBRSAO_20200409084447000008_01.xml	4/9/2020 8:45:14 AM
IMSOL202001031BR	BDPBRSAO_20200409084518000009_01.xml	4/9/2020 8:45:47 AM
IMCTV202003009BR	BDPBRSAO_20200409084550000010_01.xml	4/9/2020 8:46:25 AM
IMCSR202004058BR	BDPBRSAO_20200409084628000011_01.xml	4/9/2020 8:46:57 AM
IMCSR202004106BR	BDPBRSAO_20200409084700000012_01.xml	4/9/2020 8:47:28 AM
EMOXT202003130BR	BDPBRSAO_20200409084730000013_01.xml	4/9/2020 8:48:00 AM
IMOXT202004023BR	BDPBRSAO_20200409084803000014_01.xml	4/9/2020 8:48:28 AM
EORHO202003051BR	BDPBRSAO_20200409084830000015_01.xml	4/9/2020 8:49:03 AM
IMCSR202003668BR	BDPBRSAO_20200409084905000016_01.xml	4/9/2020 8:49:34 AM
IMEAS202004005BR	BDPBRSAO_20200409084936000017_01.xml	4/9/2020 8:50:05 AM
EMOXT202003078BR	BDPBRSAO_20200409085010000018_01.xml	4/9/2020 8:50:54 AM
IMSWB201912115BR	BDPBRSAO_20200409085058000019_01.xml	4/9/2020 8:51:31 AM
EORHO202003016BR	BDPBRSAO_20200409085135000020_01.xml	4/9/2020 8:52:07 AM
IMEXO202002001BR	BDPBRSAO_20200409085210000021_01.xml	4/9/2020 8:52:45 AM
IMSPC202001029BR	BDPBRSAO_20200409085248000022_01.xml	4/9/2020 8:53:17 AM
IMEAS202004007BR	BDPBRSAO_20200409085320000023_01.xml	4/9/2020 8:53:47 AM
IMOXT202004024BR	BDPBRSAO_20200409085351000024_01.xml	4/9/2020 8:54:21 AM
IMOXT202004025BR	BDPBRSAO_20200409085424000025_01.xml	4/9/2020 8:54:50 AM
IMSOL202002001BR	BDPBRSAO_20200409085453000026_01.xml	4/9/2020 8:55:23 AM
IMPSP202001022BR	BDPBRSAO_20200409085526000027_01.xml	4/9/2020 8:55:50 AM
IMOXT202004026BR	BDPBRSAO_20200409085553000028_01.xml	4/9/2020 8:56:19 AM
IMCSR202004107BR	BDPBRSAO_20200409085621000029_01.xml	4/9/2020 8:56:48 AM
IMEAS202003016BR	BDPBRSAO_20200409085651000030_01.xml	4/9/2020 8:57:17 AM
IMCSR202003670BR	BDPBRSAO_20200409085719000031_01.xml	4/9/2020 8:57:48 AM
EORHO202003042BR	BDPBRSAO_20200409085750000032_01.xml	4/9/2020 8:58:16 AM
IMEAS202004006BR	BDPBRSAO_20200409085818000033_01.xml	4/9/2020 8:58:45 AM
IMSWB202003066BR	BDPBRSAO_20200409085848000034_01.xml	4/9/2020 8:59:17 AM
EORHO202003043BR	BDPBRSAO_20200409085920000035_01.xml	4/9/2020 8:59:45 AM
EORHO202003044BR	BDPBRSAO_20200409085948000036_01.xml	4/9/2020 9:00:19 AM
IMSPC202001002BR	BDPBRSAO_20200409090023000037_01.xml	4/9/2020 9:00:53 AM
IMIFB202001065BR	BDPBRSAO_20200409090056000038_01.xml	4/9/2020 9:01:39 AM
IMIFB202001068BR	BDPBRSAO_20200409090142000039_01.xml	4/9/2020 9:02:12 AM
IMIFB202001072BR	BDPBRSAO_20200409090215000040_01.xml	4/9/2020 9:02:48 AM
IMIFB202001073BR	BDPBRSAO_20200409090251000041_01.xml	4/9/2020 9:03:20 AM
IMIFB202002005BR	BDPBRSAO_20200409090323000042_01.xml	4/9/2020 9:04:01 AM
IMIFB202002006BR	BDPBRSAO_20200409090404000043_01.xml	4/9/2020 9:04:37 AM
IMIFB202002008BR	BDPBRSAO_20200409090439000044_01.xml	4/9/2020 9:05:10 AM
IMLYB202001016BR	BDPBRSAO_20200409090513000045_01.xml	4/9/2020 9:05:42 AM
IMLYB202001018BR	BDPBRSAO_20200409090544000046_01.xml	4/9/2020 9:06:12 AM
IMLYB202003002BR	BDPBRSAO_20200409090614000047_01.xml	4/9/2020 9:06:43 AM
IMSPC201910031BR	BDPBRSAO_20200409090645000048_01.xml	4/9/2020 9:07:15 AM
IMATL202004017BR	BDPBRSAO_20200409090717000049_01.xml	4/9/2020 9:07:35 AM
IMOCV202001004BR	BDPBRSAO_20200409090737000050_01.xml	4/9/2020 9:08:06 AM
IMSLA202003044BR	BDPBRSAO_20200409090809000051_01.xml	4/9/2020 9:08:36 AM
IMSOL201908034BR	BDPBRSAO_20200409090838000052_01.xml	4/9/2020 9:09:09 AM
IMSOL202001013BR	BDPBRSAO_20200409090913000053_01.xml	4/9/2020 9:09:44 AM
IMSOL202001020BR	BDPBRSAO_20200409090947000054_01.xml	4/9/2020 9:10:19 AM
IMSOL202001063BR	BDPBRSAO_20200409091022000055_01.xml	4/9/2020 9:10:52 AM
IMSPC202002029BR	BDPBRSAO_20200409091054000056_01.xml	4/9/2020 9:11:32 AM
IMSOL202001075BR	BDPBRSAO_20200409091135000057_01.xml	4/9/2020 9:12:08 AM
IMSOL202001076BR	BDPBRSAO_20200409091211000058_01.xml	4/9/2020 9:12:47 AM
IMCSR202004108BR	BDPBRSAO_20200409091249000059_01.xml	4/9/2020 9:13:24 AM
IMSOL202001109BR	BDPBRSAO_20200409091327000060_01.xml	4/9/2020 9:13:59 AM
IMSOL202002017BR	BDPBRSAO_20200409091402000061_01.xml	4/9/2020 9:14:37 AM
IMSOL202002018BR	BDPBRSAO_20200409091440000062_01.xml	4/9/2020 9:15:13 AM
IMSOL202002020BR	BDPBRSAO_20200409091516000063_01.xml	4/9/2020 9:15:52 AM
IMSOL202002021BR	BDPBRSAO_20200409091555000064_01.xml	4/9/2020 9:16:26 AM
IMSOL202002059BR	BDPBRSAO_20200409091630000065_01.xml	4/9/2020 9:17:01 AM
IMSOL202002112BR	BDPBRSAO_20200409091704000066_01.xml	4/9/2020 9:17:32 AM
IMSOL202002135BR	BDPBRSAO_20200409091735000067_01.xml	4/9/2020 9:18:01 AM
IMSOL202002140BR	BDPBRSAO_20200409091804000068_01.xml	4/9/2020 9:18:32 AM
IMSOL202002144BR	BDPBRSAO_20200409091835000069_01.xml	4/9/2020 9:19:02 AM
IMPSP202001024BR	BDPBRSAO_20200409091906000070_01.xml	4/9/2020 9:19:41 AM
IMCSR202003669BR	BDPBRSAO_20200409091944000071_01.xml	4/9/2020 9:20:17 AM
EAMTE202004001BR	BDPBRSAO_20200409092021000072_01.xml	4/9/2020 9:20:38 AM
IMCSR202003667BR	BDPBRSAO_20200409092041000073_01.xml	4/9/2020 9:21:11 AM
IMSWB202002133BR	BDPBRSAO_20200409092114000074_01.xml	4/9/2020 9:21:40 AM
IMPSP202001023BR	BDPBRSAO_20200409092144000075_01.xml	4/9/2020 9:22:09 AM
EMATL202004021BR	BDPBRSAO_20200409092212000076_01.xml	4/9/2020 9:22:30 AM
IMCTV202002001BR	BDPBRSAO_20200409092234000077_01.xml	4/9/2020 9:23:04 AM
IMCSR202004109BR	BDPBRSAO_20200409092307000078_01.xml	4/9/2020 9:23:21 AM
IMUPM202003004BR	BDPBRSAO_20200409092324000079_01.xml	4/9/2020 9:24:05 AM
IMSPC201911016BR	BDPBRSAO_20200409092408000080_01.xml	4/9/2020 9:24:38 AM
IMOXT202002008BR	BDPBRSAO_20200409092441000081_01.xml	4/9/2020 9:25:12 AM
IMOXT201911009BR	BDPBRSAO_20200409092516000082_01.xml	4/9/2020 9:25:46 AM
IMOXT201908026BR	BDPBRSAO_20200409092551000083_01.xml	4/9/2020 9:26:24 AM
IMOXT201901028BR	BDPBRSAO_20200409092630000084_01.xml	4/9/2020 9:27:03 AM
IMCSR202003303BR	BDPBRSAO_20200409092706000085_01.xml	4/9/2020 9:27:35 AM
IMOXT201803003BR	BDPBRSAO_20200409092739000086_01.xml	4/9/2020 9:28:06 AM
IMOXT201910034BR	BDPBRSAO_20200409092809000087_01.xml	4/9/2020 9:28:45 AM
IMOXT201907008BR	BDPBRSAO_20200409092849000088_01.xml	4/9/2020 9:29:18 AM
IMOXT201806006BR	BDPBRSAO_20200409092921000089_01.xml	4/9/2020 9:29:53 AM
IMOXT202001055BR	BDPBRSAO_20200409092956000090_01.xml	4/9/2020 9:30:31 AM
IMOXT201802062BR	BDPBRSAO_20200409093035000091_01.xml	4/9/2020 9:31:07 AM
IMOXT201810018BR	BDPBRSAO_20200409093110000092_01.xml	4/9/2020 9:31:37 AM
IMSPC201911009BR	BDPBRSAO_20200409093139000093_01.xml	4/9/2020 9:32:07 AM
IMOXT201908025BR	BDPBRSAO_20200409093210000094_01.xml	4/9/2020 9:32:43 AM
IOOXT202003011BR	BDPBRSAO_20200409093246000095_01.xml	4/9/2020 9:33:09 AM
IMEXO202003041BR	BDPBRSAO_20200409093312000096_01.xml	4/9/2020 9:34:12 AM
IMOXT201907044BR	BDPBRSAO_20200409093415000097_01.xml	4/9/2020 9:34:50 AM
IMOXT201812013BR	BDPBRSAO_20200409093454000098_01.xml	4/9/2020 9:35:36 AM
IMOXT201909036BR	BDPBRSAO_20200409093539000099_01.xml	4/9/2020 9:36:14 AM
IMOXT201812001BR	BDPBRSAO_20200409093617000100_01.xml	4/9/2020 9:36:53 AM
IMOXT201902006BR	BDPBRSAO_20200409093656000101_01.xml	4/9/2020 9:37:25 AM
IMOXT201901003BR	BDPBRSAO_20200409093728000102_01.xml	4/9/2020 9:37:54 AM
IMOXT201907048BR	BDPBRSAO_20200409093758000103_01.xml	4/9/2020 9:38:30 AM
IAATN202004002BR	BDPBRSAO_20200409093834000104_01.xml	4/9/2020 9:39:00 AM
IMCSR202004110BR	BDPBRSAO_20200409093904000105_01.xml	4/9/2020 9:39:31 AM
IMSPC201912017BR	BDPBRSAO_20200409093934000106_01.xml	4/9/2020 9:40:02 AM
IMOXT201902036BR	BDPBRSAO_20200409094005000107_01.xml	4/9/2020 9:40:36 AM
IMSPC201912018BR	BDPBRSAO_20200409094039000108_01.xml	4/9/2020 9:41:07 AM
IMIFB202001079BR	BDPBRSAO_20200409094110000109_01.xml	4/9/2020 9:41:37 AM
IMATL202004004BR	BDPBRSAO_20200409094139000110_01.xml	4/9/2020 9:41:58 AM
IMSPC201911017BR	BDPBRSAO_20200409094201000111_01.xml	4/9/2020 9:42:27 AM
IMOXT201911024BR	BDPBRSAO_20200409094230000112_01.xml	4/9/2020 9:42:58 AM
IMSPC201911034BR	BDPBRSAO_20200409094301000113_01.xml	4/9/2020 9:43:32 AM
IMSPC201911039BR	BDPBRSAO_20200409094334000114_01.xml	4/9/2020 9:44:04 AM
IMCSR202004111BR	BDPBRSAO_20200409094406000115_01.xml	4/9/2020 9:44:22 AM
IMSPC201911040BR	BDPBRSAO_20200409094424000116_01.xml	4/9/2020 9:44:52 AM
IMSOL202001037BR	BDPBRSAO_20200409094455000117_01.xml	4/9/2020 9:45:27 AM
IMCSR202001299BR	BDPBRSAO_20200409094530000118_01.xml	4/9/2020 9:45:59 AM
IMVTP202003001BR	BDPBRSAO_20200409094602000119_01.xml	4/9/2020 9:46:21 AM
IMPSP202001004BR	BDPBRSAO_20200409094624000120_01.xml	4/9/2020 9:46:52 AM
IMSOL202001032BR	BDPBRSAO_20200409094654000121_01.xml	4/9/2020 9:47:24 AM
IMIFB202002043BR	BDPBRSAO_20200409094727000122_01.xml	4/9/2020 9:47:54 AM
IMSWB202002082BR	BDPBRSAO_20200409094757000123_01.xml	4/9/2020 9:48:28 AM
IMSWB202002090BR	BDPBRSAO_20200409094832000124_01.xml	4/9/2020 9:49:08 AM
IMIFB202001080BR	BDPBRSAO_20200409094911000125_01.xml	4/9/2020 9:49:49 AM
IMSUN202003008BR	BDPBRSAO_20200409094952000126_01.xml	4/9/2020 9:50:15 AM
IMATL202002100BR	BDPBRSAO_20200409095019000127_01.xml	4/9/2020 9:50:47 AM
IMSWB202002012BR	BDPBRSAO_20200409095050000128_01.xml	4/9/2020 9:51:22 AM
IACTV202002007BR	BDPBRSAO_20200409095125000129_01.xml	4/9/2020 9:51:51 AM
IACSR202003020BR	BDPBRSAO_20200409095153000130_01.xml	4/9/2020 9:52:23 AM
IMCTV202002074BR	BDPBRSAO_20200409095225000131_01.xml	4/9/2020 9:52:52 AM
IMIFB202002001BR	BDPBRSAO_20200409095255000132_01.xml	4/9/2020 9:53:21 AM
EMCSR202003020BR	BDPBRSAO_20200409095324000133_01.xml	4/9/2020 9:53:44 AM
EMCSR202003085BR	BDPBRSAO_20200409095346000134_01.xml	4/9/2020 9:54:12 AM
IMCSR202003612BR	BDPBRSAO_20200409095414000135_01.xml	4/9/2020 9:54:51 AM
IMSWB202003093BR	BDPBRSAO_20200409095454000136_01.xml	4/9/2020 9:55:22 AM
IMSUN202003009BR	BDPBRSAO_20200409095525000137_01.xml	4/9/2020 9:55:42 AM
IMSPC202004013BR	BDPBRSAO_20200409095545000138_01.xml	4/9/2020 9:56:13 AM
IMIFB202001066BR	BDPBRSAO_20200409095617000139_01.xml	4/9/2020 9:56:47 AM
IMIFB202001070BR	BDPBRSAO_20200409095650000140_01.xml	4/9/2020 9:57:20 AM
IMIFB202001071BR	BDPBRSAO_20200409095724000141_01.xml	4/9/2020 9:57:54 AM
IMIFB202001076BR	BDPBRSAO_20200409095758000142_01.xml	4/9/2020 9:58:28 AM
IMIFB202002009BR	BDPBRSAO_20200409095830000143_01.xml	4/9/2020 9:59:01 AM
IMMAU202003016BR	BDPBRSAO_20200409095904000144_01.xml	4/9/2020 9:59:42 AM
IMSUR202004002BR	BDPBRSAO_20200409095945000145_01.xml	4/9/2020 10:00:16 AM
IMSWB202002029BR	BDPBRSAO_20200409100020000146_01.xml	4/9/2020 10:00:50 AM
IMSPC202003063BR	BDPBRSAO_20200409100053000147_01.xml	4/9/2020 10:01:22 AM
IMSWB201910013BR	BDPBRSAO_20200409100124000148_01.xml	4/9/2020 10:01:51 AM
IMSWB201912041BR	BDPBRSAO_20200409100154000149_01.xml	4/9/2020 10:02:21 AM
IMCTV202001072BR	BDPBRSAO_20200409100223000150_01.xml	4/9/2020 10:03:05 AM
IMSWB201912105BR	BDPBRSAO_20200409100307000151_01.xml	4/9/2020 10:03:37 AM
IMSOL202003002BR	BDPBRSAO_20200409100341000152_01.xml	4/9/2020 10:04:05 AM
IMSWB202001018BR	BDPBRSAO_20200409100408000153_01.xml	4/9/2020 10:04:43 AM
IMSWB202001040BR	BDPBRSAO_20200409100446000154_01.xml	4/9/2020 10:05:20 AM
IMSWB202001044BR	BDPBRSAO_20200409100523000155_01.xml	4/9/2020 10:05:52 AM
IMSWB202001077BR	BDPBRSAO_20200409100555000156_01.xml	4/9/2020 10:06:26 AM
IMSWB202001098BR	BDPBRSAO_20200409100628000157_01.xml	4/9/2020 10:06:56 AM
IMCSR202003511BR	BDPBRSAO_20200409100659000158_01.xml	4/9/2020 10:07:25 AM
IMSWB202002003BR	BDPBRSAO_20200409100729000159_01.xml	4/9/2020 10:07:56 AM
IMSWB202002006BR	BDPBRSAO_20200409100759000160_01.xml	4/9/2020 10:08:26 AM
IMSWB202002032BR	BDPBRSAO_20200409100828000161_01.xml	4/9/2020 10:08:54 AM
IMSWB202002057BR	BDPBRSAO_20200409100857000162_01.xml	4/9/2020 10:09:25 AM
IMSWB202002081BR	BDPBRSAO_20200409100928000163_01.xml	4/9/2020 10:09:57 AM
EMSAM202003016BR	BDPBRSAO_20200409101000000164_01.xml	4/9/2020 10:10:36 AM
IMSWB202003053BR	BDPBRSAO_20200409101039000165_01.xml	4/9/2020 10:11:44 AM
IMCSR202004100BR	BDPBRSAO_20200409101147000166_01.xml	4/9/2020 10:12:16 AM
IMUPL201701051BR	BDPBRSAO_20200409101219000167_01.xml	4/9/2020 10:13:23 AM
EMSAM202003017BR	BDPBRSAO_20200409101325000168_01.xml	4/9/2020 10:13:50 AM
IMCSR202004101BR	BDPBRSAO_20200409101353000169_01.xml	4/9/2020 10:14:20 AM
IMCSR202003427BR	BDPBRSAO_20200409101423000170_01.xml	4/9/2020 10:14:49 AM
IMSOL202003001BR	BDPBRSAO_20200409101452000171_01.xml	4/9/2020 10:15:24 AM
IAOCV202003003BR	BDPBRSAO_20200409101527000172_01.xml	4/9/2020 10:15:52 AM
EMSAM202003018BR	BDPBRSAO_20200409101554000173_01.xml	4/9/2020 10:16:18 AM
EMSAM202003019BR	BDPBRSAO_20200409101620000174_01.xml	4/9/2020 10:16:43 AM
IMEXO202003011BR	BDPBRSAO_20200409101646000175_01.xml	4/9/2020 10:17:12 AM
EMSAM202003020BR	BDPBRSAO_20200409101715000176_01.xml	4/9/2020 10:18:15 AM
IMEXO202003042BR	BDPBRSAO_20200409101817000177_01.xml	4/9/2020 10:18:57 AM
IMSOL202002062BR	BDPBRSAO_20200409101900000178_01.xml	4/9/2020 10:19:30 AM
EMSAM202003021BR	BDPBRSAO_20200409101932000179_01.xml	4/9/2020 10:20:02 AM
IMSWB201912026BR	BDPBRSAO_20200409102005000180_01.xml	4/9/2020 10:20:39 AM
IMSWB202001068BR	BDPBRSAO_20200409102042000181_01.xml	4/9/2020 10:21:13 AM
IMSWB202004017BR	BDPBRSAO_20200409102115000182_01.xml	4/9/2020 10:21:43 AM
IACSR202003012BR	BDPBRSAO_20200409102146000183_01.xml	4/9/2020 10:22:14 AM
IMSWB202002034BR	BDPBRSAO_20200409102217000184_01.xml	4/9/2020 10:22:53 AM
EMCTV202004001BR	BDPBRSAO_20200409102257000185_01.xml	4/9/2020 10:23:23 AM
IMOXT201910038BR	BDPBRSAO_20200409102325000186_01.xml	4/9/2020 10:23:52 AM
IABCB202003001BR	BDPBRSAO_20200409102355000187_01.xml	4/9/2020 10:24:18 AM
IMCSR202004112BR	BDPBRSAO_20200409102420000188_01.xml	4/9/2020 10:24:51 AM
IAOCV202003007BR	BDPBRSAO_20200409102454000189_01.xml	4/9/2020 10:25:23 AM
IMIFB202003017BR	BDPBRSAO_20200409102526000190_01.xml	4/9/2020 10:25:56 AM
IMCTV202002042BR	BDPBRSAO_20200409102559000191_01.xml	4/9/2020 10:26:25 AM
IMCSR202003395BR	BDPBRSAO_20200409102628000192_01.xml	4/9/2020 10:26:55 AM
IMCBT202003037BR	BDPBRSAO_20200409102657000193_01.xml	4/9/2020 10:27:26 AM
IMCSR202003456BR	BDPBRSAO_20200409102728000194_01.xml	4/9/2020 10:28:00 AM
IMCSR201912099BR	BDPBRSAO_20200409102802000195_01.xml	4/9/2020 10:28:35 AM
EMOXT202003147BR	BDPBRSAO_20200409102837000196_01.xml	4/9/2020 10:29:08 AM
IMCSR202002291BR	BDPBRSAO_20200409102911000197_01.xml	4/9/2020 10:29:41 AM
IMCSR202002293BR	BDPBRSAO_20200409102944000198_01.xml	4/9/2020 10:30:23 AM
IMCSR202003183BR	BDPBRSAO_20200409103028000199_01.xml	4/9/2020 10:31:05 AM
IMCSR202003196BR	BDPBRSAO_20200409103109000200_01.xml	4/9/2020 10:31:43 AM
IMCSR202003198BR	BDPBRSAO_20200409103147000201_01.xml	4/9/2020 10:32:23 AM
IMCSR202003199BR	BDPBRSAO_20200409103228000202_01.xml	4/9/2020 10:33:00 AM
IMCSR202003400BR	BDPBRSAO_20200409103304000203_01.xml	4/9/2020 10:33:36 AM
IMCSR202002339BR	BDPBRSAO_20200409103340000204_01.xml	4/9/2020 10:34:11 AM
IMEAS202003007BR	BDPBRSAO_20200409103413000205_01.xml	4/9/2020 10:35:01 AM
IMEAS202003009BR	BDPBRSAO_20200409103504000206_01.xml	4/9/2020 10:35:37 AM
IMIFB202001030BR	BDPBRSAO_20200409103541000207_01.xml	4/9/2020 10:36:23 AM
IMIFB202002050BR	BDPBRSAO_20200409103626000208_01.xml	4/9/2020 10:37:01 AM
IMMAU202003005BR	BDPBRSAO_20200409103704000209_01.xml	4/9/2020 10:37:37 AM
IMMAU202003012BR	BDPBRSAO_20200409103741000210_01.xml	4/9/2020 10:38:15 AM
IMSOL202003076BR	BDPBRSAO_20200409103818000211_01.xml	4/9/2020 10:38:53 AM
IMSWB201912107BR	BDPBRSAO_20200409103856000212_01.xml	4/9/2020 10:39:30 AM
EMCTV202004002BR	BDPBRSAO_20200409103932000213_01.xml	4/9/2020 10:40:00 AM
IMEXO202001038BR	BDPBRSAO_20200409104004000214_01.xml	4/9/2020 10:40:39 AM
EORHO202004014BR	BDPBRSAO_20200409104042000215_01.xml	4/9/2020 10:41:01 AM
IMSWB202001081BR	BDPBRSAO_20200409104104000216_01.xml	4/9/2020 10:41:33 AM
IMSWB202004018BR	BDPBRSAO_20200409104135000217_01.xml	4/9/2020 10:42:05 AM
IABSF202003022BR	BDPBRSAO_20200409104208000218_01.xml	4/9/2020 10:42:29 AM
EMSOL202004003BR	BDPBRSAO_20200409104232000219_01.xml	4/9/2020 10:43:03 AM
EMOXT202004068BR	BDPBRSAO_20200409104306000220_01.xml	4/9/2020 10:43:38 AM
IMSPC201912022BR	BDPBRSAO_20200409104340000221_01.xml	4/9/2020 10:44:27 AM
IMSWB202004019BR	BDPBRSAO_20200409104431000222_01.xml	4/9/2020 10:44:59 AM
IMOXT202002025BR	BDPBRSAO_20200409104501000223_01.xml	4/9/2020 10:45:30 AM
EMOXT202004040BR	BDPBRSAO_20200409104533000224_01.xml	4/9/2020 10:45:59 AM
IMCSR202003516BR	BDPBRSAO_20200409104602000225_01.xml	4/9/2020 10:46:29 AM
IMOXT202001027BR	BDPBRSAO_20200409104631000226_01.xml	4/9/2020 10:46:56 AM
IMCTV202001005BR	BDPBRSAO_20200409104659000227_01.xml	4/9/2020 10:47:26 AM
IMCTV202001003BR	BDPBRSAO_20200409104728000228_01.xml	4/9/2020 10:47:58 AM
IMCTV202001007BR	BDPBRSAO_20200409104800000229_01.xml	4/9/2020 10:48:29 AM
IMSPC202002013BR	BDPBRSAO_20200409104831000230_01.xml	4/9/2020 10:48:59 AM
IMCTV202002046BR	BDPBRSAO_20200409104901000231_01.xml	4/9/2020 10:49:32 AM
IMSPC202002014BR	BDPBRSAO_20200409104936000232_01.xml	4/9/2020 10:50:06 AM
EMATL202004022BR	BDPBRSAO_20200409105010000233_01.xml	4/9/2020 10:50:32 AM
EMOXT202004039BR	BDPBRSAO_20200409105034000234_01.xml	4/9/2020 10:51:07 AM
IACSR202003013BR	BDPBRSAO_20200409105111000235_01.xml	4/9/2020 10:51:38 AM
IAMAU202003001BR	BDPBRSAO_20200409105141000236_01.xml	4/9/2020 10:52:07 AM
EMCSR202004022BR	BDPBRSAO_20200409105210000237_01.xml	4/9/2020 10:52:34 AM
IASOL202003005BR	BDPBRSAO_20200409105237000238_01.xml	4/9/2020 10:53:02 AM
IASWB202003017BR	BDPBRSAO_20200409105304000239_01.xml	4/9/2020 10:53:29 AM
EMARC202003030BR	BDPBRSAO_20200409105333000240_01.xml	4/9/2020 10:54:03 AM
IMATN202003003BR	BDPBRSAO_20200409105406000241_01.xml	4/9/2020 10:54:33 AM
IMATN202003004BR	BDPBRSAO_20200409105435000242_01.xml	4/9/2020 10:55:11 AM
IMBCB202002002BR	BDPBRSAO_20200409105514000243_01.xml	4/9/2020 10:55:41 AM
IMCBT202003028BR	BDPBRSAO_20200409105543000244_01.xml	4/9/2020 10:56:11 AM
IMCTV202001002BR	BDPBRSAO_20200409105614000245_01.xml	4/9/2020 10:56:42 AM
IMEXO202001035BR	BDPBRSAO_20200409105645000246_01.xml	4/9/2020 10:57:09 AM
IMSWB202004020BR	BDPBRSAO_20200409105712000247_01.xml	4/9/2020 10:57:37 AM
IMSOL202002109BR	BDPBRSAO_20200409105740000248_01.xml	4/9/2020 10:58:07 AM
IMBCB202003005BR	BDPBRSAO_20200409105810000249_01.xml	4/9/2020 10:58:37 AM
IMSOL202002044BR	BDPBRSAO_20200409105840000250_01.xml	4/9/2020 10:59:08 AM
IMCTV202004028BR	BDPBRSAO_20200409105911000251_01.xml	4/9/2020 10:59:37 AM
IMCSR202003406BR	BDPBRSAO_20200409105940000252_01.xml	4/9/2020 11:00:13 AM
IMCSR202003391BR	BDPBRSAO_20200409110016000253_01.xml	4/9/2020 11:00:49 AM
IMSOL202001015BR	BDPBRSAO_20200409110053000254_01.xml	4/9/2020 11:01:25 AM
IMSOL202002030BR	BDPBRSAO_20200409110128000255_01.xml	4/9/2020 11:01:59 AM
IMSOL202002031BR	BDPBRSAO_20200409110202000256_01.xml	4/9/2020 11:02:33 AM
IMSOL202002033BR	BDPBRSAO_20200409110237000257_01.xml	4/9/2020 11:03:08 AM
IMCBT201912008BR	BDPBRSAO_20200409110311000258_01.xml	4/9/2020 11:03:39 AM
IMCTV202004029BR	BDPBRSAO_20200409110343000259_01.xml	4/9/2020 11:04:13 AM
IMCSR202001312BR	BDPBRSAO_20200409110416000260_01.xml	4/9/2020 11:04:51 AM
IMMAU202003003BR	BDPBRSAO_20200409110453000261_01.xml	4/9/2020 11:05:27 AM
IMSOL202002092BR	BDPBRSAO_20200409110530000262_01.xml	4/9/2020 11:06:06 AM
IMCTV202004030BR	BDPBRSAO_20200409110608000263_01.xml	4/9/2020 11:06:35 AM
EMSAM202003012BR	BDPBRSAO_20200409110638000264_01.xml	4/9/2020 11:07:14 AM
IMCSR202004113BR	BDPBRSAO_20200409110717000265_01.xml	4/9/2020 11:07:46 AM
IMSOL202001034BR	BDPBRSAO_20200409110749000266_01.xml	4/9/2020 11:08:17 AM
EMSAM202003013BR	BDPBRSAO_20200409110820000267_01.xml	4/9/2020 11:08:59 AM
EMSAM202003014BR	BDPBRSAO_20200409110903000268_01.xml	4/9/2020 11:09:40 AM
IMCSR202004114BR	BDPBRSAO_20200409110943000269_01.xml	4/9/2020 11:10:15 AM
EMSAM202003015BR	BDPBRSAO_20200409111018000270_01.xml	4/9/2020 11:10:57 AM
IMCSR202004115BR	BDPBRSAO_20200409111100000271_01.xml	4/9/2020 11:11:33 AM
EOCTV202004001BR	BDPBRSAO_20200409111136000272_01.xml	4/9/2020 11:12:08 AM
IMSOL202003013BR	BDPBRSAO_20200409111210000273_01.xml	4/9/2020 11:12:37 AM
IMCSR202001046BR	BDPBRSAO_20200409111240000274_01.xml	4/9/2020 11:13:14 AM
IMCSR202004116BR	BDPBRSAO_20200409111317000275_01.xml	4/9/2020 11:13:46 AM
IMCSR202002228BR	BDPBRSAO_20200409111349000276_01.xml	4/9/2020 11:14:20 AM
IMCSR202003069BR	BDPBRSAO_20200409111423000277_01.xml	4/9/2020 11:15:00 AM
EOCTV202004002BR	BDPBRSAO_20200409111504000278_01.xml	4/9/2020 11:15:29 AM
IMCSR202003201BR	BDPBRSAO_20200409111532000279_01.xml	4/9/2020 11:16:06 AM
IMCSR202003237BR	BDPBRSAO_20200409111609000280_01.xml	4/9/2020 11:16:39 AM
IMEXO202001040BR	BDPBRSAO_20200409111642000281_01.xml	4/9/2020 11:17:08 AM
IMCSR202003252BR	BDPBRSAO_20200409111711000282_01.xml	4/9/2020 11:17:41 AM
IMCSR202003264BR	BDPBRSAO_20200409111743000283_01.xml	4/9/2020 11:18:12 AM
IMCSR202003276BR	BDPBRSAO_20200409111814000284_01.xml	4/9/2020 11:18:46 AM
IMCSR202003376BR	BDPBRSAO_20200409111848000285_01.xml	4/9/2020 11:19:22 AM
IMCSR202003377BR	BDPBRSAO_20200409111925000286_01.xml	4/9/2020 11:20:02 AM
EOCTV202004003BR	BDPBRSAO_20200409112005000287_01.xml	4/9/2020 11:20:37 AM
IMCSR202003390BR	BDPBRSAO_20200409112040000288_01.xml	4/9/2020 11:21:14 AM
IMCSR202003392BR	BDPBRSAO_20200409112116000289_01.xml	4/9/2020 11:21:47 AM
IMCSR202003393BR	BDPBRSAO_20200409112149000290_01.xml	4/9/2020 11:22:24 AM
IMCSR202003394BR	BDPBRSAO_20200409112227000291_01.xml	4/9/2020 11:22:58 AM
IMCSR202003428BR	BDPBRSAO_20200409112301000292_01.xml	4/9/2020 11:23:35 AM
IMCSR202003429BR	BDPBRSAO_20200409112337000293_01.xml	4/9/2020 11:24:13 AM
IMCSR202003431BR	BDPBRSAO_20200409112415000294_01.xml	4/9/2020 11:24:47 AM
IMCSR202003432BR	BDPBRSAO_20200409112450000295_01.xml	4/9/2020 11:25:24 AM
IMCTV202001006BR	BDPBRSAO_20200409112527000296_01.xml	4/9/2020 11:26:02 AM
IMEAS202003013BR	BDPBRSAO_20200409112605000297_01.xml	4/9/2020 11:26:51 AM
IMEAS202003014BR	BDPBRSAO_20200409112654000298_01.xml	4/9/2020 11:27:26 AM
IMIFB201909005BR	BDPBRSAO_20200409112729000299_01.xml	4/9/2020 11:27:57 AM
IMIFB202001013BR	BDPBRSAO_20200409112759000300_01.xml	4/9/2020 11:28:35 AM
IMIFB202001018BR	BDPBRSAO_20200409112837000301_01.xml	4/9/2020 11:29:14 AM
IMIFB202001028BR	BDPBRSAO_20200409112917000302_01.xml	4/9/2020 11:29:47 AM
IMIFB202001029BR	BDPBRSAO_20200409112950000303_01.xml	4/9/2020 11:30:28 AM
IMIFB202001031BR	BDPBRSAO_20200409113031000304_01.xml	4/9/2020 11:31:01 AM
IMIFB202001032BR	BDPBRSAO_20200409113103000305_01.xml	4/9/2020 11:31:35 AM
IMIFB202001035BR	BDPBRSAO_20200409113138000306_01.xml	4/9/2020 11:32:10 AM
IMIFB202001036BR	BDPBRSAO_20200409113213000307_01.xml	4/9/2020 11:32:48 AM
IMIFB202001045BR	BDPBRSAO_20200409113251000308_01.xml	4/9/2020 11:33:37 AM
IMIFB202001047BR	BDPBRSAO_20200409113340000309_01.xml	4/9/2020 11:34:15 AM
IMIFB202001049BR	BDPBRSAO_20200409113418000310_01.xml	4/9/2020 11:34:47 AM
IMIFB202001050BR	BDPBRSAO_20200409113449000311_01.xml	4/9/2020 11:35:19 AM
IMIFB202001051BR	BDPBRSAO_20200409113523000312_01.xml	4/9/2020 11:36:03 AM
IMIFB202001058BR	BDPBRSAO_20200409113606000313_01.xml	4/9/2020 11:36:35 AM
IMOXT202004027BR	BDPBRSAO_20200409113639000314_01.xml	4/9/2020 11:37:15 AM
IMIFB202002049BR	BDPBRSAO_20200409113718000315_01.xml	4/9/2020 11:37:47 AM
EMOXT202002097BR	BDPBRSAO_20200409113750000316_01.xml	4/9/2020 11:38:18 AM
EMOXT202002103BR	BDPBRSAO_20200409113821000317_01.xml	4/9/2020 11:38:49 AM
EMOXT202002171BR	BDPBRSAO_20200409113852000318_01.xml	4/9/2020 11:39:25 AM
EMOXT202002172BR	BDPBRSAO_20200409113927000319_01.xml	4/9/2020 11:39:53 AM
EMOXT202002174BR	BDPBRSAO_20200409113956000320_01.xml	4/9/2020 11:40:23 AM
EMOXT202002175BR	BDPBRSAO_20200409114026000321_01.xml	4/9/2020 11:40:52 AM
EMOXT202002176BR	BDPBRSAO_20200409114054000322_01.xml	4/9/2020 11:41:21 AM
EMOXT202002190BR	BDPBRSAO_20200409114124000323_01.xml	4/9/2020 11:41:49 AM
EMOXT202002220BR	BDPBRSAO_20200409114152000324_01.xml	4/9/2020 11:42:19 AM
EMOXT202002221BR	BDPBRSAO_20200409114221000325_01.xml	4/9/2020 11:42:46 AM
EMOXT202003032BR	BDPBRSAO_20200409114249000326_01.xml	4/9/2020 11:43:15 AM
EMOXT202003072BR	BDPBRSAO_20200409114319000327_01.xml	4/9/2020 11:43:45 AM
EMOXT202003089BR	BDPBRSAO_20200409114348000328_01.xml	4/9/2020 11:44:14 AM
IMMAU202003007BR	BDPBRSAO_20200409114417000329_01.xml	4/9/2020 11:44:43 AM
IMOCV202001012BR	BDPBRSAO_20200409114445000330_01.xml	4/9/2020 11:45:15 AM
IMOCV202001015BR	BDPBRSAO_20200409114519000331_01.xml	4/9/2020 11:45:51 AM
IMSLA202003011BR	BDPBRSAO_20200409114554000332_01.xml	4/9/2020 11:46:27 AM
IMSLA202003012BR	BDPBRSAO_20200409114629000333_01.xml	4/9/2020 11:47:00 AM
IMSLA202003016BR	BDPBRSAO_20200409114703000334_01.xml	4/9/2020 11:47:34 AM
IMCSR202004117BR	BDPBRSAO_20200409114737000335_01.xml	4/9/2020 11:48:10 AM
IMATL202003119BR	BDPBRSAO_20200409114813000336_01.xml	4/9/2020 11:48:43 AM
EMCBT202003001BR	BDPBRSAO_20200409114845000337_01.xml	4/9/2020 11:49:22 AM
IMATL202003131BR	BDPBRSAO_20200409114924000338_01.xml	4/9/2020 11:49:43 AM
IMSWB202002007BR	BDPBRSAO_20200409114945000339_01.xml	4/9/2020 11:50:18 AM
IMTAM202003006BR	BDPBRSAO_20200409115020000340_01.xml	4/9/2020 11:50:52 AM
IMUPM202003002BR	BDPBRSAO_20200409115055000341_01.xml	4/9/2020 11:51:40 AM
EMATL202004006BR	BDPBRSAO_20200409115143000342_01.xml	4/9/2020 11:52:02 AM
IACSR202003019BR	BDPBRSAO_20200409115205000343_01.xml	4/9/2020 11:52:35 AM
IACSR202003022BR	BDPBRSAO_20200409115237000344_01.xml	4/9/2020 11:53:06 AM
IMATL202003133BR	BDPBRSAO_20200409115309000345_01.xml	4/9/2020 11:53:32 AM
IOOXT201803004BR	BDPBRSAO_20200409115335000346_01.xml	4/9/2020 11:54:08 AM
IMOXT201907029BR	BDPBRSAO_20200409115411000347_01.xml	4/9/2020 11:54:46 AM
IOOXT201912002BR	BDPBRSAO_20200409115449000348_01.xml	4/9/2020 11:55:17 AM
IOOXT201805003BR	BDPBRSAO_20200409115520000349_01.xml	4/9/2020 11:55:45 AM
IMOXT201805012BR	BDPBRSAO_20200409115548000350_01.xml	4/9/2020 11:56:19 AM
IMOXT201811025BR	BDPBRSAO_20200409115622000351_01.xml	4/9/2020 11:56:58 AM
IOOXT201802011BR	BDPBRSAO_20200409115700000352_01.xml	4/9/2020 11:57:27 AM
IOOXT201912004BR	BDPBRSAO_20200409115729000353_01.xml	4/9/2020 11:57:59 AM
IMOXT201811027BR	BDPBRSAO_20200409115802000354_01.xml	4/9/2020 11:58:30 AM
IMOXT201806028BR	BDPBRSAO_20200409115832000355_01.xml	4/9/2020 11:59:11 AM
IOOXT201902001BR	BDPBRSAO_20200409115913000356_01.xml	4/9/2020 11:59:49 AM
IMOXT201910005BR	BDPBRSAO_20200409115951000357_01.xml	4/9/2020 12:00:27 PM
IMOXT201811028BR	BDPBRSAO_20200409120031000358_01.xml	4/9/2020 12:01:06 PM
IOOXT201802008BR	BDPBRSAO_20200409120109000359_01.xml	4/9/2020 12:01:47 PM
IMOXT201910026BR	BDPBRSAO_20200409120150000360_01.xml	4/9/2020 12:02:23 PM
IMOXT201809018BR	BDPBRSAO_20200409120226000361_01.xml	4/9/2020 12:02:54 PM
IAOXT201810016BR	BDPBRSAO_20200409120256000362_01.xml	4/9/2020 12:03:51 PM
IMOXT201805024BR	BDPBRSAO_20200409120354000363_01.xml	4/9/2020 12:04:27 PM
IMOXT201810021BR	BDPBRSAO_20200409120430000364_01.xml	4/9/2020 12:04:59 PM
IOOXT202001002BR	BDPBRSAO_20200409120501000365_01.xml	4/9/2020 12:05:35 PM
IOOXT201912005BR	BDPBRSAO_20200409120537000366_01.xml	4/9/2020 12:06:05 PM
IMOXT201809019BR	BDPBRSAO_20200409120608000367_01.xml	4/9/2020 12:06:39 PM
IMOXT201907030BR	BDPBRSAO_20200409120642000368_01.xml	4/9/2020 12:07:12 PM
IMOXT201910027BR	BDPBRSAO_20200409120715000369_01.xml	4/9/2020 12:07:48 PM
IMOXT201905039BR	BDPBRSAO_20200409120751000370_01.xml	4/9/2020 12:08:20 PM
IMOXT201904021BR	BDPBRSAO_20200409120823000371_01.xml	4/9/2020 12:09:15 PM
IMOXT201906022BR	BDPBRSAO_20200409120918000372_01.xml	4/9/2020 12:09:50 PM
IMOXT201812004BR	BDPBRSAO_20200409120953000373_01.xml	4/9/2020 12:10:35 PM
IMOXT201904019BR	BDPBRSAO_20200409121038000374_01.xml	4/9/2020 12:11:19 PM
IMOXT201812006BR	BDPBRSAO_20200409121122000375_01.xml	4/9/2020 12:12:10 PM
IMOXT201906021BR	BDPBRSAO_20200409121212000376_01.xml	4/9/2020 12:12:43 PM
IMOXT201801007BR	BDPBRSAO_20200409121245000377_01.xml	4/9/2020 12:13:17 PM
IMOXT201808034BR	BDPBRSAO_20200409121319000378_01.xml	4/9/2020 12:13:59 PM
IMOXT201812031BR	BDPBRSAO_20200409121401000379_01.xml	4/9/2020 12:14:33 PM
IMOXT201903026BR	BDPBRSAO_20200409121435000380_01.xml	4/9/2020 12:15:14 PM
IMOXT201901007BR	BDPBRSAO_20200409121517000381_01.xml	4/9/2020 12:15:48 PM
IMOXT201911007BR	BDPBRSAO_20200409121551000382_01.xml	4/9/2020 12:16:27 PM
IOOXT201802002BR	BDPBRSAO_20200409121629000383_01.xml	4/9/2020 12:16:57 PM
IMOXT201812023BR	BDPBRSAO_20200409121700000384_01.xml	4/9/2020 12:17:28 PM
IMOXT201811014BR	BDPBRSAO_20200409121731000385_01.xml	4/9/2020 12:18:02 PM
IMOXT201905038BR	BDPBRSAO_20200409121804000386_01.xml	4/9/2020 12:18:32 PM
IMOXT201910007BR	BDPBRSAO_20200409121835000387_01.xml	4/9/2020 12:19:15 PM
IOOXT201902009BR	BDPBRSAO_20200409121918000388_01.xml	4/9/2020 12:19:48 PM
IMOXT201811017BR	BDPBRSAO_20200409121950000389_01.xml	4/9/2020 12:20:25 PM
IOOXT201903001BR	BDPBRSAO_20200409122029000390_01.xml	4/9/2020 12:21:03 PM
IOOXT201912006BR	BDPBRSAO_20200409122105000391_01.xml	4/9/2020 12:21:31 PM
IMOXT201910006BR	BDPBRSAO_20200409122134000392_01.xml	4/9/2020 12:22:05 PM
IMOXT201902015BR	BDPBRSAO_20200409122207000393_01.xml	4/9/2020 12:22:54 PM
IMOXT201911017BR	BDPBRSAO_20200409122257000394_01.xml	4/9/2020 12:23:31 PM
IOOXT201802013BR	BDPBRSAO_20200409122334000395_01.xml	4/9/2020 12:24:01 PM
IMOXT201812016BR	BDPBRSAO_20200409122404000396_01.xml	4/9/2020 12:24:36 PM
IMOXT201809009BR	BDPBRSAO_20200409122440000397_01.xml	4/9/2020 12:25:13 PM
IMOXT201806027BR	BDPBRSAO_20200409122516000398_01.xml	4/9/2020 12:25:51 PM
IMOXT201805013BR	BDPBRSAO_20200409122553000399_01.xml	4/9/2020 12:26:19 PM
IOOXT201810014BR	BDPBRSAO_20200409122622000400_01.xml	4/9/2020 12:26:50 PM
IMOXT201808047BR	BDPBRSAO_20200409122652000401_01.xml	4/9/2020 12:27:40 PM
IMCTV202003014BR	BDPBRSAO_20200409122743000402_01.xml	4/9/2020 12:28:08 PM
IMSOL201912044BR	BDPBRSAO_20200409122810000403_01.xml	4/9/2020 12:28:38 PM
IMCTV202003017BR	BDPBRSAO_20200409122840000404_01.xml	4/9/2020 12:29:09 PM
IACSR202003001BR	BDPBRSAO_20200409122912000405_01.xml	4/9/2020 12:29:38 PM
IMCTV202003015BR	BDPBRSAO_20200409122941000406_01.xml	4/9/2020 12:30:31 PM
IMSWB202002069BR	BDPBRSAO_20200409123035000407_01.xml	4/9/2020 12:31:03 PM
IMCSR202003435BR	BDPBRSAO_20200409123106000408_01.xml	4/9/2020 12:31:38 PM
IMCTV202003016BR	BDPBRSAO_20200409123141000409_01.xml	4/9/2020 12:32:10 PM
IMSOL201912045BR	BDPBRSAO_20200409123213000410_01.xml	4/9/2020 12:32:43 PM
EORHO202003022BR	BDPBRSAO_20200409123245000411_01.xml	4/9/2020 12:33:24 PM
IMATL202003068BR	BDPBRSAO_20200409123327000412_01.xml	4/9/2020 12:33:46 PM
IMSOL201912046BR	BDPBRSAO_20200409123348000413_01.xml	4/9/2020 12:34:20 PM
IMSOL202002063BR	BDPBRSAO_20200409123422000414_01.xml	4/9/2020 12:34:52 PM
EMCSR202003102BR	BDPBRSAO_20200409123455000415_01.xml	4/9/2020 12:35:20 PM
IMATL202001161BR	BDPBRSAO_20200409123523000416_01.xml	4/9/2020 12:35:44 PM
EMSAM202003022BR	BDPBRSAO_20200409123547000417_01.xml	4/9/2020 12:36:29 PM
IMSOL201912085BR	BDPBRSAO_20200409123632000418_01.xml	4/9/2020 12:37:04 PM
EMSAM202003023BR	BDPBRSAO_20200409123707000419_01.xml	4/9/2020 12:37:46 PM
IMSOL202002064BR	BDPBRSAO_20200409123748000420_01.xml	4/9/2020 12:38:14 PM
EMSAM202003024BR	BDPBRSAO_20200409123817000421_01.xml	4/9/2020 12:38:53 PM
IMOXT202001029BR	BDPBRSAO_20200409123856000422_01.xml	4/9/2020 12:39:26 PM
EMSAM202003025BR	BDPBRSAO_20200409123928000423_01.xml	4/9/2020 12:40:03 PM
IMSOL202001001BR	BDPBRSAO_20200409124008000424_01.xml	4/9/2020 12:40:42 PM
IMSOL202003160BR	BDPBRSAO_20200409124044000425_01.xml	4/9/2020 12:41:14 PM
IMCSR202003433BR	BDPBRSAO_20200409124117000426_01.xml	4/9/2020 12:41:44 PM
IMCSR202003434BR	BDPBRSAO_20200409124147000427_01.xml	4/9/2020 12:42:17 PM
IMSOL202003161BR	BDPBRSAO_20200409124220000428_01.xml	4/9/2020 12:42:44 PM
IMCSR202001082BR	BDPBRSAO_20200409124247000429_01.xml	4/9/2020 12:43:21 PM
IMOXT202001054BR	BDPBRSAO_20200409124324000430_01.xml	4/9/2020 12:43:56 PM
IMSPC202003042BR	BDPBRSAO_20200409124359000431_01.xml	4/9/2020 12:44:27 PM
IMSOL202003162BR	BDPBRSAO_20200409124430000432_01.xml	4/9/2020 12:44:53 PM
IMCTV201911020BR	BDPBRSAO_20200409124455000433_01.xml	4/9/2020 12:45:24 PM
IMSOL202003004BR	BDPBRSAO_20200409124527000434_01.xml	4/9/2020 12:45:51 PM
IMCTV201911021BR	BDPBRSAO_20200409124553000435_01.xml	4/9/2020 12:46:20 PM
IMCSR201911274BR	BDPBRSAO_20200409124623000436_01.xml	4/9/2020 12:46:50 PM
IAMTH202003001BR	BDPBRSAO_20200409124652000437_01.xml	4/9/2020 12:47:19 PM
EMSOL202003002BR	BDPBRSAO_20200409124721000438_01.xml	4/9/2020 12:47:47 PM
IMCSR201911273BR	BDPBRSAO_20200409124749000439_01.xml	4/9/2020 12:48:16 PM
IMCSR201911276BR	BDPBRSAO_20200409124818000440_01.xml	4/9/2020 12:48:48 PM
IMSOL202003003BR	BDPBRSAO_20200409124851000441_01.xml	4/9/2020 12:49:15 PM
IMCTV201911023BR	BDPBRSAO_20200409124918000442_01.xml	4/9/2020 12:49:44 PM
IMCSR201907241BR	BDPBRSAO_20200409124948000443_01.xml	4/9/2020 12:50:21 PM
IMSPC202003022BR	BDPBRSAO_20200409125024000444_01.xml	4/9/2020 12:50:52 PM
IMCSR201908221BR	BDPBRSAO_20200409125055000445_01.xml	4/9/2020 12:51:26 PM
IMEXO202004009BR	BDPBRSAO_20200409125129000446_01.xml	4/9/2020 12:51:53 PM
IMCSR201908232BR	BDPBRSAO_20200409125155000447_01.xml	4/9/2020 12:52:27 PM
EMCSR202002099BR	BDPBRSAO_20200409125230000448_01.xml	4/9/2020 12:52:53 PM
EMCSR202003073BR	BDPBRSAO_20200409125256000449_01.xml	4/9/2020 12:53:18 PM
IMCSR201908239BR	BDPBRSAO_20200409125320000450_01.xml	4/9/2020 12:53:51 PM
IAATL202004016BR	BDPBRSAO_20200409125353000451_01.xml	4/9/2020 12:54:09 PM
IMCSR201908240BR	BDPBRSAO_20200409125412000452_01.xml	4/9/2020 12:54:41 PM
IMCSR201908223BR	BDPBRSAO_20200409125443000453_01.xml	4/9/2020 12:55:16 PM
IAOXT201907004BR	BDPBRSAO_20200409125519000454_01.xml	4/9/2020 12:56:24 PM
IMOXT201904017BR	BDPBRSAO_20200409125627000455_01.xml	4/9/2020 12:56:59 PM
IMOXT201802063BR	BDPBRSAO_20200409125701000456_01.xml	4/9/2020 12:57:33 PM
IAOXT201907003BR	BDPBRSAO_20200409125735000457_01.xml	4/9/2020 12:58:11 PM
IMOXT201901010BR	BDPBRSAO_20200409125815000458_01.xml	4/9/2020 12:58:55 PM
IOOXT202001022BR	BDPBRSAO_20200409125858000459_01.xml	4/9/2020 12:59:28 PM
IAOXT202003001BR	BDPBRSAO_20200409125931000460_01.xml	4/9/2020 12:59:59 PM
IMOXT201907018BR	BDPBRSAO_20200409130003000461_01.xml	4/9/2020 1:00:48 PM
IMOXT201911028BR	BDPBRSAO_20200409130052000462_01.xml	4/9/2020 1:01:28 PM
IAOXT201803007BR	BDPBRSAO_20200409130131000463_01.xml	4/9/2020 1:02:10 PM
IAOXT201911018BR	BDPBRSAO_20200409130213000464_01.xml	4/9/2020 1:02:40 PM
IMOXT202003018BR	BDPBRSAO_20200409130242000465_01.xml	4/9/2020 1:03:17 PM
IAOXT201908004BR	BDPBRSAO_20200409130321000466_01.xml	4/9/2020 1:03:45 PM
IMOXT201911001BR	BDPBRSAO_20200409130348000467_01.xml	4/9/2020 1:04:20 PM
IAOXT202002001BR	BDPBRSAO_20200409130422000468_01.xml	4/9/2020 1:04:47 PM
IMOXT202001026BR	BDPBRSAO_20200409130450000469_01.xml	4/9/2020 1:05:26 PM
IMOXT201909008BR	BDPBRSAO_20200409130529000470_01.xml	4/9/2020 1:05:58 PM
IMOXT201912053BR	BDPBRSAO_20200409130601000471_01.xml	4/9/2020 1:06:32 PM
IAOXT202001008BR	BDPBRSAO_20200409130635000472_01.xml	4/9/2020 1:06:59 PM
IMOXT202001061BR	BDPBRSAO_20200409130701000473_01.xml	4/9/2020 1:07:27 PM
IMOXT201912011BR	BDPBRSAO_20200409130730000474_01.xml	4/9/2020 1:07:58 PM
IMOXT201805030BR	BDPBRSAO_20200409130801000475_01.xml	4/9/2020 1:08:32 PM
IMOXT202002027BR	BDPBRSAO_20200409130835000476_01.xml	4/9/2020 1:09:01 PM
IMOXT201907019BR	BDPBRSAO_20200409130905000477_01.xml	4/9/2020 1:09:42 PM
IMOXT201905015BR	BDPBRSAO_20200409130944000478_01.xml	4/9/2020 1:10:11 PM
IMOXT201911033BR	BDPBRSAO_20200409131013000479_01.xml	4/9/2020 1:10:45 PM
IMOXT201909031BR	BDPBRSAO_20200409131047000480_01.xml	4/9/2020 1:11:12 PM
IMCSR201907240BR	BDPBRSAO_20200409131116000481_01.xml	4/9/2020 1:11:43 PM
IMOXT201902043BR	BDPBRSAO_20200409131146000482_01.xml	4/9/2020 1:12:20 PM
IMOXT201905044BR	BDPBRSAO_20200409131223000483_01.xml	4/9/2020 1:12:47 PM
IAOXT201911016BR	BDPBRSAO_20200409131250000484_01.xml	4/9/2020 1:13:14 PM
IMOXT201912062BR	BDPBRSAO_20200409131317000485_01.xml	4/9/2020 1:13:44 PM
IMOXT201911010BR	BDPBRSAO_20200409131346000486_01.xml	4/9/2020 1:14:17 PM
IMOXT202002030BR	BDPBRSAO_20200409131419000487_01.xml	4/9/2020 1:14:50 PM
IAOXT201908007BR	BDPBRSAO_20200409131452000488_01.xml	4/9/2020 1:15:19 PM
IMOXT201909038BR	BDPBRSAO_20200409131521000489_01.xml	4/9/2020 1:15:52 PM
IAOXT201809009BR	BDPBRSAO_20200409131554000490_01.xml	4/9/2020 1:16:21 PM
IMOXT201901022BR	BDPBRSAO_20200409131623000491_01.xml	4/9/2020 1:16:54 PM
IAOXT201812004BR	BDPBRSAO_20200409131656000492_01.xml	4/9/2020 1:17:26 PM
IMOXT201811011BR	BDPBRSAO_20200409131729000493_01.xml	4/9/2020 1:17:55 PM
IAOXT201908014BR	BDPBRSAO_20200409131757000494_01.xml	4/9/2020 1:18:26 PM
IAOXT201906002BR	BDPBRSAO_20200409131829000495_01.xml	4/9/2020 1:19:06 PM
IAOXT201809003BR	BDPBRSAO_20200409131910000496_01.xml	4/9/2020 1:19:37 PM
IAOXT201806004BR	BDPBRSAO_20200409131940000497_01.xml	4/9/2020 1:20:06 PM
IAOXT202001001BR	BDPBRSAO_20200409132010000498_01.xml	4/9/2020 1:20:41 PM
IMOXT201908027BR	BDPBRSAO_20200409132044000499_01.xml	4/9/2020 1:21:19 PM
IMOXT201910025BR	BDPBRSAO_20200409132122000500_01.xml	4/9/2020 1:21:53 PM
IMOXT201909002BR	BDPBRSAO_20200409132156000501_01.xml	4/9/2020 1:22:22 PM
IMOXT201907016BR	BDPBRSAO_20200409132225000502_01.xml	4/9/2020 1:23:04 PM
IMOXT201911030BR	BDPBRSAO_20200409132306000503_01.xml	4/9/2020 1:23:37 PM
IMOXT201907017BR	BDPBRSAO_20200409132340000504_01.xml	4/9/2020 1:24:22 PM
IAOXT201810001BR	BDPBRSAO_20200409132424000505_01.xml	4/9/2020 1:24:54 PM
IMOXT201801009BR	BDPBRSAO_20200409132456000506_01.xml	4/9/2020 1:25:32 PM
IMOXT201905021BR	BDPBRSAO_20200409132535000507_01.xml	4/9/2020 1:26:08 PM
IMOXT201909030BR	BDPBRSAO_20200409132610000508_01.xml	4/9/2020 1:26:39 PM
IMOXT201912010BR	BDPBRSAO_20200409132641000509_01.xml	4/9/2020 1:27:12 PM
IAOXT201908001BR	BDPBRSAO_20200409132714000510_01.xml	4/9/2020 1:27:41 PM
IMOXT201907052BR	BDPBRSAO_20200409132744000511_01.xml	4/9/2020 1:28:17 PM
IMOXT201803004BR	BDPBRSAO_20200409132820000512_01.xml	4/9/2020 1:28:56 PM
IAOXT201908013BR	BDPBRSAO_20200409132858000513_01.xml	4/9/2020 1:29:26 PM
IAOXT201810004BR	BDPBRSAO_20200409132929000514_01.xml	4/9/2020 1:30:25 PM
IMOXT201903010BR	BDPBRSAO_20200409133029000515_01.xml	4/9/2020 1:30:57 PM
IAOXT201809002BR	BDPBRSAO_20200409133059000516_01.xml	4/9/2020 1:31:27 PM
IAOXT202001006BR	BDPBRSAO_20200409133130000517_01.xml	4/9/2020 1:32:15 PM
IMOXT201912058BR	BDPBRSAO_20200409133218000518_01.xml	4/9/2020 1:32:53 PM
IAOXT201907002BR	BDPBRSAO_20200409133256000519_01.xml	4/9/2020 1:33:23 PM
IMOXT201806030BR	BDPBRSAO_20200409133326000520_01.xml	4/9/2020 1:34:00 PM
IMOXT201806005BR	BDPBRSAO_20200409133403000521_01.xml	4/9/2020 1:34:40 PM
IMOXT201811021BR	BDPBRSAO_20200409133442000522_01.xml	4/9/2020 1:35:17 PM
IOOXT202003021BR	BDPBRSAO_20200409133521000523_01.xml	4/9/2020 1:35:47 PM
IMOXT201801033BR	BDPBRSAO_20200409133550000524_01.xml	4/9/2020 1:36:23 PM
IMOXT201911027BR	BDPBRSAO_20200409133626000525_01.xml	4/9/2020 1:37:01 PM
IMOXT201810029BR	BDPBRSAO_20200409133704000526_01.xml	4/9/2020 1:37:32 PM
IMOXT201906013BR	BDPBRSAO_20200409133735000527_01.xml	4/9/2020 1:38:04 PM
IMOXT201802007BR	BDPBRSAO_20200409133807000528_01.xml	4/9/2020 1:38:41 PM
IMOXT201910029BR	BDPBRSAO_20200409133844000529_01.xml	4/9/2020 1:39:17 PM
IMOXT201802051BR	BDPBRSAO_20200409133919000530_01.xml	4/9/2020 1:39:50 PM
IMOXT201911021BR	BDPBRSAO_20200409133953000531_01.xml	4/9/2020 1:40:41 PM
EMSOL202003005BR	BDPBRSAO_20200409134044000532_01.xml	4/9/2020 1:41:16 PM
IMOXT201907055BR	BDPBRSAO_20200409134119000533_01.xml	4/9/2020 1:41:52 PM
IMOXT201807047BR	BDPBRSAO_20200409134154000534_01.xml	4/9/2020 1:42:22 PM
IMOXT201902009BR	BDPBRSAO_20200409134224000535_01.xml	4/9/2020 1:42:57 PM
IMOXT202001011BR	BDPBRSAO_20200409134259000536_01.xml	4/9/2020 1:43:29 PM
IMSWB202004021BR	BDPBRSAO_20200409134331000537_01.xml	4/9/2020 1:43:57 PM
IMOXT201912041BR	BDPBRSAO_20200409134400000538_01.xml	4/9/2020 1:44:28 PM
IMOXT201909018BR	BDPBRSAO_20200409134431000539_01.xml	4/9/2020 1:44:55 PM
IMOXT201901004BR	BDPBRSAO_20200409134457000540_01.xml	4/9/2020 1:45:25 PM
IAOXT201804004BR	BDPBRSAO_20200409134527000541_01.xml	4/9/2020 1:45:51 PM
IAOXT201911017BR	BDPBRSAO_20200409134554000542_01.xml	4/9/2020 1:46:25 PM
IMOXT201912008BR	BDPBRSAO_20200409134628000543_01.xml	4/9/2020 1:46:56 PM
IMOXT202002049BR	BDPBRSAO_20200409134700000544_01.xml	4/9/2020 1:47:34 PM
IAOXT201808001BR	BDPBRSAO_20200409134738000545_01.xml	4/9/2020 1:48:02 PM
IAOXT201911007BR	BDPBRSAO_20200409134806000546_01.xml	4/9/2020 1:48:34 PM
IAOXT201810009BR	BDPBRSAO_20200409134837000547_01.xml	4/9/2020 1:49:03 PM
IAOXT202003004BR	BDPBRSAO_20200409134906000548_01.xml	4/9/2020 1:49:29 PM
IMOXT202003016BR	BDPBRSAO_20200409134932000549_01.xml	4/9/2020 1:50:07 PM
IMOXT202002022BR	BDPBRSAO_20200409135011000550_01.xml	4/9/2020 1:50:46 PM
IMOXT201911011BR	BDPBRSAO_20200409135048000551_01.xml	4/9/2020 1:51:17 PM
IMOXT202003014BR	BDPBRSAO_20200409135120000552_01.xml	4/9/2020 1:51:59 PM
IMOXT201809031BR	BDPBRSAO_20200409135201000553_01.xml	4/9/2020 1:52:29 PM
IMOXT201802010BR	BDPBRSAO_20200409135231000554_01.xml	4/9/2020 1:52:59 PM
IAOXT201811001BR	BDPBRSAO_20200409135303000555_01.xml	4/9/2020 1:53:28 PM
IMOXT202002024BR	BDPBRSAO_20200409135331000556_01.xml	4/9/2020 1:53:58 PM
IMOXT201803054BR	BDPBRSAO_20200409135400000557_01.xml	4/9/2020 1:54:36 PM
IMOXT201910036BR	BDPBRSAO_20200409135438000558_01.xml	4/9/2020 1:55:05 PM
IMOXT201911004BR	BDPBRSAO_20200409135508000559_01.xml	4/9/2020 1:55:48 PM
IMCSR201907238BR	BDPBRSAO_20200409135550000560_01.xml	4/9/2020 1:56:17 PM
IMOXT201906023BR	BDPBRSAO_20200409135620000561_01.xml	4/9/2020 1:56:49 PM
IOOXT202003002BR	BDPBRSAO_20200409135651000562_01.xml	4/9/2020 1:57:15 PM
IMOXT202003013BR	BDPBRSAO_20200409135717000563_01.xml	4/9/2020 1:57:47 PM
IAOXT201802001BR	BDPBRSAO_20200409135749000564_01.xml	4/9/2020 1:58:15 PM
IOOXT202003016BR	BDPBRSAO_20200409135817000565_01.xml	4/9/2020 1:58:44 PM
IMOXT201802013BR	BDPBRSAO_20200409135847000566_01.xml	4/9/2020 1:59:15 PM
IMOXT201801011BR	BDPBRSAO_20200409135917000567_01.xml	4/9/2020 1:59:53 PM
IMOXT201909052BR	BDPBRSAO_20200409135956000568_01.xml	4/9/2020 2:00:30 PM
IMOXT201910037BR	BDPBRSAO_20200409140034000569_01.xml	4/9/2020 2:01:12 PM
IMOXT201807040BR	BDPBRSAO_20200409140114000570_01.xml	4/9/2020 2:01:53 PM
IMOXT201805031BR	BDPBRSAO_20200409140157000571_01.xml	4/9/2020 2:02:38 PM
IMOXT201811018BR	BDPBRSAO_20200409140241000572_01.xml	4/9/2020 2:03:15 PM
IMOXT201902007BR	BDPBRSAO_20200409140318000573_01.xml	4/9/2020 2:03:54 PM
IMOXT201812045BR	BDPBRSAO_20200409140357000574_01.xml	4/9/2020 2:04:29 PM
IMOXT201809014BR	BDPBRSAO_20200409140438000575_01.xml	4/9/2020 2:05:12 PM
IMOXT201807006BR	BDPBRSAO_20200409140514000576_01.xml	4/9/2020 2:05:45 PM
IOOXT202003008BR	BDPBRSAO_20200409140547000577_01.xml	4/9/2020 2:06:23 PM
IMOXT201909019BR	BDPBRSAO_20200409140627000578_01.xml	4/9/2020 2:07:50 PM
IMOXT201811026BR	BDPBRSAO_20200409140755000579_01.xml	4/9/2020 2:08:38 PM
IMOXT201803041BR	BDPBRSAO_20200409140840000580_01.xml	4/9/2020 2:09:12 PM
IMOXT201907026BR	BDPBRSAO_20200409140915000581_01.xml	4/9/2020 2:09:51 PM
EMARC202004007BR	BDPBRSAO_20200409140954000582_01.xml	4/9/2020 2:10:33 PM
IMOXT201901008BR	BDPBRSAO_20200409141037000583_01.xml	4/9/2020 2:11:11 PM
IAOXT201910005BR	BDPBRSAO_20200409141117000584_01.xml	4/9/2020 2:11:51 PM
IAOXT202001009BR	BDPBRSAO_20200409141154000585_01.xml	4/9/2020 2:12:37 PM
IAOXT201903001BR	BDPBRSAO_20200409141241000586_01.xml	4/9/2020 2:13:22 PM
IMOXT201907053BR	BDPBRSAO_20200409141325000587_01.xml	4/9/2020 2:14:03 PM
IMOXT201910032BR	BDPBRSAO_20200409141405000588_01.xml	4/9/2020 2:14:35 PM
IMOXT201912028BR	BDPBRSAO_20200409141439000589_01.xml	4/9/2020 2:15:24 PM
IMOXT202003031BR	BDPBRSAO_20200409141528000590_01.xml	4/9/2020 2:15:56 PM
IMOXT201806025BR	BDPBRSAO_20200409141559000591_01.xml	4/9/2020 2:16:36 PM
IMOXT201807035BR	BDPBRSAO_20200409141639000592_01.xml	4/9/2020 2:17:08 PM
IAOXT201911012BR	BDPBRSAO_20200409141711000593_01.xml	4/9/2020 2:17:40 PM
IAOXT201802007BR	BDPBRSAO_20200409141743000594_01.xml	4/9/2020 2:18:11 PM
IMOXT201812003BR	BDPBRSAO_20200409141814000595_01.xml	4/9/2020 2:18:48 PM
IMOXT201912059BR	BDPBRSAO_20200409141852000596_01.xml	4/9/2020 2:19:29 PM
IMOXT201911015BR	BDPBRSAO_20200409141933000597_01.xml	4/9/2020 2:20:05 PM
IMCSR201907237BR	BDPBRSAO_20200409142009000598_01.xml	4/9/2020 2:20:46 PM
IMOXT201911014BR	BDPBRSAO_20200409142049000599_01.xml	4/9/2020 2:21:21 PM
IMOXT201805032BR	BDPBRSAO_20200409142123000600_01.xml	4/9/2020 2:21:55 PM
IMOXT201911035BR	BDPBRSAO_20200409142158000601_01.xml	4/9/2020 2:22:33 PM
IAOXT201905010BR	BDPBRSAO_20200409142236000602_01.xml	4/9/2020 2:23:06 PM
IMOXT201810015BR	BDPBRSAO_20200409142309000603_01.xml	4/9/2020 2:23:39 PM
IOOXT202003019BR	BDPBRSAO_20200409142341000604_01.xml	4/9/2020 2:24:13 PM
IMOXT201807048BR	BDPBRSAO_20200409142416000605_01.xml	4/9/2020 2:24:48 PM
IMOXT202001034BR	BDPBRSAO_20200409142451000606_01.xml	4/9/2020 2:25:28 PM
IMOXT201807011BR	BDPBRSAO_20200409142530000607_01.xml	4/9/2020 2:26:09 PM
IOOXT202002001BR	BDPBRSAO_20200409142612000608_01.xml	4/9/2020 2:26:42 PM
IAOXT201811003BR	BDPBRSAO_20200409142645000609_01.xml	4/9/2020 2:27:16 PM
IMOXT201911002BR	BDPBRSAO_20200409142719000610_01.xml	4/9/2020 2:27:51 PM
IMOXT201811029BR	BDPBRSAO_20200409142753000611_01.xml	4/9/2020 2:28:22 PM
IMOXT201912038BR	BDPBRSAO_20200409142825000612_01.xml	4/9/2020 2:28:57 PM
IMOXT201805026BR	BDPBRSAO_20200409142900000613_01.xml	4/9/2020 2:29:34 PM
IMOXT201909032BR	BDPBRSAO_20200409142936000614_01.xml	4/9/2020 2:30:06 PM
IMOXT202001010BR	BDPBRSAO_20200409143010000615_01.xml	4/9/2020 2:30:41 PM
IMOXT201805018BR	BDPBRSAO_20200409143044000616_01.xml	4/9/2020 2:31:15 PM
IMOXT201806024BR	BDPBRSAO_20200409143117000617_01.xml	4/9/2020 2:31:52 PM
IMOXT201801038BR	BDPBRSAO_20200409143155000618_01.xml	4/9/2020 2:32:31 PM
IAOXT201905008BR	BDPBRSAO_20200409143234000619_01.xml	4/9/2020 2:33:16 PM
IMOXT201804012BR	BDPBRSAO_20200409143319000620_01.xml	4/9/2020 2:33:50 PM
IMOXT201807010BR	BDPBRSAO_20200409143353000621_01.xml	4/9/2020 2:34:28 PM
IMCSR201907236BR	BDPBRSAO_20200409143431000622_01.xml	4/9/2020 2:35:03 PM
IAOXT201907006BR	BDPBRSAO_20200409143506000623_01.xml	4/9/2020 2:35:34 PM
IMOXT201809012BR	BDPBRSAO_20200409143537000624_01.xml	4/9/2020 2:36:11 PM
IMOXT201912052BR	BDPBRSAO_20200409143615000625_01.xml	4/9/2020 2:36:45 PM
IMOXT201807008BR	BDPBRSAO_20200409143649000626_01.xml	4/9/2020 2:37:19 PM
IMOXT201805025BR	BDPBRSAO_20200409143723000627_01.xml	4/9/2020 2:37:59 PM
IMOXT201805019BR	BDPBRSAO_20200409143805000628_01.xml	4/9/2020 2:38:32 PM
IMOXT201904002BR	BDPBRSAO_20200409143835000629_01.xml	4/9/2020 2:39:06 PM
IMOXT201801035BR	BDPBRSAO_20200409143908000630_01.xml	4/9/2020 2:39:36 PM
IMOXT201907007BR	BDPBRSAO_20200409143939000631_01.xml	4/9/2020 2:40:08 PM
IOOXT202003017BR	BDPBRSAO_20200409144011000632_01.xml	4/9/2020 2:40:37 PM
IMOXT201808003BR	BDPBRSAO_20200409144040000633_01.xml	4/9/2020 2:41:06 PM
IAOXT201911011BR	BDPBRSAO_20200409144108000634_01.xml	4/9/2020 2:41:34 PM
IMOXT201812046BR	BDPBRSAO_20200409144137000635_01.xml	4/9/2020 2:42:04 PM
IMOXT201907027BR	BDPBRSAO_20200409144206000636_01.xml	4/9/2020 2:42:35 PM
IMOXT201807045BR	BDPBRSAO_20200409144238000637_01.xml	4/9/2020 2:43:15 PM
IMOXT201806029BR	BDPBRSAO_20200409144318000638_01.xml	4/9/2020 2:43:47 PM
IMOXT201906014BR	BDPBRSAO_20200409144350000639_01.xml	4/9/2020 2:44:18 PM
IMOXT201912031BR	BDPBRSAO_20200409144421000640_01.xml	4/9/2020 2:44:53 PM
IMCSR201911272BR	BDPBRSAO_20200409144456000641_01.xml	4/9/2020 2:45:29 PM
IMOXT201803039BR	BDPBRSAO_20200409144533000642_01.xml	4/9/2020 2:46:09 PM
IMOXT201804036BR	BDPBRSAO_20200409144612000643_01.xml	4/9/2020 2:46:46 PM
IMOXT201804011BR	BDPBRSAO_20200409144649000644_01.xml	4/9/2020 2:47:17 PM
IMOXT201902021BR	BDPBRSAO_20200409144719000645_01.xml	4/9/2020 2:47:53 PM
IMATL202003128BR	BDPBRSAO_20200409144756000646_01.xml	4/9/2020 2:48:18 PM
IAOXT201902004BR	BDPBRSAO_20200409144821000647_01.xml	4/9/2020 2:49:00 PM
IMOXT201905045BR	BDPBRSAO_20200409144903000648_01.xml	4/9/2020 2:49:34 PM
IMOXT202001024BR	BDPBRSAO_20200409144937000649_01.xml	4/9/2020 2:50:11 PM
IMOXT201912050BR	BDPBRSAO_20200409145016000650_01.xml	4/9/2020 2:50:59 PM
IOOXT202001017BR	BDPBRSAO_20200409145102000651_01.xml	4/9/2020 2:51:31 PM
IMOXT201808001BR	BDPBRSAO_20200409145134000652_01.xml	4/9/2020 2:52:09 PM
IMOXT201807027BR	BDPBRSAO_20200409145212000653_01.xml	4/9/2020 2:52:46 PM
IMOXT201806032BR	BDPBRSAO_20200409145250000654_01.xml	4/9/2020 2:53:24 PM
IOOXT202001011BR	BDPBRSAO_20200409145326000655_01.xml	4/9/2020 2:54:00 PM
IMOXT201809023BR	BDPBRSAO_20200409145403000656_01.xml	4/9/2020 2:54:33 PM
IMOXT201911038BR	BDPBRSAO_20200409145435000657_01.xml	4/9/2020 2:55:09 PM
IMOXT201911018BR	BDPBRSAO_20200409145513000658_01.xml	4/9/2020 2:55:43 PM
IMOXT201909049BR	BDPBRSAO_20200409145546000659_01.xml	4/9/2020 2:56:20 PM
IMOXT202002002BR	BDPBRSAO_20200409145623000660_01.xml	4/9/2020 2:56:57 PM
IMOXT201907054BR	BDPBRSAO_20200409145659000661_01.xml	4/9/2020 2:57:35 PM
EOEXO202004002BR	BDPBRSAO_20200409145738000662_01.xml	4/9/2020 2:58:07 PM
IMOXT201908031BR	BDPBRSAO_20200409145809000663_01.xml	4/9/2020 2:58:42 PM
IOOXT202001013BR	BDPBRSAO_20200409145845000664_01.xml	4/9/2020 2:59:13 PM
IMOXT202002026BR	BDPBRSAO_20200409145916000665_01.xml	4/9/2020 2:59:45 PM
EMARC202003010BR	BDPBRSAO_20200409145948000666_01.xml	4/9/2020 3:00:28 PM
IMCSR201907239BR	BDPBRSAO_20200409150031000667_01.xml	4/9/2020 3:01:06 PM
IMSWB202004022BR	BDPBRSAO_20200409150109000668_01.xml	4/9/2020 3:01:38 PM
IMCSR201908241BR	BDPBRSAO_20200409150141000669_01.xml	4/9/2020 3:02:16 PM
EORHO202003021BR	BDPBRSAO_20200409150219000670_01.xml	4/9/2020 3:02:45 PM
IMATL202004003BR	BDPBRSAO_20200409150248000671_01.xml	4/9/2020 3:03:07 PM
IMCTV202002021BR	BDPBRSAO_20200409150310000672_01.xml	4/9/2020 3:03:44 PM
EAOXT202004001BR	BDPBRSAO_20200409150347000673_01.xml	4/9/2020 3:04:17 PM
EOEXO202004001BR	BDPBRSAO_20200409150420000674_01.xml	4/9/2020 3:04:47 PM
IMCSR202003281BR	BDPBRSAO_20200409150451000675_01.xml	4/9/2020 3:05:28 PM
IMOXT202003028BR	BDPBRSAO_20200409150531000676_01.xml	4/9/2020 3:06:03 PM
IMCSR202003407BR	BDPBRSAO_20200409150606000677_01.xml	4/9/2020 3:06:43 PM
IMATL202003129BR	BDPBRSAO_20200409150647000678_01.xml	4/9/2020 3:07:14 PM
IAATH202003002BR	BDPBRSAO_20200409150717000679_01.xml	4/9/2020 3:07:44 PM
IMCSR202003280BR	BDPBRSAO_20200409150747000680_01.xml	4/9/2020 3:08:19 PM
IMSWB202004023BR	BDPBRSAO_20200409150822000681_01.xml	4/9/2020 3:08:52 PM
IABSF202004002BR	BDPBRSAO_20200409150855000682_01.xml	4/9/2020 3:09:23 PM
IMSOL201910104BR	BDPBRSAO_20200409150927000683_01.xml	4/9/2020 3:10:00 PM
EMCSR202003100BR	BDPBRSAO_20200409151003000684_01.xml	4/9/2020 3:10:30 PM
IMATL202004007BR	BDPBRSAO_20200409151032000685_01.xml	4/9/2020 3:10:50 PM
IMEXO202002022BR	BDPBRSAO_20200409151053000686_01.xml	4/9/2020 3:12:07 PM
IOCTV202003017BR	BDPBRSAO_20200409151210000687_01.xml	4/9/2020 3:12:38 PM
IOCTV202003018BR	BDPBRSAO_20200409151241000688_01.xml	4/9/2020 3:13:09 PM
IOCTV202003019BR	BDPBRSAO_20200409151312000689_01.xml	4/9/2020 3:13:40 PM
IMSWB202004024BR	BDPBRSAO_20200409151342000690_01.xml	4/9/2020 3:14:14 PM
EMCSR202003091BR	BDPBRSAO_20200409151416000691_01.xml	4/9/2020 3:14:42 PM
IMCSR202003258BR	BDPBRSAO_20200409151445000692_01.xml	4/9/2020 3:15:19 PM
IOCTV202003038BR	BDPBRSAO_20200409151522000693_01.xml	4/9/2020 3:15:50 PM
EMCSR202003135BR	BDPBRSAO_20200409151553000694_01.xml	4/9/2020 3:16:16 PM
EMCSR202002098BR	BDPBRSAO_20200409151619000695_01.xml	4/9/2020 3:16:42 PM
IOCTV202003039BR	BDPBRSAO_20200409151644000696_01.xml	4/9/2020 3:17:11 PM
EMCSR202003111BR	BDPBRSAO_20200409151713000697_01.xml	4/9/2020 3:17:32 PM
IMCSR201910335BR	BDPBRSAO_20200409151734000698_01.xml	4/9/2020 3:18:02 PM
EMCSR202003101BR	BDPBRSAO_20200409151805000699_01.xml	4/9/2020 3:18:25 PM
EMCSR202003134BR	BDPBRSAO_20200409151828000700_01.xml	4/9/2020 3:18:48 PM
IMCSR201910336BR	BDPBRSAO_20200409151850000701_01.xml	4/9/2020 3:19:21 PM
IMCSR201911277BR	BDPBRSAO_20200409151923000702_01.xml	4/9/2020 3:19:52 PM
IMSPC202003029BR	BDPBRSAO_20200409151955000703_01.xml	4/9/2020 3:20:40 PM
IMCSR201910340BR	BDPBRSAO_20200409152042000704_01.xml	4/9/2020 3:21:11 PM
IMSOL202004055BR	BDPBRSAO_20200409152114000705_01.xml	4/9/2020 3:21:44 PM
EMCBE202003003BR	BDPBRSAO_20200409152147000706_01.xml	4/9/2020 3:22:16 PM
IMSOL202004054BR	BDPBRSAO_20200409152217000707_01.xml	4/9/2020 3:22:46 PM
EMOXT202003132BR	BDPBRSAO_20200409152249000708_01.xml	4/9/2020 3:23:21 PM
IMCSR201910343BR	BDPBRSAO_20200409152324000709_01.xml	4/9/2020 3:23:51 PM
EOOXT202004001BR	BDPBRSAO_20200409152354000710_01.xml	4/9/2020 3:24:21 PM
IMCTV202002033BR	BDPBRSAO_20200409152424000711_01.xml	4/9/2020 3:24:51 PM
IMCSR201910338BR	BDPBRSAO_20200409152455000712_01.xml	4/9/2020 3:25:25 PM
IMSWB202002077BR	BDPBRSAO_20200409152527000713_01.xml	4/9/2020 3:25:53 PM
IMSOL202004098BR	BDPBRSAO_20200409152556000714_01.xml	4/9/2020 3:26:20 PM
IMCSR202003510BR	BDPBRSAO_20200409152623000715_01.xml	4/9/2020 3:26:49 PM
IMSOL202003034BR	BDPBRSAO_20200409152652000716_01.xml	4/9/2020 3:27:17 PM
IOOXT202001023BR	BDPBRSAO_20200409152720000717_01.xml	4/9/2020 3:27:43 PM
IMCSR201910339BR	BDPBRSAO_20200409152745000718_01.xml	4/9/2020 3:28:18 PM
IMCSR201910341BR	BDPBRSAO_20200409152820000719_01.xml	4/9/2020 3:28:48 PM
IAATL202004017BR	BDPBRSAO_20200409152850000720_01.xml	4/9/2020 3:29:06 PM
EOCPE202003001BR	BDPBRSAO_20200409152910000721_01.xml	4/9/2020 3:29:29 PM
EOCPE202002006BR	BDPBRSAO_20200409152932000722_01.xml	4/9/2020 3:30:00 PM
IMCSR201910342BR	BDPBRSAO_20200409153004000723_01.xml	4/9/2020 3:30:34 PM
EMATL202004023BR	BDPBRSAO_20200409153037000724_01.xml	4/9/2020 3:30:57 PM
IMCSR202003459BR	BDPBRSAO_20200409153059000725_01.xml	4/9/2020 3:31:28 PM
IMCTV202004094BR	BDPBRSAO_20200409153130000726_01.xml	4/9/2020 3:31:56 PM
IMCTV202003029BR	BDPBRSAO_20200409153158000727_01.xml	4/9/2020 3:32:27 PM
EMSOL202003006BR	BDPBRSAO_20200409153230000728_01.xml	4/9/2020 3:32:57 PM
IMSOL202004099BR	BDPBRSAO_20200409153259000729_01.xml	4/9/2020 3:33:25 PM
IMCTV202003030BR	BDPBRSAO_20200409153327000730_01.xml	4/9/2020 3:33:55 PM
IMSOL202002078BR	BDPBRSAO_20200409153358000731_01.xml	4/9/2020 3:34:27 PM
IMCTV202004095BR	BDPBRSAO_20200409153429000732_01.xml	4/9/2020 3:34:56 PM
IMCTV202003031BR	BDPBRSAO_20200409153459000733_01.xml	4/9/2020 3:35:33 PM
EMCSR202003096BR	BDPBRSAO_20200409153535000734_01.xml	4/9/2020 3:36:00 PM
IMOCV202003005BR	BDPBRSAO_20200409153603000735_01.xml	4/9/2020 3:36:32 PM
EMARC202004008BR	BDPBRSAO_20200409153635000736_01.xml	4/9/2020 3:37:02 PM
IMCTV202003028BR	BDPBRSAO_20200409153705000737_01.xml	4/9/2020 3:37:33 PM
IMSOL202002121BR	BDPBRSAO_20200409153736000738_01.xml	4/9/2020 3:38:03 PM
IMCSR201910334BR	BDPBRSAO_20200409153806000739_01.xml	4/9/2020 3:38:35 PM
IMCSR202003211BR	BDPBRSAO_20200409153838000740_01.xml	4/9/2020 3:39:12 PM
IMCSR202003504BR	BDPBRSAO_20200409153916000741_01.xml	4/9/2020 3:39:47 PM
IMEXO202002018BR	BDPBRSAO_20200409153950000742_01.xml	4/9/2020 3:40:39 PM
IMCTV202004038BR	BDPBRSAO_20200409154042000743_01.xml	4/9/2020 3:41:13 PM
IMIFB202002048BR	BDPBRSAO_20200409154115000744_01.xml	4/9/2020 3:41:47 PM
EMSLA202003007BR	BDPBRSAO_20200409154150000745_01.xml	4/9/2020 3:42:18 PM
IMOXT202001056BR	BDPBRSAO_20200409154220000746_01.xml	4/9/2020 3:42:45 PM
IMSLA202004001BR	BDPBRSAO_20200409154248000747_01.xml	4/9/2020 3:43:04 PM
EMSAM202004005BR	BDPBRSAO_20200409154306000748_01.xml	4/9/2020 3:43:28 PM
IMSWB202002075BR	BDPBRSAO_20200409154330000749_01.xml	4/9/2020 3:44:00 PM
EMSAM202004006BR	BDPBRSAO_20200409154404000750_01.xml	4/9/2020 3:44:25 PM
IMSWB202004025BR	BDPBRSAO_20200409154428000751_01.xml	4/9/2020 3:44:56 PM
EMCSR202003064BR	BDPBRSAO_20200409154459000752_01.xml	4/9/2020 3:45:28 PM
EMSAM202004007BR	BDPBRSAO_20200409154530000753_01.xml	4/9/2020 3:45:53 PM
IMEXO202001037BR	BDPBRSAO_20200409154558000754_01.xml	4/9/2020 3:46:27 PM
IMSOL202001039BR	BDPBRSAO_20200409154629000755_01.xml	4/9/2020 3:47:00 PM
IMOXT201807012BR	BDPBRSAO_20200409154703000756_01.xml	4/9/2020 3:47:44 PM
IMOXT201908012BR	BDPBRSAO_20200409154748000757_01.xml	4/9/2020 3:48:40 PM
IMOXT201810026BR	BDPBRSAO_20200409154844000758_01.xml	4/9/2020 3:49:17 PM
IMOXT201809022BR	BDPBRSAO_20200409154920000759_01.xml	4/9/2020 3:49:52 PM
IMOXT201903027BR	BDPBRSAO_20200409154955000760_01.xml	4/9/2020 3:50:39 PM
IMOXT201803047BR	BDPBRSAO_20200409155042000761_01.xml	4/9/2020 3:51:20 PM
IMOXT201803027BR	BDPBRSAO_20200409155122000762_01.xml	4/9/2020 3:51:59 PM
IMOXT201802008BR	BDPBRSAO_20200409155202000763_01.xml	4/9/2020 3:52:32 PM
IMOXT201802011BR	BDPBRSAO_20200409155235000764_01.xml	4/9/2020 3:53:10 PM
IMOXT201803048BR	BDPBRSAO_20200409155313000765_01.xml	4/9/2020 3:53:48 PM
IMOXT201806033BR	BDPBRSAO_20200409155352000766_01.xml	4/9/2020 3:54:24 PM
IMOXT201809013BR	BDPBRSAO_20200409155427000767_01.xml	4/9/2020 3:54:54 PM
IMOXT201912009BR	BDPBRSAO_20200409155456000768_01.xml	4/9/2020 3:55:27 PM
IMOXT201807041BR	BDPBRSAO_20200409155529000769_01.xml	4/9/2020 3:56:01 PM
IMOXT201903019BR	BDPBRSAO_20200409155604000770_01.xml	4/9/2020 3:56:34 PM
IMOXT201911016BR	BDPBRSAO_20200409155637000771_01.xml	4/9/2020 3:57:06 PM
IMOXT201911036BR	BDPBRSAO_20200409155708000772_01.xml	4/9/2020 3:57:40 PM
IMOXT201801018BR	BDPBRSAO_20200409155743000773_01.xml	4/9/2020 3:58:19 PM
IMOXT201810007BR	BDPBRSAO_20200409155822000774_01.xml	4/9/2020 3:58:54 PM
IMOXT201802055BR	BDPBRSAO_20200409155857000775_01.xml	4/9/2020 3:59:34 PM
IMOXT201911025BR	BDPBRSAO_20200409155937000776_01.xml	4/9/2020 4:00:07 PM
IMOXT201807022BR	BDPBRSAO_20200409160012000777_01.xml	4/9/2020 4:00:48 PM
IMOXT201910016BR	BDPBRSAO_20200409160051000778_01.xml	4/9/2020 4:01:26 PM
IMOXT201807017BR	BDPBRSAO_20200409160128000779_01.xml	4/9/2020 4:02:03 PM
IMOXT201809006BR	BDPBRSAO_20200409160205000780_01.xml	4/9/2020 4:02:36 PM
IMOXT201902002BR	BDPBRSAO_20200409160240000781_01.xml	4/9/2020 4:03:08 PM
IMOXT201802053BR	BDPBRSAO_20200409160311000782_01.xml	4/9/2020 4:03:45 PM
IMOXT201902003BR	BDPBRSAO_20200409160348000783_01.xml	4/9/2020 4:04:15 PM
IMOXT201812002BR	BDPBRSAO_20200409160418000784_01.xml	4/9/2020 4:04:44 PM
IMOXT201811015BR	BDPBRSAO_20200409160446000785_01.xml	4/9/2020 4:05:15 PM
IMOXT201806026BR	BDPBRSAO_20200409160519000786_01.xml	4/9/2020 4:05:48 PM
IMOXT201909029BR	BDPBRSAO_20200409160551000787_01.xml	4/9/2020 4:06:17 PM
IMCTV202004041BR	BDPBRSAO_20200409160620000788_01.xml	4/9/2020 4:06:44 PM
IMSPC202004023BR	BDPBRSAO_20200409160647000789_01.xml	4/9/2020 4:07:09 PM
EMSOL202004002BR	BDPBRSAO_20200409160711000790_01.xml	4/9/2020 4:07:37 PM
IMMAU202003014BR	BDPBRSAO_20200409160740000791_01.xml	4/9/2020 4:08:05 PM
EMSOL202003009BR	BDPBRSAO_20200409160808000792_01.xml	4/9/2020 4:08:34 PM
EMCSR202003074BR	BDPBRSAO_20200409160837000793_01.xml	4/9/2020 4:08:59 PM
IMSWB202004026BR	BDPBRSAO_20200409160902000794_01.xml	4/9/2020 4:09:27 PM
IMCSR202004118BR	BDPBRSAO_20200409160930000795_01.xml	4/9/2020 4:09:56 PM
IAMTE202004011BR	BDPBRSAO_20200409160958000796_01.xml	4/9/2020 4:10:13 PM
IMMAU202003013BR	BDPBRSAO_20200409161016000797_01.xml	4/9/2020 4:10:40 PM
EMCSR202003123BR	BDPBRSAO_20200409161043000798_01.xml	4/9/2020 4:11:01 PM
IOCTV201911018BR	BDPBRSAO_20200409161104000799_01.xml	4/9/2020 4:11:28 PM
IMSOL202002132BR	BDPBRSAO_20200409161130000800_01.xml	4/9/2020 4:11:54 PM
EMCSR202003124BR	BDPBRSAO_20200409161157000801_01.xml	4/9/2020 4:12:15 PM
IMSWB202002092BR	BDPBRSAO_20200409161217000802_01.xml	4/9/2020 4:12:42 PM
EMFUN202004001BR	BDPBRSAO_20200409161245000803_01.xml	4/9/2020 4:12:58 PM
IMSOL201912033BR	BDPBRSAO_20200409161300000804_01.xml	4/9/2020 4:13:25 PM
EMCSR202003132BR	BDPBRSAO_20200409161328000805_01.xml	4/9/2020 4:13:52 PM
IMSWB202004027BR	BDPBRSAO_20200409161355000806_01.xml	4/9/2020 4:14:27 PM
IMLAN202004001BR	BDPBRSAO_20200409161430000807_01.xml	4/9/2020 4:14:49 PM
EMATL202001032BR	BDPBRSAO_20200409161453000808_01.xml	4/9/2020 4:15:10 PM
IACSR202003014BR	BDPBRSAO_20200409161514000809_01.xml	4/9/2020 4:15:38 PM
IMSWB202002130BR	BDPBRSAO_20200409161540000810_01.xml	4/9/2020 4:16:06 PM
IACSR202004003BR	BDPBRSAO_20200409161609000811_01.xml	4/9/2020 4:16:36 PM
IAOCV202002003BR	BDPBRSAO_20200409161638000812_01.xml	4/9/2020 4:17:02 PM
IMATN202003009BR	BDPBRSAO_20200409161705000813_01.xml	4/9/2020 4:17:30 PM
IMCBT202003030BR	BDPBRSAO_20200409161732000814_01.xml	4/9/2020 4:17:58 PM
EMCSR202003112BR	BDPBRSAO_20200409161801000815_01.xml	4/9/2020 4:18:18 PM
IMCSR201912201BR	BDPBRSAO_20200409161820000816_01.xml	4/9/2020 4:18:50 PM
EMARC202003039BR	BDPBRSAO_20200409161852000817_01.xml	4/9/2020 4:19:23 PM
IMCSR202001295BR	BDPBRSAO_20200409161925000818_01.xml	4/9/2020 4:19:54 PM
EMFUN202004002BR	BDPBRSAO_20200409161956000819_01.xml	4/9/2020 4:20:17 PM
IMCSR202003200BR	BDPBRSAO_20200409162019000820_01.xml	4/9/2020 4:20:53 PM
IMCSR202003255BR	BDPBRSAO_20200409162055000821_01.xml	4/9/2020 4:21:23 PM
IMCSR202003256BR	BDPBRSAO_20200409162126000822_01.xml	4/9/2020 4:21:55 PM
IMCSR202003272BR	BDPBRSAO_20200409162157000823_01.xml	4/9/2020 4:22:25 PM
EMATL202002029BR	BDPBRSAO_20200409162228000824_01.xml	4/9/2020 4:22:46 PM
EMOXT202003156BR	BDPBRSAO_20200409162248000825_01.xml	4/9/2020 4:23:14 PM
IMCTV202002020BR	BDPBRSAO_20200409162316000826_01.xml	4/9/2020 4:23:43 PM
IMCTV202002022BR	BDPBRSAO_20200409162346000827_01.xml	4/9/2020 4:24:15 PM
IMCTV202002035BR	BDPBRSAO_20200409162417000828_01.xml	4/9/2020 4:24:47 PM
EMOXT202003049BR	BDPBRSAO_20200409162450000829_01.xml	4/9/2020 4:25:22 PM
EMOXT202003196BR	BDPBRSAO_20200409162525000830_01.xml	4/9/2020 4:25:55 PM
EAOXT202003005BR	BDPBRSAO_20200409162558000831_01.xml	4/9/2020 4:26:17 PM
IMIFB202002007BR	BDPBRSAO_20200409162619000832_01.xml	4/9/2020 4:26:48 PM
IMIFB202002038BR	BDPBRSAO_20200409162651000833_01.xml	4/9/2020 4:27:18 PM
IMIFB202002059BR	BDPBRSAO_20200409162721000834_01.xml	4/9/2020 4:27:47 PM
IMCTV202004003BR	BDPBRSAO_20200409162750000835_01.xml	4/9/2020 4:28:17 PM
IMCTV202004005BR	BDPBRSAO_20200409162819000836_01.xml	4/9/2020 4:28:49 PM
IMCTV202004007BR	BDPBRSAO_20200409162851000837_01.xml	4/9/2020 4:29:21 PM
IMCTV202004011BR	BDPBRSAO_20200409162923000838_01.xml	4/9/2020 4:29:49 PM
IMCTV202004012BR	BDPBRSAO_20200409162952000839_01.xml	4/9/2020 4:30:28 PM
IMCTV202004013BR	BDPBRSAO_20200409163032000840_01.xml	4/9/2020 4:31:02 PM
IMCTV202004014BR	BDPBRSAO_20200409163104000841_01.xml	4/9/2020 4:31:37 PM
IMCTV202004015BR	BDPBRSAO_20200409163139000842_01.xml	4/9/2020 4:32:07 PM
IMCTV202004017BR	BDPBRSAO_20200409163211000843_01.xml	4/9/2020 4:32:40 PM
IMCTV202004006BR	BDPBRSAO_20200409163242000844_01.xml	4/9/2020 4:33:11 PM
IMCTV202004008BR	BDPBRSAO_20200409163314000845_01.xml	4/9/2020 4:33:44 PM
IMCTV202004009BR	BDPBRSAO_20200409163346000846_01.xml	4/9/2020 4:34:16 PM
IMCTV202004010BR	BDPBRSAO_20200409163418000847_01.xml	4/9/2020 4:34:49 PM
IMCTV202004016BR	BDPBRSAO_20200409163452000848_01.xml	4/9/2020 4:35:26 PM
IMCTV202004018BR	BDPBRSAO_20200409163528000849_01.xml	4/9/2020 4:35:55 PM
IMSLA202003029BR	BDPBRSAO_20200409163558000850_01.xml	4/9/2020 4:36:30 PM
IMCSR201910321BR	BDPBRSAO_20200409163633000851_01.xml	4/9/2020 4:37:02 PM
IMCTV202004021BR	BDPBRSAO_20200409163705000852_01.xml	4/9/2020 4:37:33 PM
IMCTV202004023BR	BDPBRSAO_20200409163736000853_01.xml	4/9/2020 4:38:05 PM
IMCTV202004025BR	BDPBRSAO_20200409163808000854_01.xml	4/9/2020 4:38:36 PM
IMCSR201910344BR	BDPBRSAO_20200409163839000855_01.xml	4/9/2020 4:39:11 PM
IMCTV202004019BR	BDPBRSAO_20200409163915000856_01.xml	4/9/2020 4:39:45 PM
IMCTV202004020BR	BDPBRSAO_20200409163948000857_01.xml	4/9/2020 4:40:20 PM
IMCTV202004022BR	BDPBRSAO_20200409164023000858_01.xml	4/9/2020 4:40:53 PM
IMCTV202004027BR	BDPBRSAO_20200409164055000859_01.xml	4/9/2020 4:41:24 PM
IMCSR201910324BR	BDPBRSAO_20200409164127000860_01.xml	4/9/2020 4:41:54 PM
IMCSR201910332BR	BDPBRSAO_20200409164157000861_01.xml	4/9/2020 4:42:25 PM
IMCSR201910333BR	BDPBRSAO_20200409164228000862_01.xml	4/9/2020 4:42:59 PM
IMCTV202004024BR	BDPBRSAO_20200409164302000863_01.xml	4/9/2020 4:43:32 PM
IMCTV202004026BR	BDPBRSAO_20200409164334000864_01.xml	4/9/2020 4:44:03 PM
IMCTV202004036BR	BDPBRSAO_20200409164405000865_01.xml	4/9/2020 4:44:33 PM
IMCTV202004047BR	BDPBRSAO_20200409164435000866_01.xml	4/9/2020 4:45:07 PM
IMCTV202004052BR	BDPBRSAO_20200409164511000867_01.xml	4/9/2020 4:45:40 PM
IMSLA202003014BR	BDPBRSAO_20200409164542000868_01.xml	4/9/2020 4:46:14 PM
IMCTV202004054BR	BDPBRSAO_20200409164617000869_01.xml	4/9/2020 4:46:50 PM
IMCTV202004031BR	BDPBRSAO_20200409164653000870_01.xml	4/9/2020 4:47:20 PM
IMCTV202004034BR	BDPBRSAO_20200409164723000871_01.xml	4/9/2020 4:47:48 PM
IMCTV202004037BR	BDPBRSAO_20200409164751000872_01.xml	4/9/2020 4:48:17 PM
IMCTV202004048BR	BDPBRSAO_20200409164820000873_01.xml	4/9/2020 4:48:44 PM
IMCTV202004049BR	BDPBRSAO_20200409164846000874_01.xml	4/9/2020 4:49:14 PM
IMCTV202004032BR	BDPBRSAO_20200409164917000875_01.xml	4/9/2020 4:49:43 PM
IMCTV202004033BR	BDPBRSAO_20200409164946000876_01.xml	4/9/2020 4:50:13 PM
IMCTV202004035BR	BDPBRSAO_20200409165016000877_01.xml	4/9/2020 4:50:44 PM
IMCTV202004046BR	BDPBRSAO_20200409165047000878_01.xml	4/9/2020 4:51:15 PM
IMCTV202004051BR	BDPBRSAO_20200409165118000879_01.xml	4/9/2020 4:51:45 PM
IMCTV202004053BR	BDPBRSAO_20200409165148000880_01.xml	4/9/2020 4:52:14 PM
IMSLA202003020BR	BDPBRSAO_20200409165216000881_01.xml	4/9/2020 4:52:54 PM
IMCTV202004056BR	BDPBRSAO_20200409165257000882_01.xml	4/9/2020 4:53:23 PM
IMCTV202004055BR	BDPBRSAO_20200409165325000883_01.xml	4/9/2020 4:53:53 PM
IMCTV202004057BR	BDPBRSAO_20200409165355000884_01.xml	4/9/2020 4:54:19 PM
IMCTV202004058BR	BDPBRSAO_20200409165422000885_01.xml	4/9/2020 4:54:46 PM
IMCTV202004059BR	BDPBRSAO_20200409165449000886_01.xml	4/9/2020 4:55:14 PM
IMCTV202004060BR	BDPBRSAO_20200409165517000887_01.xml	4/9/2020 4:55:41 PM
IMCTV202004063BR	BDPBRSAO_20200409165543000888_01.xml	4/9/2020 4:56:08 PM
IMCTV202004066BR	BDPBRSAO_20200409165611000889_01.xml	4/9/2020 4:56:35 PM
IMCTV202004061BR	BDPBRSAO_20200409165638000890_01.xml	4/9/2020 4:57:03 PM
IMCTV202004064BR	BDPBRSAO_20200409165705000891_01.xml	4/9/2020 4:57:30 PM
IMCTV202004065BR	BDPBRSAO_20200409165735000892_01.xml	4/9/2020 4:57:59 PM
IMCTV202004067BR	BDPBRSAO_20200409165802000893_01.xml	4/9/2020 4:58:26 PM
IMCTV202004068BR	BDPBRSAO_20200409165829000894_01.xml	4/9/2020 4:58:55 PM
IMCTV202004062BR	BDPBRSAO_20200409165858000895_01.xml	4/9/2020 4:59:30 PM
IMCTV202004070BR	BDPBRSAO_20200409165935000896_01.xml	4/9/2020 5:00:06 PM
IMCTV202004069BR	BDPBRSAO_20200409170011000897_01.xml	4/9/2020 5:00:44 PM
IMCTV202004071BR	BDPBRSAO_20200409170048000898_01.xml	4/9/2020 5:01:20 PM
IMCTV202004072BR	BDPBRSAO_20200409170125000899_01.xml	4/9/2020 5:01:59 PM
IMCTV202004074BR	BDPBRSAO_20200409170203000900_01.xml	4/9/2020 5:02:36 PM
IMCTV202004073BR	BDPBRSAO_20200409170240000901_01.xml	4/9/2020 5:03:14 PM
IMCTV202004075BR	BDPBRSAO_20200409170317000902_01.xml	4/9/2020 5:03:48 PM
IMCTV202004076BR	BDPBRSAO_20200409170352000903_01.xml	4/9/2020 5:04:24 PM
IMCTV202004077BR	BDPBRSAO_20200409170427000904_01.xml	4/9/2020 5:05:03 PM
IMCTV202004078BR	BDPBRSAO_20200409170506000905_01.xml	4/9/2020 5:05:36 PM
IMCTV202004079BR	BDPBRSAO_20200409170540000906_01.xml	4/9/2020 5:06:10 PM
IMCTV202004080BR	BDPBRSAO_20200409170613000907_01.xml	4/9/2020 5:06:43 PM
IMCTV202004084BR	BDPBRSAO_20200409170646000908_01.xml	4/9/2020 5:07:15 PM
IMCTV202004088BR	BDPBRSAO_20200409170718000909_01.xml	4/9/2020 5:07:47 PM
IMCTV202004081BR	BDPBRSAO_20200409170750000910_01.xml	4/9/2020 5:08:19 PM
IMCTV202004083BR	BDPBRSAO_20200409170822000911_01.xml	4/9/2020 5:08:54 PM
IMCTV202004085BR	BDPBRSAO_20200409170857000912_01.xml	4/9/2020 5:09:28 PM
IMCTV202004089BR	BDPBRSAO_20200409170931000913_01.xml	4/9/2020 5:10:06 PM
IMCTV202004082BR	BDPBRSAO_20200409171011000914_01.xml	4/9/2020 5:10:44 PM
IMCTV202004086BR	BDPBRSAO_20200409171048000915_01.xml	4/9/2020 5:11:21 PM
IMSLA202003032BR	BDPBRSAO_20200409171124000916_01.xml	4/9/2020 5:11:56 PM
IMCTV202004087BR	BDPBRSAO_20200409171159000917_01.xml	4/9/2020 5:12:32 PM
IMCTV202004091BR	BDPBRSAO_20200409171235000918_01.xml	4/9/2020 5:13:07 PM
IMCTV202004090BR	BDPBRSAO_20200409171309000919_01.xml	4/9/2020 5:13:39 PM
IMSOL201912048BR	BDPBRSAO_20200409171342000920_01.xml	4/9/2020 5:14:12 PM
IMSWB202004028BR	BDPBRSAO_20200409171416000921_01.xml	4/9/2020 5:14:44 PM
IMSOL202001102BR	BDPBRSAO_20200409171447000922_01.xml	4/9/2020 5:15:18 PM
IMSOL202001108BR	BDPBRSAO_20200409171521000923_01.xml	4/9/2020 5:15:49 PM
IOCTV201911021BR	BDPBRSAO_20200409171552000924_01.xml	4/9/2020 5:16:17 PM
IMSOL202002010BR	BDPBRSAO_20200409171620000925_01.xml	4/9/2020 5:16:48 PM
IOCTV201911024BR	BDPBRSAO_20200409171651000926_01.xml	4/9/2020 5:17:15 PM
IMSWB202002100BR	BDPBRSAO_20200409171717000927_01.xml	4/9/2020 5:17:45 PM
IMSOL202002042BR	BDPBRSAO_20200409171748000928_01.xml	4/9/2020 5:18:17 PM
IMSWB202002099BR	BDPBRSAO_20200409171820000929_01.xml	4/9/2020 5:18:45 PM
IMSOL202002130BR	BDPBRSAO_20200409171848000930_01.xml	4/9/2020 5:19:18 PM
IMSWB202002009BR	BDPBRSAO_20200409171920000931_01.xml	4/9/2020 5:19:51 PM
IMSPC202003045BR	BDPBRSAO_20200409171954000932_01.xml	4/9/2020 5:20:25 PM
IMSPC202003046BR	BDPBRSAO_20200409172028000933_01.xml	4/9/2020 5:21:04 PM
IMSPC202004005BR	BDPBRSAO_20200409172107000934_01.xml	4/9/2020 5:21:37 PM
IOCTV201911022BR	BDPBRSAO_20200409172139000935_01.xml	4/9/2020 5:22:04 PM
IOCTV201911023BR	BDPBRSAO_20200409172207000936_01.xml	4/9/2020 5:22:32 PM
IMSWB202002033BR	BDPBRSAO_20200409172236000937_01.xml	4/9/2020 5:23:12 PM
IMSWB202002035BR	BDPBRSAO_20200409172314000938_01.xml	4/9/2020 5:23:52 PM
IMSWB202002094BR	BDPBRSAO_20200409172355000939_01.xml	4/9/2020 5:24:24 PM
IMSWB202002102BR	BDPBRSAO_20200409172426000940_01.xml	4/9/2020 5:25:25 PM
IMTAM202003020BR	BDPBRSAO_20200409172528000941_01.xml	4/9/2020 5:27:05 PM
IMUPM202003003BR	BDPBRSAO_20200409172708000942_01.xml	4/9/2020 5:27:42 PM
IMEAS202003011BR	BDPBRSAO_20200409172745000943_01.xml	4/9/2020 5:28:13 PM
IMCSR202004119BR	BDPBRSAO_20200409172816000944_01.xml	4/9/2020 5:28:44 PM
IMSWB202004029BR	BDPBRSAO_20200409172847000945_01.xml	4/9/2020 5:29:12 PM
IMCSR202004120BR	BDPBRSAO_20200409172915000946_01.xml	4/9/2020 5:29:43 PM
IMSPC202004018BR	BDPBRSAO_20200409172946000947_01.xml	4/9/2020 5:31:11 PM
IMSPC202004017BR	BDPBRSAO_20200409173114000948_01.xml	4/9/2020 5:31:41 PM
IMOXT202002052BR	BDPBRSAO_20200409173144000949_01.xml	4/9/2020 5:32:12 PM
IAATL202004013BR	BDPBRSAO_20200409173214000950_01.xml	4/9/2020 5:32:34 PM
IMCSR202002356BR	BDPBRSAO_20200409173237000951_01.xml	4/9/2020 5:33:03 PM
IMCTV202002083BR	BDPBRSAO_20200409173306000952_01.xml	4/9/2020 5:33:21 PM
IMLYB202004001BR	BDPBRSAO_20200409173323000953_01.xml	4/9/2020 5:33:47 PM
IAATN202002010BR	BDPBRSAO_20200409173349000954_01.xml	4/9/2020 5:34:11 PM
IMSPC202004020BR	BDPBRSAO_20200409173414000955_01.xml	4/9/2020 5:34:50 PM
IMBSF202004001BR	BDPBRSAO_20200409173452000956_01.xml	4/9/2020 5:35:08 PM
IMSWB202004030BR	BDPBRSAO_20200409173511000957_01.xml	4/9/2020 5:35:35 PM
IMCTV202002073BR	BDPBRSAO_20200409173537000958_01.xml	4/9/2020 5:36:00 PM
IMSOL202002061BR	BDPBRSAO_20200409173602000959_01.xml	4/9/2020 5:36:26 PM
IMSPC202004025BR	BDPBRSAO_20200409173629000960_01.xml	4/9/2020 5:36:52 PM
IAATL202004018BR	BDPBRSAO_20200409173654000961_01.xml	4/9/2020 5:37:07 PM
EMCSR202002110BR	BDPBRSAO_20200409173710000962_01.xml	4/9/2020 5:37:31 PM
IMIFB202001037BR	BDPBRSAO_20200409173732000963_01.xml	4/9/2020 5:37:56 PM
IMCSR202001040BR	BDPBRSAO_20200409173758000964_01.xml	4/9/2020 5:38:26 PM
IMCSR202002147BR	BDPBRSAO_20200409173828000965_01.xml	4/9/2020 5:38:54 PM
EMSOL202003003BR	BDPBRSAO_20200409173856000966_01.xml	4/9/2020 5:39:29 PM
IMCSR202002318BR	BDPBRSAO_20200409173931000967_01.xml	4/9/2020 5:39:57 PM
EMOXT202004027BR	BDPBRSAO_20200409173959000968_01.xml	4/9/2020 5:40:22 PM
IMSPC202004026BR	BDPBRSAO_20200409174024000969_01.xml	4/9/2020 5:40:46 PM
IMSWB202004031BR	BDPBRSAO_20200409174048000970_01.xml	4/9/2020 5:41:12 PM
EMCSR202002054BR	BDPBRSAO_20200409174114000971_01.xml	4/9/2020 5:41:34 PM
IMCSR202004121BR	BDPBRSAO_20200409174136000972_01.xml	4/9/2020 5:42:01 PM
IMLYB202002021BR	BDPBRSAO_20200409174203000973_01.xml	4/9/2020 5:42:25 PM
IOCTV202003008BR	BDPBRSAO_20200409174227000974_01.xml	4/9/2020 5:42:48 PM
IMIFB202001039BR	BDPBRSAO_20200409174250000975_01.xml	4/9/2020 5:43:18 PM
IMSPC202004027BR	BDPBRSAO_20200409174320000976_01.xml	4/9/2020 5:43:44 PM
IABSF202004003BR	BDPBRSAO_20200409174346000977_01.xml	4/9/2020 5:43:59 PM
IOCTV202003009BR	BDPBRSAO_20200409174402000978_01.xml	4/9/2020 5:44:24 PM
IMSOL202001104BR	BDPBRSAO_20200409174426000979_01.xml	4/9/2020 5:44:50 PM
IOCTV202003010BR	BDPBRSAO_20200409174452000980_01.xml	4/9/2020 5:45:16 PM
IMIFB202001048BR	BDPBRSAO_20200409174520000981_01.xml	4/9/2020 5:45:59 PM
IMSPC202003032BR	BDPBRSAO_20200409174602000982_01.xml	4/9/2020 5:46:29 PM
IMSPC202003034BR	BDPBRSAO_20200409174632000983_01.xml	4/9/2020 5:47:02 PM
IMIFB202001010BR	BDPBRSAO_20200409174705000984_01.xml	4/9/2020 5:47:35 PM
IOCTV202003011BR	BDPBRSAO_20200409174738000985_01.xml	4/9/2020 5:48:05 PM
IMCSR202004122BR	BDPBRSAO_20200409174807000986_01.xml	4/9/2020 5:48:34 PM
IABSF202004004BR	BDPBRSAO_20200409174837000987_01.xml	4/9/2020 5:48:52 PM
IMIFB202001011BR	BDPBRSAO_20200409174854000988_01.xml	4/9/2020 5:49:22 PM
IOCTV202003012BR	BDPBRSAO_20200409174925000989_01.xml	4/9/2020 5:49:49 PM
EMBCB202004001BR	BDPBRSAO_20200409174953000990_01.xml	4/9/2020 5:50:21 PM
EMOXT202004007BR	BDPBRSAO_20200409175024000991_01.xml	4/9/2020 5:50:57 PM
IMSLA202003022BR	BDPBRSAO_20200409175059000992_01.xml	4/9/2020 5:51:44 PM
IOCTV202003013BR	BDPBRSAO_20200409175146000993_01.xml	4/9/2020 5:52:09 PM
IMIFB202001020BR	BDPBRSAO_20200409175211000994_01.xml	4/9/2020 5:52:40 PM
IMIFB202001034BR	BDPBRSAO_20200409175242000995_01.xml	4/9/2020 5:53:08 PM
IASOL202003004BR	BDPBRSAO_20200409175310000996_01.xml	4/9/2020 5:53:32 PM
IOCTV202003014BR	BDPBRSAO_20200409175334000997_01.xml	4/9/2020 5:54:02 PM
IMIFB202001023BR	BDPBRSAO_20200409175404000998_01.xml	4/9/2020 5:54:32 PM
IOCTV202003015BR	BDPBRSAO_20200409175435000999_01.xml	4/9/2020 5:54:58 PM
IMSWB202004032BR	BDPBRSAO_20200409175501001000_01.xml	4/9/2020 5:55:25 PM
IMATN202003007BR	BDPBRSAO_20200409175527001001_01.xml	4/9/2020 5:55:53 PM
IMIFB202002028BR	BDPBRSAO_20200409175555001002_01.xml	4/9/2020 5:56:30 PM
IOCTV202003016BR	BDPBRSAO_20200409175632001003_01.xml	4/9/2020 5:56:57 PM
EMATL202004004BR	BDPBRSAO_20200409175659001004_01.xml	4/9/2020 5:57:15 PM
IMCSR202002001BR	BDPBRSAO_20200409175718001005_01.xml	4/9/2020 5:57:46 PM
IMCSR202002002BR	BDPBRSAO_20200409175749001006_01.xml	4/9/2020 5:58:18 PM
IMCSR202003203BR	BDPBRSAO_20200409175821001007_01.xml	4/9/2020 5:58:57 PM
IMCSR202003206BR	BDPBRSAO_20200409175900001008_01.xml	4/9/2020 5:59:26 PM
IMCSR202003210BR	BDPBRSAO_20200409175929001009_01.xml	4/9/2020 5:59:56 PM
IMCSR202003222BR	BDPBRSAO_20200409175959001010_01.xml	4/9/2020 6:00:32 PM
IMCSR202003260BR	BDPBRSAO_20200409180035001011_01.xml	4/9/2020 6:01:18 PM
IMCSR202003263BR	BDPBRSAO_20200409180121001012_01.xml	4/9/2020 6:01:52 PM
IMCSR202003279BR	BDPBRSAO_20200409180154001013_01.xml	4/9/2020 6:02:28 PM
IMCSR202003285BR	BDPBRSAO_20200409180231001014_01.xml	4/9/2020 6:03:01 PM
IMCSR202003383BR	BDPBRSAO_20200409180304001015_01.xml	4/9/2020 6:03:35 PM
IMCSR202003402BR	BDPBRSAO_20200409180339001016_01.xml	4/9/2020 6:04:14 PM
IMCSR202003404BR	BDPBRSAO_20200409180416001017_01.xml	4/9/2020 6:04:48 PM
IMCSR202003499BR	BDPBRSAO_20200409180452001018_01.xml	4/9/2020 6:05:26 PM
IMCSR202003513BR	BDPBRSAO_20200409180529001019_01.xml	4/9/2020 6:06:03 PM
IMCSR202003514BR	BDPBRSAO_20200409180605001020_01.xml	4/9/2020 6:06:39 PM
IMCSR202003515BR	BDPBRSAO_20200409180642001021_01.xml	4/9/2020 6:07:15 PM
IMCSR202004014BR	BDPBRSAO_20200409180718001022_01.xml	4/9/2020 6:07:49 PM
IMCSR202004024BR	BDPBRSAO_20200409180752001023_01.xml	4/9/2020 6:08:23 PM
IMSOL202001043BR	BDPBRSAO_20200409180826001024_01.xml	4/9/2020 6:08:59 PM
IASWB201912012BR	BDPBRSAO_20200409180902001025_01.xml	4/9/2020 6:09:38 PM
IMSOL202001051BR	BDPBRSAO_20200409180941001026_01.xml	4/9/2020 6:10:35 PM
IMUPM202003005BR	BDPBRSAO_20200409181039001027_01.xml	4/9/2020 6:11:20 PM
IMIFB202001041BR	BDPBRSAO_20200409181123001028_01.xml	4/9/2020 6:13:02 PM
IMOXT202001033BR	BDPBRSAO_20200409181306001029_01.xml	4/9/2020 6:13:48 PM
IMIFB202001043BR	BDPBRSAO_20200409181352001030_01.xml	4/9/2020 6:14:25 PM
IMIFB202001024BR	BDPBRSAO_20200409181428001031_01.xml	4/9/2020 6:14:59 PM
IMSPC202004007BR	BDPBRSAO_20200409181504001032_01.xml	4/9/2020 6:15:36 PM
IMSPC202004002BR	BDPBRSAO_20200409181539001033_01.xml	4/9/2020 6:16:34 PM
IMSPC202004004BR	BDPBRSAO_20200409181637001034_01.xml	4/9/2020 6:17:07 PM
IMOXT202003007BR	BDPBRSAO_20200409181709001035_01.xml	4/9/2020 6:17:36 PM
IMSOL202002131BR	BDPBRSAO_20200409181740001036_01.xml	4/9/2020 6:18:08 PM
IMSWB202004033BR	BDPBRSAO_20200409181811001037_01.xml	4/9/2020 6:18:35 PM
EMOXT202002087BR	BDPBRSAO_20200409181839001038_01.xml	4/9/2020 6:19:07 PM
EMCSR202003066BR	BDPBRSAO_20200409181910001039_01.xml	4/9/2020 6:19:32 PM
IMIFB202001044BR	BDPBRSAO_20200409181934001040_01.xml	4/9/2020 6:20:08 PM
IMCTV202003006BR	BDPBRSAO_20200409182011001041_01.xml	4/9/2020 6:20:41 PM
IAATN202002003BR	BDPBRSAO_20200409182044001042_01.xml	4/9/2020 6:21:09 PM
IMTAM202003010BR	BDPBRSAO_20200409182111001043_01.xml	4/9/2020 6:21:38 PM
IMCBT202003025BR	BDPBRSAO_20200409182141001044_01.xml	4/9/2020 6:22:08 PM
IMCBT202003029BR	BDPBRSAO_20200409182211001045_01.xml	4/9/2020 6:22:43 PM
IMCTV202002032BR	BDPBRSAO_20200409182246001046_01.xml	4/9/2020 6:23:10 PM
IMCBT202003050BR	BDPBRSAO_20200409182312001047_01.xml	4/9/2020 6:23:36 PM
IMCTV202002007BR	BDPBRSAO_20200409182338001048_01.xml	4/9/2020 6:24:02 PM
IMCTV202003071BR	BDPBRSAO_20200409182404001049_01.xml	4/9/2020 6:24:29 PM
IMMAU202002007BR	BDPBRSAO_20200409182431001050_01.xml	4/9/2020 6:24:55 PM
IMCSR202003204BR	BDPBRSAO_20200409182457001051_01.xml	4/9/2020 6:25:23 PM
IMCSR202003205BR	BDPBRSAO_20200409182526001052_01.xml	4/9/2020 6:25:51 PM
IMCSR202003216BR	BDPBRSAO_20200409182554001053_01.xml	4/9/2020 6:26:18 PM
IMIFB202001040BR	BDPBRSAO_20200409182620001054_01.xml	4/9/2020 6:26:44 PM
IMCSR202003278BR	BDPBRSAO_20200409182647001055_01.xml	4/9/2020 6:27:13 PM
EMCTV202003004BR	BDPBRSAO_20200409182715001056_01.xml	4/9/2020 6:27:37 PM
IMMAU202002014BR	BDPBRSAO_20200409182739001057_01.xml	4/9/2020 6:28:03 PM
EMCTV202003003BR	BDPBRSAO_20200409182805001058_01.xml	4/9/2020 6:28:40 PM
IMCTV202002048BR	BDPBRSAO_20200409182843001059_01.xml	4/9/2020 6:29:05 PM
IMCTV202003001BR	BDPBRSAO_20200409182907001060_01.xml	4/9/2020 6:29:33 PM
IAATL202004014BR	BDPBRSAO_20200409182936001061_01.xml	4/9/2020 6:29:54 PM
IMEAS202004003BR	BDPBRSAO_20200409183000001062_01.xml	4/9/2020 6:30:27 PM
IMEAS202004004BR	BDPBRSAO_20200409183030001063_01.xml	4/9/2020 6:30:58 PM
IMMAU202003002BR	BDPBRSAO_20200409183100001064_01.xml	4/9/2020 6:31:29 PM
IMCTV202003060BR	BDPBRSAO_20200409183132001065_01.xml	4/9/2020 6:31:59 PM
IMIFB202001053BR	BDPBRSAO_20200409183202001066_01.xml	4/9/2020 6:32:29 PM
IMSWB202004003BR	BDPBRSAO_20200409183232001067_01.xml	4/9/2020 6:32:57 PM
IMMAU202003006BR	BDPBRSAO_20200409183259001068_01.xml	4/9/2020 6:33:43 PM
IMIFB202001038BR	BDPBRSAO_20200409183345001069_01.xml	4/9/2020 6:34:18 PM
IMSOL202002002BR	BDPBRSAO_20200409183421001070_01.xml	4/9/2020 6:34:49 PM
IMSOL202002126BR	BDPBRSAO_20200409183453001071_01.xml	4/9/2020 6:35:22 PM
IMSOL202002129BR	BDPBRSAO_20200409183525001072_01.xml	4/9/2020 6:35:51 PM
IMIFB202001054BR	BDPBRSAO_20200409183553001073_01.xml	4/9/2020 6:36:23 PM
IMSPC202003049BR	BDPBRSAO_20200409183625001074_01.xml	4/9/2020 6:36:52 PM
IMSPC202003066BR	BDPBRSAO_20200409183654001075_01.xml	4/9/2020 6:37:18 PM
IMSPC202004003BR	BDPBRSAO_20200409183721001076_01.xml	4/9/2020 6:37:58 PM
IMSWB201912113BR	BDPBRSAO_20200409183801001077_01.xml	4/9/2020 6:38:28 PM
IMSWB202001015BR	BDPBRSAO_20200409183830001078_01.xml	4/9/2020 6:38:57 PM
IMSWB202001027BR	BDPBRSAO_20200409183859001079_01.xml	4/9/2020 6:39:26 PM
IMIFB202001042BR	BDPBRSAO_20200409183930001080_01.xml	4/9/2020 6:39:55 PM
EMOXT202004029BR	BDPBRSAO_20200409183957001081_01.xml	4/9/2020 6:40:20 PM
IMSWB202002013BR	BDPBRSAO_20200409184023001082_01.xml	4/9/2020 6:40:50 PM
IMSWB202002020BR	BDPBRSAO_20200409184053001083_01.xml	4/9/2020 6:41:20 PM
IAATL202003045BR	BDPBRSAO_20200409184123001084_01.xml	4/9/2020 6:41:35 PM
IMSWB202002044BR	BDPBRSAO_20200409184138001085_01.xml	4/9/2020 6:42:06 PM
IMSWB202002045BR	BDPBRSAO_20200409184208001086_01.xml	4/9/2020 6:42:35 PM
IMSWB202002046BR	BDPBRSAO_20200409184238001087_01.xml	4/9/2020 6:43:04 PM
IMSWB202004034BR	BDPBRSAO_20200409184306001088_01.xml	4/9/2020 6:43:27 PM
IMSWB202002087BR	BDPBRSAO_20200409184330001089_01.xml	4/9/2020 6:43:55 PM
IMIFB202001056BR	BDPBRSAO_20200409184358001090_01.xml	4/9/2020 6:44:24 PM
IMCTV202002072BR	BDPBRSAO_20200409184427001091_01.xml	4/9/2020 6:44:52 PM
IAATL202003046BR	BDPBRSAO_20200409184454001092_01.xml	4/9/2020 6:45:08 PM
IMCSR202004123BR	BDPBRSAO_20200409184511001093_01.xml	4/9/2020 6:45:34 PM
EMOXT202003150BR	BDPBRSAO_20200409184536001094_01.xml	4/9/2020 6:46:02 PM
IMCTV202003064BR	BDPBRSAO_20200409184604001095_01.xml	4/9/2020 6:46:26 PM
EMCBT202004001BR	BDPBRSAO_20200409184628001096_01.xml	4/9/2020 6:47:07 PM
IMSOL202004068BR	BDPBRSAO_20200409184709001097_01.xml	4/9/2020 6:47:30 PM
EMOXT202004037BR	BDPBRSAO_20200409184733001098_01.xml	4/9/2020 6:47:54 PM
EMOXT202002061BR	BDPBRSAO_20200409184756001099_01.xml	4/9/2020 6:48:21 PM
EMSOL202004001BR	BDPBRSAO_20200409184824001100_01.xml	4/9/2020 6:48:46 PM
EMOXT202003022BR	BDPBRSAO_20200409184850001101_01.xml	4/9/2020 6:49:23 PM
EMOXT202004022BR	BDPBRSAO_20200409184926001102_01.xml	4/9/2020 6:50:04 PM
IACSR202002006BR	BDPBRSAO_20200409185006001103_01.xml	4/9/2020 6:50:33 PM
IMLYB202004002BR	BDPBRSAO_20200409185036001104_01.xml	4/9/2020 6:51:03 PM
IMIFB202001069BR	BDPBRSAO_20200409185106001105_01.xml	4/9/2020 6:51:35 PM
IMCSR202001041BR	BDPBRSAO_20200409185137001106_01.xml	4/9/2020 6:52:09 PM
IMOXT201808044BR	BDPBRSAO_20200409185211001107_01.xml	4/9/2020 6:52:38 PM
IAOXT201909004BR	BDPBRSAO_20200409185241001108_01.xml	4/9/2020 6:53:10 PM
IMOXT201912022BR	BDPBRSAO_20200409185312001109_01.xml	4/9/2020 6:54:06 PM
IMOXT202001035BR	BDPBRSAO_20200409185408001110_01.xml	4/9/2020 6:54:40 PM
IMOXT202001030BR	BDPBRSAO_20200409185442001111_01.xml	4/9/2020 6:55:12 PM
IMOXT201910028BR	BDPBRSAO_20200409185515001112_01.xml	4/9/2020 6:55:44 PM
IMOXT202002013BR	BDPBRSAO_20200409185547001113_01.xml	4/9/2020 6:56:26 PM
IMOXT201911029BR	BDPBRSAO_20200409185629001114_01.xml	4/9/2020 6:56:59 PM
IMOXT202002031BR	BDPBRSAO_20200409185701001115_01.xml	4/9/2020 6:57:28 PM
IMOXT201912020BR	BDPBRSAO_20200409185730001116_01.xml	4/9/2020 6:58:03 PM
IMOXT202002051BR	BDPBRSAO_20200409185805001117_01.xml	4/9/2020 6:58:34 PM
IAOXT201912003BR	BDPBRSAO_20200409185836001118_01.xml	4/9/2020 6:59:02 PM
IMOXT201804007BR	BDPBRSAO_20200409185905001119_01.xml	4/9/2020 6:59:34 PM
IMOXT201910013BR	BDPBRSAO_20200409185936001120_01.xml	4/9/2020 7:00:37 PM
IMOXT201912055BR	BDPBRSAO_20200409190041001121_01.xml	4/9/2020 7:01:21 PM
IAOXT202002005BR	BDPBRSAO_20200409190124001122_01.xml	4/9/2020 7:01:52 PM
IMSPC202003035BR	BDPBRSAO_20200409190155001123_01.xml	4/9/2020 7:02:20 PM
IAOXT201911001BR	BDPBRSAO_20200409190223001124_01.xml	4/9/2020 7:02:48 PM
IMOXT201912051BR	BDPBRSAO_20200409190250001125_01.xml	4/9/2020 7:03:23 PM
IMOXT202001031BR	BDPBRSAO_20200409190326001126_01.xml	4/9/2020 7:03:55 PM
IMOXT202003015BR	BDPBRSAO_20200409190357001127_01.xml	4/9/2020 7:04:26 PM
IAOXT202001002BR	BDPBRSAO_20200409190429001128_01.xml	4/9/2020 7:04:55 PM
IMOXT202002048BR	BDPBRSAO_20200409190458001129_01.xml	4/9/2020 7:05:32 PM
IMOXT202002016BR	BDPBRSAO_20200409190534001130_01.xml	4/9/2020 7:06:01 PM
IMOXT202002001BR	BDPBRSAO_20200409190603001131_01.xml	4/9/2020 7:06:31 PM
IMSWB202002103BR	BDPBRSAO_20200409190633001132_01.xml	4/9/2020 7:07:15 PM
IMOXT201810001BR	BDPBRSAO_20200409190717001133_01.xml	4/9/2020 7:07:43 PM
IMIFB202001001BR	BDPBRSAO_20200409190745001134_01.xml	4/9/2020 7:08:11 PM
IMOXT202002021BR	BDPBRSAO_20200409190813001135_01.xml	4/9/2020 7:08:38 PM
IMOXT202001051BR	BDPBRSAO_20200409190840001136_01.xml	4/9/2020 7:09:08 PM
IOOXT202003020BR	BDPBRSAO_20200409190912001137_01.xml	4/9/2020 7:09:59 PM
IMOXT202001021BR	BDPBRSAO_20200409191002001138_01.xml	4/9/2020 7:10:34 PM
IACTV202003003BR	BDPBRSAO_20200409191037001139_01.xml	4/9/2020 7:11:03 PM
IMOXT201912023BR	BDPBRSAO_20200409191106001140_01.xml	4/9/2020 7:11:48 PM
IMOXT201910020BR	BDPBRSAO_20200409191151001141_01.xml	4/9/2020 7:12:19 PM
IMOXT201910035BR	BDPBRSAO_20200409191221001142_01.xml	4/9/2020 7:12:55 PM
IAOXT201907010BR	BDPBRSAO_20200409191258001143_01.xml	4/9/2020 7:13:21 PM
IMATN202003005BR	BDPBRSAO_20200409191324001144_01.xml	4/9/2020 7:14:12 PM
IMATN202003008BR	BDPBRSAO_20200409191415001145_01.xml	4/9/2020 7:14:42 PM
IOOXT202003012BR	BDPBRSAO_20200409191444001146_01.xml	4/9/2020 7:15:15 PM
IMOXT201806001BR	BDPBRSAO_20200409191518001147_01.xml	4/9/2020 7:15:46 PM
IOOXT202003013BR	BDPBRSAO_20200409191549001148_01.xml	4/9/2020 7:16:14 PM
IMOXT201912001BR	BDPBRSAO_20200409191617001149_01.xml	4/9/2020 7:16:46 PM
IMOXT201911005BR	BDPBRSAO_20200409191648001150_01.xml	4/9/2020 7:17:27 PM
IOOXT202003003BR	BDPBRSAO_20200409191730001151_01.xml	4/9/2020 7:17:55 PM
IOOXT202003001BR	BDPBRSAO_20200409191758001152_01.xml	4/9/2020 7:18:22 PM
IMOXT201912036BR	BDPBRSAO_20200409191825001153_01.xml	4/9/2020 7:19:02 PM
IMOXT202001001BR	BDPBRSAO_20200409191905001154_01.xml	4/9/2020 7:19:56 PM
IMOXT202001016BR	BDPBRSAO_20200409191958001155_01.xml	4/9/2020 7:20:31 PM
IAOXT202002004BR	BDPBRSAO_20200409192035001156_01.xml	4/9/2020 7:21:04 PM
IMOXT201909053BR	BDPBRSAO_20200409192106001157_01.xml	4/9/2020 7:21:33 PM
IMOXT201907001BR	BDPBRSAO_20200409192136001158_01.xml	4/9/2020 7:22:13 PM
IMOXT202002023BR	BDPBRSAO_20200409192215001159_01.xml	4/9/2020 7:22:44 PM
IMOXT201912057BR	BDPBRSAO_20200409192248001160_01.xml	4/9/2020 7:23:19 PM
IOOXT202001015BR	BDPBRSAO_20200409192322001161_01.xml	4/9/2020 7:23:48 PM
IOOXT202003018BR	BDPBRSAO_20200409192350001162_01.xml	4/9/2020 7:24:14 PM
IOOXT202003010BR	BDPBRSAO_20200409192417001163_01.xml	4/9/2020 7:24:44 PM
IMCSR202003175BR	BDPBRSAO_20200409192448001164_01.xml	4/9/2020 7:25:18 PM
IAOXT202001004BR	BDPBRSAO_20200409192521001165_01.xml	4/9/2020 7:25:51 PM
IMOXT201912049BR	BDPBRSAO_20200409192554001166_01.xml	4/9/2020 7:26:30 PM
IAOXT201911014BR	BDPBRSAO_20200409192633001167_01.xml	4/9/2020 7:27:00 PM
IMSPC202002039BR	BDPBRSAO_20200409192703001168_01.xml	4/9/2020 7:27:30 PM
IMIFB202001077BR	BDPBRSAO_20200409192733001169_01.xml	4/9/2020 7:28:01 PM
IAOXT201912002BR	BDPBRSAO_20200409192803001170_01.xml	4/9/2020 7:28:30 PM
IMOXT202001022BR	BDPBRSAO_20200409192833001171_01.xml	4/9/2020 7:29:06 PM
IMCSR202003207BR	BDPBRSAO_20200409192910001172_01.xml	4/9/2020 7:29:39 PM
IMSOL202004034BR	BDPBRSAO_20200409192942001173_01.xml	4/9/2020 7:30:12 PM
IMOXT201911031BR	BDPBRSAO_20200409193017001174_01.xml	4/9/2020 7:30:49 PM
IOOXT202001012BR	BDPBRSAO_20200409193052001175_01.xml	4/9/2020 7:31:28 PM
IOOXT202003015BR	BDPBRSAO_20200409193131001176_01.xml	4/9/2020 7:31:59 PM
IMOXT202001020BR	BDPBRSAO_20200409193202001177_01.xml	4/9/2020 7:32:19 PM
IMCSR202003267BR	BDPBRSAO_20200409193221001178_01.xml	4/9/2020 7:32:52 PM
IMOXT202001014BR	BDPBRSAO_20200409193255001179_01.xml	4/9/2020 7:33:24 PM
IMOXT202001050BR	BDPBRSAO_20200409193327001180_01.xml	4/9/2020 7:33:57 PM
IMOXT201912017BR	BDPBRSAO_20200409193400001181_01.xml	4/9/2020 7:34:37 PM
IMOXT202001025BR	BDPBRSAO_20200409193440001182_01.xml	4/9/2020 7:35:12 PM
IMOXT201911022BR	BDPBRSAO_20200409193515001183_01.xml	4/9/2020 7:35:58 PM
IMOXT201907047BR	BDPBRSAO_20200409193601001184_01.xml	4/9/2020 7:36:32 PM
IMOXT201912035BR	BDPBRSAO_20200409193635001185_01.xml	4/9/2020 7:37:05 PM
IMOXT202001057BR	BDPBRSAO_20200409193708001186_01.xml	4/9/2020 7:37:40 PM
IOOXT202003006BR	BDPBRSAO_20200409193743001187_01.xml	4/9/2020 7:38:11 PM
IOOXT202001026BR	BDPBRSAO_20200409193813001188_01.xml	4/9/2020 7:38:44 PM
IOOXT202003005BR	BDPBRSAO_20200409193847001189_01.xml	4/9/2020 7:39:15 PM
IMOXT202001053BR	BDPBRSAO_20200409193918001190_01.xml	4/9/2020 7:39:51 PM
IOOXT202001014BR	BDPBRSAO_20200409193954001191_01.xml	4/9/2020 7:40:33 PM
IOOXT202003004BR	BDPBRSAO_20200409194035001192_01.xml	4/9/2020 7:41:09 PM
IMOXT202001019BR	BDPBRSAO_20200409194112001193_01.xml	4/9/2020 7:41:40 PM
IMOXT201912033BR	BDPBRSAO_20200409194142001194_01.xml	4/9/2020 7:42:18 PM
IAOXT201911015BR	BDPBRSAO_20200409194220001195_01.xml	4/9/2020 7:42:56 PM
IMOXT202001015BR	BDPBRSAO_20200409194259001196_01.xml	4/9/2020 7:43:32 PM
IOOXT202003009BR	BDPBRSAO_20200409194336001197_01.xml	4/9/2020 7:44:06 PM
IAAPB202004005BR	BDPBRSAO_20200409194409001198_01.xml	4/9/2020 7:44:31 PM
IAATL202004003BR	BDPBRSAO_20200409194434001199_01.xml	4/9/2020 7:44:54 PM
IAATL202004011BR	BDPBRSAO_20200409194456001200_01.xml	4/9/2020 7:45:15 PM
IAMTE202004004BR	BDPBRSAO_20200409194517001201_01.xml	4/9/2020 7:45:45 PM
IAMTE202004005BR	BDPBRSAO_20200409194547001202_01.xml	4/9/2020 7:46:10 PM
IAMTE202004010BR	BDPBRSAO_20200409194612001203_01.xml	4/9/2020 7:46:34 PM
IAMTE202004007BR	BDPBRSAO_20200409194636001204_01.xml	4/9/2020 7:46:57 PM
IAMTE202004008BR	BDPBRSAO_20200409194659001205_01.xml	4/9/2020 7:47:21 PM
IAMTE202004003BR	BDPBRSAO_20200409194724001206_01.xml	4/9/2020 7:47:46 PM
IAMTE202004006BR	BDPBRSAO_20200409194747001207_01.xml	4/9/2020 7:48:08 PM
IAMTE202004009BR	BDPBRSAO_20200409194809001208_01.xml	4/9/2020 7:48:28 PM
IMSPC201910029BR	BDPBRSAO_20200409194830001209_01.xml	4/9/2020 7:48:59 PM
IMIFB202002025BR	BDPBRSAO_20200409194902001210_01.xml	4/9/2020 7:49:38 PM
IMIFB202002031BR	BDPBRSAO_20200409194941001211_01.xml	4/9/2020 7:50:19 PM
IMLYB202003001BR	BDPBRSAO_20200409195022001212_01.xml	4/9/2020 7:51:31 PM
IMMAU202003008BR	BDPBRSAO_20200409195134001213_01.xml	4/9/2020 7:52:02 PM
IMOCV202001007BR	BDPBRSAO_20200409195205001214_01.xml	4/9/2020 7:52:31 PM
IMIFB202001052BR	BDPBRSAO_20200409195233001215_01.xml	4/9/2020 7:53:07 PM
EMCSR202003130BR	BDPBRSAO_20200409195310001216_01.xml	4/9/2020 7:53:31 PM
EMCSR202003131BR	BDPBRSAO_20200409195333001217_01.xml	4/9/2020 7:53:53 PM
IMSPC202003023BR	BDPBRSAO_20200409195356001218_01.xml	4/9/2020 7:54:30 PM
IMSWB202001014BR	BDPBRSAO_20200409195433001219_01.xml	4/9/2020 7:55:00 PM
IMSWB202001110BR	BDPBRSAO_20200409195503001220_01.xml	4/9/2020 7:55:29 PM
IMSPC201906001BR	BDPBRSAO_20200409195532001221_01.xml	4/9/2020 7:55:58 PM
IMSWB202002014BR	BDPBRSAO_20200409195601001222_01.xml	4/9/2020 7:56:27 PM
EMOXT202004016BR	BDPBRSAO_20200409195629001223_01.xml	4/9/2020 7:56:55 PM
IMSWB202002074BR	BDPBRSAO_20200409195657001224_01.xml	4/9/2020 7:57:22 PM
IMLYB202004003BR	BDPBRSAO_20200409195724001225_01.xml	4/9/2020 7:57:49 PM
IMCSR202002295BR	BDPBRSAO_20200409195752001226_01.xml	4/9/2020 7:58:16 PM
IMSOL202004044BR	BDPBRSAO_20200409195818001227_01.xml	4/9/2020 7:58:44 PM
IMCSR202002288BR	BDPBRSAO_20200409195846001228_01.xml	4/9/2020 7:59:14 PM
EMOXT202004042BR	BDPBRSAO_20200409195917001229_01.xml	4/9/2020 7:59:40 PM
IACSR202001003BR	BDPBRSAO_20200409195942001230_01.xml	4/9/2020 8:00:36 PM
EMARC202004010BR	BDPBRSAO_20200409200039001231_01.xml	4/9/2020 8:00:59 PM
EMOXT202004015BR	BDPBRSAO_20200409200101001232_01.xml	4/9/2020 8:01:32 PM
IMCTV201911006BR	BDPBRSAO_20200409200135001233_01.xml	4/9/2020 8:02:07 PM
IMCBT202003049BR	BDPBRSAO_20200409200210001234_01.xml	4/9/2020 8:02:38 PM
EMOXT202003197BR	BDPBRSAO_20200409200241001235_01.xml	4/9/2020 8:03:16 PM
IMCBT202003034BR	BDPBRSAO_20200409200319001236_01.xml	4/9/2020 8:03:51 PM
IASWB202003009BR	BDPBRSAO_20200409200354001237_01.xml	4/9/2020 8:04:30 PM
IMEXO202003010BR	BDPBRSAO_20200409200433001238_01.xml	4/9/2020 8:05:01 PM
IMLYB202004004BR	BDPBRSAO_20200409200504001239_01.xml	4/9/2020 8:05:35 PM
EMOXT202004024BR	BDPBRSAO_20200409200538001240_01.xml	4/9/2020 8:06:15 PM
IMCTV202001023BR	BDPBRSAO_20200409200619001241_01.xml	4/9/2020 8:06:46 PM
EMOXT202004070BR	BDPBRSAO_20200409200649001242_01.xml	4/9/2020 8:07:25 PM
IMLYB202004005BR	BDPBRSAO_20200409200729001243_01.xml	4/9/2020 8:08:05 PM
EMOXT202004021BR	BDPBRSAO_20200409200809001244_01.xml	4/9/2020 8:08:44 PM
IACSR202001023BR	BDPBRSAO_20200409200848001245_01.xml	4/9/2020 8:09:26 PM
IMCSR202003065BR	BDPBRSAO_20200409200931001246_01.xml	4/9/2020 8:10:02 PM
EMOXT202004020BR	BDPBRSAO_20200409201006001247_01.xml	4/9/2020 8:11:11 PM
IAATN202002009BR	BDPBRSAO_20200409201115001248_01.xml	4/9/2020 8:11:41 PM
IACBT202003006BR	BDPBRSAO_20200409201145001249_01.xml	4/9/2020 8:12:19 PM
IACLA202003001BR	BDPBRSAO_20200409201222001250_01.xml	4/9/2020 8:12:48 PM
IACSR202004001BR	BDPBRSAO_20200409201252001251_01.xml	4/9/2020 8:13:23 PM
IACSR202004002BR	BDPBRSAO_20200409201326001252_01.xml	4/9/2020 8:13:59 PM
IASWB202003019BR	BDPBRSAO_20200409201403001253_01.xml	4/9/2020 8:14:47 PM
IMATN202003001BR	BDPBRSAO_20200409201451001254_01.xml	4/9/2020 8:15:40 PM
IMCBT202001002BR	BDPBRSAO_20200409201544001255_01.xml	4/9/2020 8:16:23 PM
IMCBT202003002BR	BDPBRSAO_20200409201626001256_01.xml	4/9/2020 8:17:07 PM
IMCBT202003024BR	BDPBRSAO_20200409201710001257_01.xml	4/9/2020 8:17:43 PM
IMCBT202003027BR	BDPBRSAO_20200409201747001258_01.xml	4/9/2020 8:18:17 PM
IMCSR201912071BR	BDPBRSAO_20200409201820001259_01.xml	4/9/2020 8:18:51 PM
IMCSR202001038BR	BDPBRSAO_20200409201854001260_01.xml	4/9/2020 8:19:25 PM
IMCSR202002214BR	BDPBRSAO_20200409201958001261_01.xml	4/9/2020 8:20:42 PM
EMOXT201912135BR	BDPBRSAO_20200409202045001262_01.xml	4/9/2020 8:21:20 PM
EMOXT202001247BR	BDPBRSAO_20200409202124001263_01.xml	4/9/2020 8:21:56 PM
EMOXT202002066BR	BDPBRSAO_20200409202159001264_01.xml	4/9/2020 8:22:33 PM
EMOXT202003121BR	BDPBRSAO_20200409202236001265_01.xml	4/9/2020 8:23:22 PM
EMOXT202003154BR	BDPBRSAO_20200409202325001266_01.xml	4/9/2020 8:24:01 PM
IMCSR202002316BR	BDPBRSAO_20200409202404001267_01.xml	4/9/2020 8:24:34 PM
IMCSR202003177BR	BDPBRSAO_20200409202437001268_01.xml	4/9/2020 8:25:13 PM
IMCSR202003202BR	BDPBRSAO_20200409202516001269_01.xml	4/9/2020 8:25:45 PM
IMCSR202003221BR	BDPBRSAO_20200409202549001270_01.xml	4/9/2020 8:26:24 PM
IMCSR202003368BR	BDPBRSAO_20200409202627001271_01.xml	4/9/2020 8:26:57 PM
IMCSR202003370BR	BDPBRSAO_20200409202659001272_01.xml	4/9/2020 8:27:26 PM
IMCSR202003371BR	BDPBRSAO_20200409202729001273_01.xml	4/9/2020 8:27:57 PM
IMCSR202003372BR	BDPBRSAO_20200409202800001274_01.xml	4/9/2020 8:28:29 PM
IMCSR202003373BR	BDPBRSAO_20200409202832001275_01.xml	4/9/2020 8:28:59 PM
IMLYB202004006BR	BDPBRSAO_20200409202902001276_01.xml	4/9/2020 8:29:31 PM
IMCSR202003374BR	BDPBRSAO_20200409202934001277_01.xml	4/9/2020 8:30:12 PM
IMCSR202003378BR	BDPBRSAO_20200409203021001278_01.xml	4/9/2020 8:30:58 PM
IMCSR202003379BR	BDPBRSAO_20200409203102001279_01.xml	4/9/2020 8:31:35 PM
IMCSR202003430BR	BDPBRSAO_20200409203139001280_01.xml	4/9/2020 8:32:38 PM
IMCSR202003463BR	BDPBRSAO_20200409203243001281_01.xml	4/9/2020 8:33:24 PM
IMCTV201912071BR	BDPBRSAO_20200409203328001282_01.xml	4/9/2020 8:33:58 PM
IMCTV201912074BR	BDPBRSAO_20200409203401001283_01.xml	4/9/2020 8:34:32 PM
IMCTV201912076BR	BDPBRSAO_20200409203435001284_01.xml	4/9/2020 8:35:08 PM
IMCTV201912077BR	BDPBRSAO_20200409203515001285_01.xml	4/9/2020 8:35:46 PM
IMCTV201912078BR	BDPBRSAO_20200409203549001286_01.xml	4/9/2020 8:36:20 PM
IMEAS202003015BR	BDPBRSAO_20200409203624001287_01.xml	4/9/2020 8:37:05 PM
EMOXT202004072BR	BDPBRSAO_20200409203708001288_01.xml	4/9/2020 8:37:33 PM
IMSLA202003015BR	BDPBRSAO_20200409203736001289_01.xml	4/9/2020 8:38:02 PM
IMSOL202002124BR	BDPBRSAO_20200409203805001290_01.xml	4/9/2020 8:38:30 PM
IMSPC202003010BR	BDPBRSAO_20200409203833001291_01.xml	4/9/2020 8:39:03 PM
IMSPC202003030BR	BDPBRSAO_20200409203907001292_01.xml	4/9/2020 8:39:35 PM
IMSPC202003031BR	BDPBRSAO_20200409203938001293_01.xml	4/9/2020 8:40:05 PM
IMSPC202003054BR	BDPBRSAO_20200409204008001294_01.xml	4/9/2020 8:40:35 PM
IMSPC202003055BR	BDPBRSAO_20200409204038001295_01.xml	4/9/2020 8:41:03 PM
IMLYB202004007BR	BDPBRSAO_20200409204106001296_01.xml	4/9/2020 8:41:30 PM
IMSOL202001087BR	BDPBRSAO_20200409204133001297_01.xml	4/9/2020 8:41:58 PM
IACSR202003006BR	BDPBRSAO_20200409204202001298_01.xml	4/9/2020 8:42:25 PM
EMSLA202003004BR	BDPBRSAO_20200409204228001299_01.xml	4/9/2020 8:42:56 PM
IMLYB202002020BR	BDPBRSAO_20200409204259001300_01.xml	4/9/2020 8:53:01 PM
EMOXT202003190BR	BDPBRSAO_20200409205305001301_01.xml	4/9/2020 8:53:31 PM
IMCBT202003011BR	BDPBRSAO_20200409205334001302_01.xml	4/9/2020 8:54:07 PM
IMLYB202004008BR	BDPBRSAO_20200409205409001303_01.xml	4/9/2020 8:54:39 PM
IMLYB202004009BR	BDPBRSAO_20200409205442001304_01.xml	4/9/2020 8:55:15 PM
IMSOL201909131BR	BDPBRSAO_20200409205518001305_01.xml	4/9/2020 8:55:48 PM
IMSWB202001059BR	BDPBRSAO_20200409205551001306_01.xml	4/9/2020 8:56:21 PM
IMSWB202002070BR	BDPBRSAO_20200409205624001307_01.xml	4/9/2020 8:56:53 PM
IMSWB202002071BR	BDPBRSAO_20200409205656001308_01.xml	4/9/2020 8:57:24 PM
EOCTV202003003BR	BDPBRSAO_20200409205727001309_01.xml	4/9/2020 8:58:00 PM
IMATL202004001BR	BDPBRSAO_20200409205804001310_01.xml	4/9/2020 8:58:29 PM
EMOXT202004073BR	BDPBRSAO_20200409205831001311_01.xml	4/9/2020 8:59:01 PM
IMCTV201912080BR	BDPBRSAO_20200409205905001312_01.xml	4/9/2020 8:59:36 PM
IMCTV201912081BR	BDPBRSAO_20200409205938001313_01.xml	4/9/2020 9:00:43 PM
IMCTV202002076BR	BDPBRSAO_20200409210054001314_01.xml	4/9/2020 9:02:05 PM
IMCTV202003023BR	BDPBRSAO_20200409210209001315_01.xml	4/9/2020 9:03:06 PM
IMLYB201912021BR	BDPBRSAO_20200409210320001316_01.xml	4/9/2020 9:04:05 PM
IMOCV202001006BR	BDPBRSAO_20200409210413001317_01.xml	4/9/2020 9:04:53 PM
IMSOL202002128BR	BDPBRSAO_20200409210500001318_01.xml	4/9/2020 9:05:45 PM
IMOCV202002013BR	BDPBRSAO_20200409210557001319_01.xml	4/9/2020 9:06:35 PM
IMSLA202003025BR	BDPBRSAO_20200409210639001320_01.xml	4/9/2020 9:07:59 PM
IMSLA202003027BR	BDPBRSAO_20200409210802001321_01.xml	4/9/2020 9:09:48 PM
IMSLA202003028BR	BDPBRSAO_20200409210951001322_01.xml	4/9/2020 9:11:15 PM
IMSOL201912004BR	BDPBRSAO_20200409211118001323_01.xml	4/9/2020 9:11:53 PM
IMSOL202001086BR	BDPBRSAO_20200409211156001324_01.xml	4/9/2020 9:12:35 PM
IMSOL202001111BR	BDPBRSAO_20200409211239001325_01.xml	4/9/2020 9:13:11 PM
IMSOL202002003BR	BDPBRSAO_20200409211314001326_01.xml	4/9/2020 9:13:46 PM
IMSOL202002024BR	BDPBRSAO_20200409211349001327_01.xml	4/9/2020 9:14:22 PM
IMSOL202002025BR	BDPBRSAO_20200409211425001328_01.xml	4/9/2020 9:14:58 PM
EORHO202004002BR	BDPBRSAO_20200409211502001329_01.xml	4/9/2020 9:15:28 PM
IMSPC202003033BR	BDPBRSAO_20200409211530001330_01.xml	4/9/2020 9:16:02 PM
IMSPC202003036BR	BDPBRSAO_20200409211604001331_01.xml	4/9/2020 9:16:32 PM
IMSPC202003037BR	BDPBRSAO_20200409211635001332_01.xml	4/9/2020 9:17:03 PM
IMSWB202001008BR	BDPBRSAO_20200409211707001333_01.xml	4/9/2020 9:17:39 PM
IMSWB202001026BR	BDPBRSAO_20200409211742001334_01.xml	4/9/2020 9:18:10 PM
IMSWB202001033BR	BDPBRSAO_20200409211813001335_01.xml	4/9/2020 9:18:38 PM
IMSWB202001043BR	BDPBRSAO_20200409211840001336_01.xml	4/9/2020 9:19:10 PM
IMSWB202001046BR	BDPBRSAO_20200409211913001337_01.xml	4/9/2020 9:19:41 PM
IMSWB202001055BR	BDPBRSAO_20200409211943001338_01.xml	4/9/2020 9:20:11 PM
IMSWB202001062BR	BDPBRSAO_20200409212016001339_01.xml	4/9/2020 9:20:44 PM
IMSWB202001064BR	BDPBRSAO_20200409212046001340_01.xml	4/9/2020 9:21:15 PM
IMSWB202001071BR	BDPBRSAO_20200409212119001341_01.xml	4/9/2020 9:21:48 PM
IMSWB202002005BR	BDPBRSAO_20200409212153001342_01.xml	4/9/2020 9:22:22 PM
IMSWB202002011BR	BDPBRSAO_20200409212224001343_01.xml	4/9/2020 9:22:51 PM
IMOXT201910009BR	BDPBRSAO_20200409212253001344_01.xml	4/9/2020 9:23:20 PM
IMOXT201910039BR	BDPBRSAO_20200409212323001345_01.xml	4/9/2020 9:23:50 PM
IMOXT201910018BR	BDPBRSAO_20200409212352001346_01.xml	4/9/2020 9:24:19 PM
IMSWB202002106BR	BDPBRSAO_20200409212422001347_01.xml	4/9/2020 9:24:48 PM
IMSWB202002117BR	BDPBRSAO_20200409212451001348_01.xml	4/9/2020 9:25:20 PM
IMOXT201910023BR	BDPBRSAO_20200409212523001349_01.xml	4/9/2020 9:25:48 PM
IMOXT201912056BR	BDPBRSAO_20200409212551001350_01.xml	4/9/2020 9:26:25 PM
IMOXT201910017BR	BDPBRSAO_20200409212627001351_01.xml	4/9/2020 9:26:54 PM
IMOXT201911032BR	BDPBRSAO_20200409212656001352_01.xml	4/9/2020 9:27:32 PM
IMOXT201909044BR	BDPBRSAO_20200409212735001353_01.xml	4/9/2020 9:28:05 PM
IMOXT201909043BR	BDPBRSAO_20200409212807001354_01.xml	4/9/2020 9:28:38 PM
IMOXT201910011BR	BDPBRSAO_20200409212841001355_01.xml	4/9/2020 9:29:12 PM
IACBT202001001BR	BDPBRSAO_20200409212915001356_01.xml	4/9/2020 9:29:39 PM
IMCSR202003197BR	BDPBRSAO_20200409212942001357_01.xml	4/9/2020 9:30:13 PM
EORHO201910031BR	BDPBRSAO_20200409213017001358_01.xml	4/9/2020 9:30:50 PM
IMCSR202003241BR	BDPBRSAO_20200409213052001359_01.xml	4/9/2020 9:31:23 PM
IMSOL202003053BR	BDPBRSAO_20200409213126001360_01.xml	4/9/2020 9:31:56 PM
EORHO202001012BR	BDPBRSAO_20200409213158001361_01.xml	4/9/2020 9:32:27 PM
IASPC202004001BR	BDPBRSAO_20200409213230001362_01.xml	4/9/2020 9:32:56 PM
EORHO202003009BR	BDPBRSAO_20200409213259001363_01.xml	4/9/2020 9:33:23 PM
EORHO202003010BR	BDPBRSAO_20200409213326001364_01.xml	4/9/2020 9:33:53 PM
IMATN202004011BR	BDPBRSAO_20200409213355001365_01.xml	4/9/2020 9:34:23 PM
IMSOL201912067BR	BDPBRSAO_20200409213426001366_01.xml	4/9/2020 9:34:52 PM
IACBT202003001BR	BDPBRSAO_20200409213454001367_01.xml	4/9/2020 9:35:25 PM
IACSR202003016BR	BDPBRSAO_20200409213527001368_01.xml	4/9/2020 9:35:55 PM
IACSR202003018BR	BDPBRSAO_20200409213557001369_01.xml	4/9/2020 9:36:26 PM
IASOL202003006BR	BDPBRSAO_20200409213629001370_01.xml	4/9/2020 9:36:55 PM
IMCBT201912007BR	BDPBRSAO_20200409213657001371_01.xml	4/9/2020 9:37:27 PM
IMCSR201910309BR	BDPBRSAO_20200409213730001372_01.xml	4/9/2020 9:37:59 PM
IMCSR202001309BR	BDPBRSAO_20200409213802001373_01.xml	4/9/2020 9:38:32 PM
IMCSR202002136BR	BDPBRSAO_20200409213835001374_01.xml	4/9/2020 9:39:09 PM
IMCSR202002223BR	BDPBRSAO_20200409213912001375_01.xml	4/9/2020 9:39:41 PM
IMCSR202002227BR	BDPBRSAO_20200409213943001376_01.xml	4/9/2020 9:40:18 PM
IMCSR202002329BR	BDPBRSAO_20200409214021001377_01.xml	4/9/2020 9:40:55 PM
IMCSR202003016BR	BDPBRSAO_20200409214058001378_01.xml	4/9/2020 9:41:29 PM
IMCSR202003017BR	BDPBRSAO_20200409214132001379_01.xml	4/9/2020 9:42:00 PM
IMCSR202003018BR	BDPBRSAO_20200409214203001380_01.xml	4/9/2020 9:42:38 PM
IMCSR202003019BR	BDPBRSAO_20200409214241001381_01.xml	4/9/2020 9:43:14 PM
IMCSR202003214BR	BDPBRSAO_20200409214317001382_01.xml	4/9/2020 9:43:51 PM
IMCSR202003215BR	BDPBRSAO_20200409214354001383_01.xml	4/9/2020 9:44:29 PM
IMCSR202003217BR	BDPBRSAO_20200409214431001384_01.xml	4/9/2020 9:45:06 PM
IMCSR202003246BR	BDPBRSAO_20200409214510001385_01.xml	4/9/2020 9:45:37 PM
IMCSR202003249BR	BDPBRSAO_20200409214539001386_01.xml	4/9/2020 9:46:08 PM
IMCSR202003257BR	BDPBRSAO_20200409214611001387_01.xml	4/9/2020 9:46:41 PM
IMCSR202003266BR	BDPBRSAO_20200409214644001388_01.xml	4/9/2020 9:47:16 PM
IMCSR202003284BR	BDPBRSAO_20200409214719001389_01.xml	4/9/2020 9:47:50 PM
IMCSR202003309BR	BDPBRSAO_20200409214753001390_01.xml	4/9/2020 9:48:22 PM
IMLAN202003003BR	BDPBRSAO_20200409214825001391_01.xml	4/9/2020 9:48:43 PM
IMCSR202003310BR	BDPBRSAO_20200409214845001392_01.xml	4/9/2020 9:49:16 PM
IMCSR202003369BR	BDPBRSAO_20200409214919001393_01.xml	4/9/2020 9:49:48 PM
IMSOL202003031BR	BDPBRSAO_20200409214952001394_01.xml	4/9/2020 9:50:21 PM
IMCSR202003375BR	BDPBRSAO_20200409215025001395_01.xml	4/9/2020 9:50:54 PM
IMCSR202003380BR	BDPBRSAO_20200409215057001396_01.xml	4/9/2020 9:51:27 PM
IMCSR202003387BR	BDPBRSAO_20200409215130001397_01.xml	4/9/2020 9:51:57 PM
IMCSR202003388BR	BDPBRSAO_20200409215159001398_01.xml	4/9/2020 9:52:26 PM
IMCSR202003389BR	BDPBRSAO_20200409215229001399_01.xml	4/9/2020 9:52:57 PM
IMCSR202003396BR	BDPBRSAO_20200409215300001400_01.xml	4/9/2020 9:53:26 PM
EMCBT202004002BR	BDPBRSAO_20200409215328001401_01.xml	4/9/2020 9:54:16 PM
IMCSR202003457BR	BDPBRSAO_20200409215418001402_01.xml	4/9/2020 9:54:51 PM
IMCSR202003503BR	BDPBRSAO_20200409215454001403_01.xml	4/9/2020 9:55:25 PM
IMCTV202001004BR	BDPBRSAO_20200409215528001404_01.xml	4/9/2020 9:55:59 PM
IMCTV202001008BR	BDPBRSAO_20200409215601001405_01.xml	4/9/2020 9:56:30 PM
IMCTV202001009BR	BDPBRSAO_20200409215633001406_01.xml	4/9/2020 9:57:04 PM
IMCTV202001010BR	BDPBRSAO_20200409215707001407_01.xml	4/9/2020 9:57:39 PM
IMCTV202001011BR	BDPBRSAO_20200409215741001408_01.xml	4/9/2020 9:58:13 PM
IMCTV202001012BR	BDPBRSAO_20200409215815001409_01.xml	4/9/2020 9:58:46 PM
IMCTV202001013BR	BDPBRSAO_20200409215848001410_01.xml	4/9/2020 9:59:20 PM
IMCTV202001060BR	BDPBRSAO_20200409215923001411_01.xml	4/9/2020 9:59:49 PM
IMCTV202001064BR	BDPBRSAO_20200409215952001412_01.xml	4/9/2020 10:00:26 PM
IMCTV202002009BR	BDPBRSAO_20200409220029001413_01.xml	4/9/2020 10:00:57 PM
IMCTV202002010BR	BDPBRSAO_20200409220100001414_01.xml	4/9/2020 10:01:28 PM
IMCTV202002011BR	BDPBRSAO_20200409220131001415_01.xml	4/9/2020 10:01:59 PM
IMCTV202002012BR	BDPBRSAO_20200409220202001416_01.xml	4/9/2020 10:02:31 PM
IMCTV202002013BR	BDPBRSAO_20200409220234001417_01.xml	4/9/2020 10:02:59 PM
IMCTV202002023BR	BDPBRSAO_20200409220302001418_01.xml	4/9/2020 10:03:30 PM
IMCTV202003002BR	BDPBRSAO_20200409220333001419_01.xml	4/9/2020 10:03:59 PM
IMCTV202003026BR	BDPBRSAO_20200409220402001420_01.xml	4/9/2020 10:04:29 PM
IMCTV202003027BR	BDPBRSAO_20200409220432001421_01.xml	4/9/2020 10:04:58 PM
IMEAS202003005BR	BDPBRSAO_20200409220500001422_01.xml	4/9/2020 10:05:36 PM
IMEAS202003006BR	BDPBRSAO_20200409220550001423_01.xml	4/9/2020 10:06:16 PM
IMEAS202004002BR	BDPBRSAO_20200409220619001424_01.xml	4/9/2020 10:06:43 PM
IMIFB202001059BR	BDPBRSAO_20200409220645001425_01.xml	4/9/2020 10:07:10 PM
IMIFB202001060BR	BDPBRSAO_20200409220713001426_01.xml	4/9/2020 10:07:39 PM
IMLYB202001017BR	BDPBRSAO_20200409220741001427_01.xml	4/9/2020 10:08:07 PM
IMLYB202002001BR	BDPBRSAO_20200409220810001428_01.xml	4/9/2020 10:08:34 PM
IMMAU202003010BR	BDPBRSAO_20200409220838001429_01.xml	4/9/2020 10:09:16 PM
IMSLA202003019BR	BDPBRSAO_20200409220919001430_01.xml	4/9/2020 10:09:44 PM
IMSLA202003043BR	BDPBRSAO_20200409220947001431_01.xml	4/9/2020 10:10:14 PM
IMSLA202004002BR	BDPBRSAO_20200409221017001432_01.xml	4/9/2020 10:11:37 PM
IMSLA202004003BR	BDPBRSAO_20200409221140001433_01.xml	4/9/2020 10:12:05 PM
IMSLA202004007BR	BDPBRSAO_20200409221207001434_01.xml	4/9/2020 10:12:32 PM
IMSOL201911034BR	BDPBRSAO_20200409221235001435_01.xml	4/9/2020 10:13:01 PM
IMSOL201912073BR	BDPBRSAO_20200409221303001436_01.xml	4/9/2020 10:13:29 PM
IMSOL202001012BR	BDPBRSAO_20200409221331001437_01.xml	4/9/2020 10:14:00 PM
IMSOL202002136BR	BDPBRSAO_20200409221402001438_01.xml	4/9/2020 10:14:27 PM
IMSPC202003021BR	BDPBRSAO_20200409221429001439_01.xml	4/9/2020 10:14:59 PM
IOATN202003002BR	BDPBRSAO_20200409221502001440_01.xml	4/9/2020 10:15:28 PM
EMARC202004011BR	BDPBRSAO_20200409221531001441_01.xml	4/9/2020 10:15:54 PM
IMSOL202003033BR	BDPBRSAO_20200409221556001442_01.xml	4/9/2020 10:16:25 PM
IAATN202002002BR	BDPBRSAO_20200409221627001443_01.xml	4/9/2020 10:16:53 PM
IMATL202004025BR	BDPBRSAO_20200409221656001444_01.xml	4/9/2020 10:17:15 PM
IMIFB202001057BR	BDPBRSAO_20200409221717001445_01.xml	4/9/2020 10:17:46 PM
IMLYB202002019BR	BDPBRSAO_20200409221748001446_01.xml	4/9/2020 10:25:24 PM
IMSLA202003026BR	BDPBRSAO_20200409222528001447_01.xml	4/9/2020 10:26:31 PM
IMSOL202001041BR	BDPBRSAO_20200409222633001448_01.xml	4/9/2020 10:27:05 PM
IMSOL202001046BR	BDPBRSAO_20200409222707001449_01.xml	4/9/2020 10:27:36 PM
IMSOL202001049BR	BDPBRSAO_20200409222738001450_01.xml	4/9/2020 10:28:04 PM
IMSOL202001062BR	BDPBRSAO_20200409222806001451_01.xml	4/9/2020 10:28:34 PM
IMSOL202001077BR	BDPBRSAO_20200409222836001452_01.xml	4/9/2020 10:29:12 PM
IMSOL202001110BR	BDPBRSAO_20200409222916001453_01.xml	4/9/2020 10:29:49 PM
IMSOL202002004BR	BDPBRSAO_20200409222951001454_01.xml	4/9/2020 10:30:24 PM
IMSOL202002005BR	BDPBRSAO_20200409223028001455_01.xml	4/9/2020 10:30:58 PM
IMSOL202002007BR	BDPBRSAO_20200409223101001456_01.xml	4/9/2020 10:31:36 PM
IMSOL202002023BR	BDPBRSAO_20200409223139001457_01.xml	4/9/2020 10:32:07 PM
IMSOL202002026BR	BDPBRSAO_20200409223210001458_01.xml	4/9/2020 10:32:38 PM
IMSOL202002027BR	BDPBRSAO_20200409223241001459_01.xml	4/9/2020 10:33:12 PM
IMSOL202002047BR	BDPBRSAO_20200409223315001460_01.xml	4/9/2020 10:33:45 PM
IMSPC202003051BR	BDPBRSAO_20200409223347001461_01.xml	4/9/2020 10:34:18 PM
IMSPC202003056BR	BDPBRSAO_20200409223421001462_01.xml	4/9/2020 10:34:48 PM
IMSPC202003057BR	BDPBRSAO_20200409223450001463_01.xml	4/9/2020 10:35:21 PM
IMSPC202004001BR	BDPBRSAO_20200409223523001464_01.xml	4/9/2020 10:35:51 PM
IMSWB202001090BR	BDPBRSAO_20200409223553001465_01.xml	4/9/2020 10:36:22 PM
IMSWB202002008BR	BDPBRSAO_20200409223624001466_01.xml	4/9/2020 10:36:54 PM
IMSWB202002023BR	BDPBRSAO_20200409223657001467_01.xml	4/9/2020 10:37:25 PM
IMTAM202003007BR	BDPBRSAO_20200409223728001468_01.xml	4/9/2020 10:39:12 PM
IMTAM202003012BR	BDPBRSAO_20200409223915001469_01.xml	4/9/2020 10:39:47 PM
IMUPM202003006BR	BDPBRSAO_20200409223949001470_01.xml	4/9/2020 10:40:27 PM
IMSOL202003032BR	BDPBRSAO_20200409224030001471_01.xml	4/9/2020 10:40:56 PM
IMSOL202003049BR	BDPBRSAO_20200409224059001472_01.xml	4/9/2020 10:41:29 PM
IOOXT201803002BR	BDPBRSAO_20200409224132001473_01.xml	4/9/2020 10:42:02 PM
IMOXT201812029BR	BDPBRSAO_20200409224205001474_01.xml	4/9/2020 10:42:40 PM
IMOXT201808033BR	BDPBRSAO_20200409224243001475_01.xml	4/9/2020 10:43:15 PM
IOOXT202001001BR	BDPBRSAO_20200409224317001476_01.xml	4/9/2020 10:43:48 PM
IOOXT201912003BR	BDPBRSAO_20200409224352001477_01.xml	4/9/2020 10:44:18 PM
IMOXT201902016BR	BDPBRSAO_20200409224420001478_01.xml	4/9/2020 10:44:47 PM
IMSWB202001072BR	BDPBRSAO_20200409224449001479_01.xml	4/9/2020 10:45:15 PM
IMSWB202001107BR	BDPBRSAO_20200409224517001480_01.xml	4/9/2020 10:45:42 PM
IMSOL202002146BR	BDPBRSAO_20200409224544001481_01.xml	4/9/2020 10:46:21 PM
IMSWB202002021BR	BDPBRSAO_20200409224623001482_01.xml	4/9/2020 10:46:46 PM
IMCTV202004096BR	BDPBRSAO_20200409224649001483_01.xml	4/9/2020 10:47:10 PM
EORHO202001020BR	BDPBRSAO_20200409224712001484_01.xml	4/9/2020 10:47:35 PM
EORHO202001047BR	BDPBRSAO_20200409224737001485_01.xml	4/9/2020 10:47:58 PM
IACBT202003004BR	BDPBRSAO_20200409224800001486_01.xml	4/9/2020 10:48:24 PM
IACBT202003005BR	BDPBRSAO_20200409224826001487_01.xml	4/9/2020 10:48:49 PM
IAOXT201906001BR	BDPBRSAO_20200409224853001488_01.xml	4/9/2020 10:49:16 PM
IMOXT201805006BR	BDPBRSAO_20200409224918001489_01.xml	4/9/2020 10:49:45 PM
IAOXT201808005BR	BDPBRSAO_20200409224948001490_01.xml	4/9/2020 10:50:14 PM
IMOXT202002003BR	BDPBRSAO_20200409225018001491_01.xml	4/9/2020 10:50:50 PM
IAOXT201803006BR	BDPBRSAO_20200409225052001492_01.xml	4/9/2020 10:51:24 PM
IMOXT201907015BR	BDPBRSAO_20200409225126001493_01.xml	4/9/2020 10:52:04 PM
IMOXT201909009BR	BDPBRSAO_20200409225207001494_01.xml	4/9/2020 10:52:37 PM
IMOXT201905022BR	BDPBRSAO_20200409225239001495_01.xml	4/9/2020 10:53:07 PM
IAOXT202002006BR	BDPBRSAO_20200409225309001496_01.xml	4/9/2020 10:53:34 PM
IMOXT201809004BR	BDPBRSAO_20200409225337001497_01.xml	4/9/2020 10:54:03 PM
IMOXT201801037BR	BDPBRSAO_20200409225405001498_01.xml	4/9/2020 10:54:30 PM
IMOXT201811030BR	BDPBRSAO_20200409225432001499_01.xml	4/9/2020 10:54:57 PM
IAOXT202003006BR	BDPBRSAO_20200409225459001500_01.xml	4/9/2020 10:55:22 PM
IMOXT201812047BR	BDPBRSAO_20200409225525001501_01.xml	4/9/2020 10:55:54 PM
EORHO202003012BR	BDPBRSAO_20200409225556001502_01.xml	4/9/2020 10:56:23 PM
IAOXT202002003BR	BDPBRSAO_20200409225625001503_01.xml	4/9/2020 10:56:47 PM
IMOXT202001018BR	BDPBRSAO_20200409225649001504_01.xml	4/9/2020 10:57:11 PM
IMOXT201805023BR	BDPBRSAO_20200409225714001505_01.xml	4/9/2020 10:57:40 PM
IMOXT201908024BR	BDPBRSAO_20200409225743001506_01.xml	4/9/2020 10:58:11 PM
IMOXT201801003BR	BDPBRSAO_20200409225813001507_01.xml	4/9/2020 10:58:39 PM
IOOXT202003024BR	BDPBRSAO_20200409225843001508_01.xml	4/9/2020 10:59:05 PM
IMOXT201802009BR	BDPBRSAO_20200409225907001509_01.xml	4/9/2020 10:59:34 PM
IMOXT201806020BR	BDPBRSAO_20200409225936001510_01.xml	4/9/2020 11:00:10 PM
IMOXT201910024BR	BDPBRSAO_20200409230014001511_01.xml	4/9/2020 11:00:50 PM
IMOXT201911026BR	BDPBRSAO_20200409230053001512_01.xml	4/9/2020 11:01:28 PM
IMOXT201902005BR	BDPBRSAO_20200409230130001513_01.xml	4/9/2020 11:02:00 PM
IOOXT202003014BR	BDPBRSAO_20200409230202001514_01.xml	4/9/2020 11:02:30 PM
IMOXT201807036BR	BDPBRSAO_20200409230233001515_01.xml	4/9/2020 11:03:09 PM
IMCSR202003283BR	BDPBRSAO_20200409230312001516_01.xml	4/9/2020 11:03:49 PM
IOOXT202003022BR	BDPBRSAO_20200409230352001517_01.xml	4/9/2020 11:04:19 PM
IMOXT202001017BR	BDPBRSAO_20200409230422001518_01.xml	4/9/2020 11:04:50 PM
EORHO202003001BR	BDPBRSAO_20200409230453001519_01.xml	4/9/2020 11:05:20 PM
EORHO202003003BR	BDPBRSAO_20200409230524001520_01.xml	4/9/2020 11:05:47 PM
IMSOL202002050BR	BDPBRSAO_20200409230549001521_01.xml	4/9/2020 11:06:16 PM
EORHO202002028BR	BDPBRSAO_20200409230618001522_01.xml	4/9/2020 11:06:42 PM
IMCSR202003327BR	BDPBRSAO_20200409230644001523_01.xml	4/9/2020 11:07:14 PM
IMSWB202004012BR	BDPBRSAO_20200409230717001524_01.xml	4/9/2020 11:07:42 PM
IMCSR202003549BR	BDPBRSAO_20200409230744001525_01.xml	4/9/2020 11:08:14 PM
IAATH202004001BR	BDPBRSAO_20200409230817001526_01.xml	4/9/2020 11:08:33 PM
IMCSR202003590BR	BDPBRSAO_20200409230835001527_01.xml	4/9/2020 11:09:02 PM
IMSOL202003048BR	BDPBRSAO_20200409230905001528_01.xml	4/9/2020 11:09:33 PM
IMSWB202002118BR	BDPBRSAO_20200409230936001529_01.xml	4/9/2020 11:10:03 PM
IMCSR202003004BR	BDPBRSAO_20200409231006001530_01.xml	4/9/2020 11:10:39 PM
IMCSR202003286BR	BDPBRSAO_20200409231041001531_01.xml	4/9/2020 11:11:14 PM
EORHO202003032BR	BDPBRSAO_20200409231117001532_01.xml	4/9/2020 11:11:54 PM
IMCSR202003208BR	BDPBRSAO_20200409231157001533_01.xml	4/9/2020 11:12:27 PM
IMCSR202003209BR	BDPBRSAO_20200409231229001534_01.xml	4/9/2020 11:13:05 PM
IMSWB202002078BR	BDPBRSAO_20200409231308001535_01.xml	4/9/2020 11:13:37 PM
IMCSR202001538BR	BDPBRSAO_20200409231341001536_01.xml	4/9/2020 11:14:10 PM
IMCTV202002041BR	BDPBRSAO_20200409231413001537_01.xml	4/9/2020 11:14:45 PM
IMCSR202001568BR	BDPBRSAO_20200409231447001538_01.xml	4/9/2020 11:15:17 PM
IMCSR202001569BR	BDPBRSAO_20200409231520001539_01.xml	4/9/2020 11:15:47 PM
IMCTV202001073BR	BDPBRSAO_20200409231550001540_01.xml	4/9/2020 11:16:13 PM
IMCSR202001570BR	BDPBRSAO_20200409231615001541_01.xml	4/9/2020 11:16:40 PM
IMCSR202001572BR	BDPBRSAO_20200409231643001542_01.xml	4/9/2020 11:17:08 PM
IMCSR202001583BR	BDPBRSAO_20200409231710001543_01.xml	4/9/2020 11:17:39 PM
IMCSR202001551BR	BDPBRSAO_20200409231741001544_01.xml	4/9/2020 11:18:11 PM
IMCSR202001544BR	BDPBRSAO_20200409231813001545_01.xml	4/9/2020 11:18:41 PM
EORHO202003031BR	BDPBRSAO_20200409231844001546_01.xml	4/9/2020 11:19:15 PM
IMCSR202002110BR	BDPBRSAO_20200409231917001547_01.xml	4/9/2020 11:19:48 PM
IMSWB202003114BR	BDPBRSAO_20200409231951001548_01.xml	4/9/2020 11:20:23 PM
IMCSR202002113BR	BDPBRSAO_20200409232026001549_01.xml	4/9/2020 11:20:56 PM
IMCSR202002092BR	BDPBRSAO_20200409232058001550_01.xml	4/9/2020 11:21:28 PM
EMCSR202004015BR	BDPBRSAO_20200409232131001551_01.xml	4/9/2020 11:21:54 PM
IMCSR202001487BR	BDPBRSAO_20200409232156001552_01.xml	4/9/2020 11:22:25 PM
IMSWB202003024BR	BDPBRSAO_20200409232227001553_01.xml	4/9/2020 11:22:48 PM
IMEAS202003002BR	BDPBRSAO_20200409232250001554_01.xml	4/9/2020 11:23:11 PM
IMCSR202001550BR	BDPBRSAO_20200409232313001555_01.xml	4/9/2020 11:23:38 PM
IMCSR202002190BR	BDPBRSAO_20200409232340001556_01.xml	4/9/2020 11:24:03 PM
IMSOL201912065BR	BDPBRSAO_20200409232405001557_01.xml	4/9/2020 11:24:33 PM
EORHO202003037BR	BDPBRSAO_20200409232435001558_01.xml	4/9/2020 11:25:03 PM
IMCTV202001046BR	BDPBRSAO_20200409232505001559_01.xml	4/9/2020 11:25:32 PM
IMSWB202002132BR	BDPBRSAO_20200409232535001560_01.xml	4/9/2020 11:26:00 PM
EMCSR202003136BR	BDPBRSAO_20200409232603001561_01.xml	4/9/2020 11:26:21 PM
IMSOL202003014BR	BDPBRSAO_20200409232623001562_01.xml	4/9/2020 11:26:46 PM
IMSOL202002134BR	BDPBRSAO_20200409232648001563_01.xml	4/9/2020 11:27:10 PM
IMSOL202002137BR	BDPBRSAO_20200409232712001564_01.xml	4/9/2020 11:27:35 PM
IMSWB202003067BR	BDPBRSAO_20200409232737001565_01.xml	4/9/2020 11:28:00 PM
IMCSR202002207BR	BDPBRSAO_20200409232802001566_01.xml	4/9/2020 11:28:36 PM
IMSWB201912069BR	BDPBRSAO_20200409232839001567_01.xml	4/9/2020 11:29:08 PM
EORHO202003033BR	BDPBRSAO_20200409232911001568_01.xml	4/9/2020 11:29:34 PM
IMSOL202001005BR	BDPBRSAO_20200409232936001569_01.xml	4/9/2020 11:30:02 PM
EORHO202003034BR	BDPBRSAO_20200409233006001570_01.xml	4/9/2020 11:30:30 PM
IMSWB202002084BR	BDPBRSAO_20200409233042001571_01.xml	4/9/2020 11:31:12 PM
IMCSR202003601BR	BDPBRSAO_20200409233115001572_01.xml	4/9/2020 11:31:44 PM
IMCSR202003444BR	BDPBRSAO_20200409233148001573_01.xml	4/9/2020 11:32:14 PM
IMCSR202003538BR	BDPBRSAO_20200409233216001574_01.xml	4/9/2020 11:32:48 PM
IMCSR202003128BR	BDPBRSAO_20200409233250001575_01.xml	4/9/2020 11:33:18 PM
IMOCV202001003BR	BDPBRSAO_20200409233321001576_01.xml	4/9/2020 11:33:57 PM
IMCSR202003157BR	BDPBRSAO_20200409233400001577_01.xml	4/9/2020 11:34:40 PM
IMSOL202001003BR	BDPBRSAO_20200409233444001578_01.xml	4/9/2020 11:35:16 PM
IMSWB201910155BR	BDPBRSAO_20200409233520001579_01.xml	4/9/2020 11:35:47 PM
IMCSR202002115BR	BDPBRSAO_20200409233549001580_01.xml	4/9/2020 11:36:14 PM
IMCSR202003159BR	BDPBRSAO_20200409233616001581_01.xml	4/9/2020 11:36:41 PM
IMCSR202001608BR	BDPBRSAO_20200409233643001582_01.xml	4/9/2020 11:37:05 PM
IMCSR202003542BR	BDPBRSAO_20200409233708001583_01.xml	4/9/2020 11:37:30 PM
IMCSR202003105BR	BDPBRSAO_20200409233733001584_01.xml	4/9/2020 11:37:57 PM
IMCSR202003104BR	BDPBRSAO_20200409233759001585_01.xml	4/9/2020 11:38:26 PM
IMCSR202003139BR	BDPBRSAO_20200409233828001586_01.xml	4/9/2020 11:38:53 PM
IMCSR202003136BR	BDPBRSAO_20200409233855001587_01.xml	4/9/2020 11:39:19 PM
EORHO202003045BR	BDPBRSAO_20200409233922001588_01.xml	4/9/2020 11:39:42 PM
IMCSR202002184BR	BDPBRSAO_20200409233945001589_01.xml	4/9/2020 11:40:12 PM
IACBT202003008BR	BDPBRSAO_20200409234015001590_01.xml	4/9/2020 11:43:55 PM
IMSOL202001100BR	BDPBRSAO_20200409234357001591_01.xml	4/9/2020 11:44:21 PM
IMCSR202003323BR	BDPBRSAO_20200409234423001592_01.xml	4/9/2020 11:44:49 PM
IMCSR202003324BR	BDPBRSAO_20200409234451001593_01.xml	4/9/2020 11:45:18 PM
IMCSR202003328BR	BDPBRSAO_20200409234521001594_01.xml	4/9/2020 11:45:49 PM
IMCSR202003574BR	BDPBRSAO_20200409234552001595_01.xml	4/9/2020 11:46:23 PM
IMCSR202003575BR	BDPBRSAO_20200409234625001596_01.xml	4/9/2020 11:46:51 PM
IMCSR202003585BR	BDPBRSAO_20200409234653001597_01.xml	4/9/2020 11:47:20 PM
IMCSR202003594BR	BDPBRSAO_20200409234722001598_01.xml	4/9/2020 11:47:51 PM
IOCSR202004007BR	BDPBRSAO_20200409234754001599_01.xml	4/9/2020 11:48:22 PM
IMSOL202002147BR	BDPBRSAO_20200409234825001600_01.xml	4/9/2020 11:49:01 PM
EORHO202003017BR	BDPBRSAO_20200409234904001601_01.xml	4/9/2020 11:49:29 PM
IOCSR202004005BR	BDPBRSAO_20200409234934001602_01.xml	4/9/2020 11:49:58 PM
IOCSR202004006BR	BDPBRSAO_20200409235001001603_01.xml	4/9/2020 11:50:30 PM
IMSOL202002032BR	BDPBRSAO_20200409235034001604_01.xml	4/9/2020 11:51:04 PM
IOCSR202004004BR	BDPBRSAO_20200409235107001605_01.xml	4/9/2020 11:51:45 PM
EMCSR202003009BR	BDPBRSAO_20200409235148001606_01.xml	4/9/2020 11:52:14 PM
EMCSR202003127BR	BDPBRSAO_20200409235218001607_01.xml	4/9/2020 11:52:44 PM
EMCSR202002050BR	BDPBRSAO_20200409235247001608_01.xml	4/9/2020 11:53:13 PM
EMCSR202002048BR	BDPBRSAO_20200409235316001609_01.xml	4/9/2020 11:53:37 PM
EMCSR202003104BR	BDPBRSAO_20200409235341001610_01.xml	4/9/2020 11:54:03 PM
EMCSR202003107BR	BDPBRSAO_20200409235406001611_01.xml	4/9/2020 11:54:25 PM
EMCSR202003105BR	BDPBRSAO_20200409235428001612_01.xml	4/9/2020 11:54:49 PM
IMSLA202003018BR	BDPBRSAO_20200409235451001613_01.xml	4/9/2020 11:55:23 PM
EMCSR202001086BR	BDPBRSAO_20200409235525001614_01.xml	4/9/2020 11:55:48 PM
EMCSR202003113BR	BDPBRSAO_20200409235551001615_01.xml	4/9/2020 11:56:12 PM
EMCSR202004001BR	BDPBRSAO_20200409235614001616_01.xml	4/9/2020 11:56:33 PM
IMSLA202003021BR	BDPBRSAO_20200409235635001617_01.xml	4/9/2020 11:57:00 PM
IOCSR202004002BR	BDPBRSAO_20200409235702001618_01.xml	4/9/2020 11:57:26 PM
IOCSR202004003BR	BDPBRSAO_20200409235728001619_01.xml	4/9/2020 11:57:54 PM
IOCSR202004001BR	BDPBRSAO_20200409235757001620_01.xml	4/9/2020 11:58:22 PM
IMSLA202003030BR	BDPBRSAO_20200409235824001621_01.xml	4/9/2020 11:58:52 PM
EMCSR202003128BR	BDPBRSAO_20200409235854001622_01.xml	4/9/2020 11:59:14 PM
EMOXT202004089BR	BDPBRSAO_20200409235916001623_01.xml	4/9/2020 11:59:40 PM
